"";"Land";"Elev-ID";"Skole-ID";"Trinn";"Kjønn";"Forventet utdanning";"Likestilling";"Sosioøkonomisk status"
"1";"Spania";"50010201";"5001";8;"Gutt";"Høyere utdanning";34,6202;1,17735
"2";"Spania";"50010202";"5001";8;"Jente";"VGS";52,66245;0,93735
"3";"Spania";"50010205";"5001";8;"Jente";"Høyere utdanning";65,704;0,8122
"4";"Spania";"50010206";"5001";8;"Gutt";"VGS";46,81653;0,79747
"5";"Spania";"50010207";"5001";8;"Gutt";"Høyere utdanning";39,20663;0,13638
"6";"Spania";"50010208";"5001";8;"Gutt";"VGS";49,42491;0,06782
"7";"Spania";"50010209";"5001";8;"Jente";"Høyere utdanning";65,704;-0,31582
"8";"Spania";"50010210";"5001";8;"Jente";"Høyere utdanning";52,66245;0,57663
"9";"Spania";"50010211";"5001";8;"Jente";"Høyere utdanning";39,20663;0,11038
"10";"Spania";"50010212";"5001";8;"Gutt";"Høyere utdanning";42,6371;0,24839
"11";"Spania";"50010213";"5001";8;"Jente";"VGS";65,704;0,17825
"12";"Spania";"50010214";"5001";8;"Gutt";"Kort utdanning";65,704;-1,37739
"13";"Spania";"50010215";"5001";8;"Jente";"VGS";65,704;0,45358
"14";"Spania";"50010216";"5001";8;"Gutt";"VGS";65,704;1,32311
"15";"Spania";"50010217";"5001";8;"Gutt";"Kort utdanning";44,59585;1,1479
"16";"Spania";"50010218";"5001";8;"Jente";"VGS";65,704;1,34814
"17";"Spania";"50010219";"5001";8;"Gutt";"Kort utdanning";34,6202;-0,68097
"18";"Spania";"50010220";"5001";8;"Gutt";"VGS";65,704;-1,01456
"19";"Spania";"50010221";"5001";8;"Jente";"Høyere utdanning";65,704;-1,06462
"20";"Spania";"50010222";"5001";8;"Gutt";"VGS";49,42491;0,65172
"21";"Spania";"50010223";"5001";8;"Gutt";"VGS";65,704;0,76214
"22";"Spania";"50020201";"5002";8;"Gutt";"Høyere utdanning";46,81653;0,21147
"23";"Spania";"50020202";"5002";8;"Jente";"VGS";46,81653;-1,00425
"24";"Spania";"50020203";"5002";8;"Jente";"Ungdomsskole";46,81653;0,03626
"25";"Spania";"50020204";"5002";8;"Jente";"Høyere utdanning";42,6371;1,49832
"26";"Spania";"50020205";"5002";8;"Gutt";"Høyere utdanning";42,6371;0,8019
"27";"Spania";"50020206";"5002";8;"Gutt";"Høyere utdanning";65,704;0,8019
"28";"Spania";"50020207";"5002";8;"Jente";"Kort utdanning";52,66245;-1,98631
"29";"Spania";"50020209";"5002";8;"Gutt";"VGS";65,704;-1,12498
"30";"Spania";"50020210";"5002";8;"Gutt";"Kort utdanning";57,13913;0,41172
"31";"Spania";"50020211";"5002";8;"Gutt";"Høyere utdanning";62,87645;0,25123
"32";"Spania";"50020212";"5002";8;"Jente";"Ungdomsskole";57,13913;0,0449
"33";"Spania";"50020213";"5002";8;"Jente";"Høyere utdanning";52,66245;-1,32522
"34";"Spania";"50020214";"5002";8;"Gutt";"Kort utdanning";65,704;-0,24515
"35";"Spania";"50020215";"5002";8;"Gutt";"VGS";42,6371;-0,91654
"36";"Spania";"50020216";"5002";8;"Gutt";"VGS";39,20663;-1,68595
"37";"Spania";"50020218";"5002";8;"Gutt";"VGS";42,6371;-1,31015
"38";"Spania";"50020219";"5002";8;"Jente";"Høyere utdanning";65,704;0,27626
"39";"Spania";"50030101";"5003";8;"Jente";"VGS";57,13913;-1,40031
"40";"Spania";"50030102";"5003";8;"Gutt";"Ungdomsskole";65,704;-1,292
"41";"Spania";"50030103";"5003";8;"Jente";"Høyere utdanning";65,704;0,23861
"42";"Spania";"50030105";"5003";8;"Jente";"Høyere utdanning";65,704;1,04777
"43";"Spania";"50030106";"5003";8;"Gutt";"VGS";42,6371;0,91443
"44";"Spania";"50030107";"5003";8;"Gutt";"Høyere utdanning";65,704;0,8106
"45";"Spania";"50030108";"5003";8;"Gutt";"Høyere utdanning";65,704;1,34814
"46";"Spania";"50030109";"5003";8;"Jente";"Høyere utdanning";65,704;0,02807
"47";"Spania";"50030110";"5003";8;"Jente";"Høyere utdanning";65,12546;0,00304
"48";"Spania";"50030111";"5003";8;"Jente";"Høyere utdanning";42,6371;0,36165
"49";"Spania";"50030112";"5003";8;"Gutt";"Kort utdanning";52,66245;1,1479
"50";"Spania";"50030113";"5003";8;"Jente";"Høyere utdanning";42,6371;0,564
"51";"Spania";"50030114";"5003";8;"Gutt";"VGS";34,6202;-1,20007
"52";"Spania";"50030115";"5003";8;"Jente";"Høyere utdanning";65,704;-0,43886
"53";"Spania";"50030116";"5003";8;"Gutt";"Høyere utdanning";44,59585;1,84874
"54";"Spania";"50030117";"5003";8;"Jente";"Høyere utdanning";65,704;0,69735
"55";"Spania";"50030119";"5003";8;"Gutt";"Høyere utdanning";39,20663;-0,43066
"56";"Spania";"50030120";"5003";8;"Jente";"Høyere utdanning";65,704;-0,02409
"57";"Spania";"50030121";"5003";8;"Gutt";"Høyere utdanning";57,13913;1,03958
"58";"Spania";"50030123";"5003";8;"Gutt";"Ungdomsskole";46,81653;0,60166
"59";"Spania";"50030124";"5003";8;"Jente";"Kort utdanning";52,66245;0,12608
"60";"Spania";"50030126";"5003";8;"Jente";"Høyere utdanning";65,704;1,09784
"61";"Spania";"50030127";"5003";8;"Gutt";"Høyere utdanning";44,59585;1,49832
"62";"Spania";"50030128";"5003";8;"Jente";"Kort utdanning";65,704;-0,04491
"63";"Spania";"50040201";"5004";8;"Jente";"VGS";65,704;-1,28546
"64";"Spania";"50040202";"5004";8;"Jente";"VGS";65,704;-1,37528
"65";"Spania";"50040203";"5004";8;"Gutt";"VGS";37,63793;-0,95208
"66";"Spania";"50040204";"5004";8;"Jente";"Høyere utdanning";65,704;1,13759
"67";"Spania";"50040205";"5004";8;"Jente";"Høyere utdanning";65,704;-0,01168
"68";"Spania";"50040206";"5004";8;"Gutt";"Kort utdanning";37,63793;-1,01456
"69";"Spania";"50040207";"5004";8;"Jente";"Høyere utdanning";65,704;0,84753
"70";"Spania";"50040208";"5004";8;"Jente";"Høyere utdanning";65,704;1,74515
"71";"Spania";"50040210";"5004";8;"Jente";"Høyere utdanning";65,704;0,02807
"72";"Spania";"50040211";"5004";8;"Gutt";"Ungdomsskole";65,704;0,23197
"73";"Spania";"50040212";"5004";8;"Gutt";"VGS";40,85939;0,34526
"74";"Spania";"50040213";"5004";8;"Gutt";"VGS";65,704;-0,22223
"75";"Spania";"50040214";"5004";8;"Gutt";"VGS";52,66245;-0,50365
"76";"Spania";"50040217";"5004";8;"Jente";"Høyere utdanning";65,704;-0,63091
"77";"Spania";"50040218";"5004";8;"Gutt";"Kort utdanning";57,13913;-0,52868
"78";"Spania";"50040219";"5004";8;"Jente";"VGS";65,704;0,92262
"79";"Spania";"50040220";"5004";8;"Gutt";"Kort utdanning";40,85939;-0,98953
"80";"Spania";"50040221";"5004";8;"Jente";"Kort utdanning";65,704;-0,50576
"81";"Spania";"50040222";"5004";8;"Jente";"VGS";65,704;-0,04491
"82";"Spania";"50040223";"5004";8;"Gutt";"VGS";43,14909;1,23772
"83";"Spania";"50040224";"5004";8;"Jente";"Kort utdanning";37,63793;-0,3806
"84";"Spania";"50040225";"5004";8;"Jente";"Høyere utdanning";65,704;0,10105
"85";"Spania";"50040226";"5004";8;"Jente";"Høyere utdanning";65,704;-0,73314
"86";"Spania";"50050701";"5005";8;"Jente";"VGS";65,704;-0,91654
"87";"Spania";"50050702";"5005";8;"Jente";"VGS";65,704;-1,68595
"88";"Spania";"50050704";"5005";8;"Gutt";"Kort utdanning";65,704;-1,47751
"89";"Spania";"50050705";"5005";8;"Jente";"Høyere utdanning";34,8622;-0,60798
"90";"Spania";"50050706";"5005";8;"Jente";"VGS";37,63793;0,19298
"91";"Spania";"50050707";"5005";8;"Jente";"Høyere utdanning";65,704;-2,10726
"92";"Spania";"50050708";"5005";8;"Gutt";"Ungdomsskole";37,63793;-0,25545
"93";"Spania";"50050709";"5005";8;"Jente";"VGS";44,59585;-1,8111
"94";"Spania";"50050710";"5005";8;"Jente";"VGS";55,03404;-0,42413
"95";"Spania";"50050711";"5005";8;"Jente";"Høyere utdanning";46,81653;-1,63589
"96";"Spania";"50050712";"5005";8;"Jente";"Kort utdanning";55,03404;-1,14182
"97";"Spania";"50050713";"5005";8;"Gutt";"Høyere utdanning";49,42491;0,96238
"98";"Spania";"50050714";"5005";8;"Gutt";"Høyere utdanning";46,81653;0,28656
"99";"Spania";"50050716";"5005";8;"Gutt";"Høyere utdanning";34,6202;-0,91654
"100";"Spania";"50050717";"5005";8;"Gutt";"VGS";46,81653;-1,17504
"101";"Spania";"50050718";"5005";8;"Gutt";"VGS";49,42491;-1,37739
"102";"Spania";"50050719";"5005";8;"Jente";"Ungdomsskole";37,63793;-0,77666
"103";"Spania";"50050720";"5005";8;"Jente";"VGS";37,63793;-1,39001
"104";"Spania";"50050721";"5005";8;"Jente";"Høyere utdanning";52,66245;-0,99163
"105";"Spania";"50050722";"5005";8;"Jente";"Høyere utdanning";65,704;0,37849
"106";"Spania";"50050723";"5005";8;"Jente";"Høyere utdanning";65,704;-0,78928
"107";"Spania";"50050724";"5005";8;"Jente";"VGS";57,13913;0,27626
"108";"Spania";"50050725";"5005";8;"Jente";"Høyere utdanning";65,704;-0,06385
"109";"Spania";"50050726";"5005";8;"Gutt";"Høyere utdanning";65,704;-1,08965
"110";"Spania";"50050727";"5005";8;"Jente";"VGS";44,59585;-0,50365
"111";"Spania";"50050728";"5005";8;"Gutt";"VGS";40,85939;-1,27516
"112";"Spania";"50050729";"5005";8;"Gutt";"VGS";65,704;-1,77577
"113";"Spania";"50050730";"5005";8;"Jente";"VGS";42,6371;-0,57874
"114";"Spania";"50060101";"5006";8;"Jente";"Ungdomsskole";65,704;-1,08965
"115";"Spania";"50060102";"5006";8;"Jente";"Høyere utdanning";52,66245;0,98741
"116";"Spania";"50060103";"5006";8;"Jente";"Høyere utdanning";65,704;0,98741
"117";"Spania";"50060104";"5006";8;"Jente";"VGS";65,704;1,1479
"118";"Spania";"50060105";"5006";8;"Gutt";"Kort utdanning";39,20663;-0,09708
"119";"Spania";"50060106";"5006";8;"Jente";"Høyere utdanning";65,704;1,49832
"120";"Spania";"50060107";"5006";8;"Jente";"Høyere utdanning";65,704;0,31813
"121";"Spania";"50060108";"5006";8;"Jente";"Ungdomsskole";40,85939;-1,05074
"122";"Spania";"50060111";"5006";8;"Jente";"Høyere utdanning";52,66245;0,98952
"123";"Spania";"50060112";"5006";8;"Jente";"Høyere utdanning";65,704;-0,02629
"124";"Spania";"50060113";"5006";8;"Gutt";"Høyere utdanning";46,81653;-0,24936
"125";"Spania";"50060114";"5006";8;"Jente";"Høyere utdanning";65,704;-0,38271
"126";"Spania";"50060115";"5006";8;"Jente";"VGS";65,704;-1,72345
"127";"Spania";"50060116";"5006";8;"Jente";"Høyere utdanning";52,66245;1,62347
"128";"Spania";"50060117";"5006";8;"Gutt";"Høyere utdanning";57,13913;0,84753
"129";"Spania";"50060118";"5006";8;"Jente";"Høyere utdanning";65,704;1,52335
"130";"Spania";"50060119";"5006";8;"Jente";"Ungdomsskole";65,704;0,98741
"131";"Spania";"50060120";"5006";8;"Jente";"Ungdomsskole";42,6371;0,11346
"132";"Spania";"50060121";"5006";8;"Jente";"Høyere utdanning";65,704;-0,81431
"133";"Spania";"50060122";"5006";8;"Jente";"Høyere utdanning";57,13913;0,36165
"134";"Spania";"50060123";"5006";8;"Gutt";"Høyere utdanning";37,63793;0,32843
"135";"Spania";"50060124";"5006";8;"Gutt";"Kort utdanning";49,42491;0,88632
"136";"Spania";"50060125";"5006";8;"Jente";"Høyere utdanning";65,704;0,36165
"137";"Spania";"50070201";"5007";8;"Gutt";"VGS";44,59585;-0,86648
"138";"Spania";"50070202";"5007";8;"Gutt";"Høyere utdanning";65,704;0,35346
"139";"Spania";"50070203";"5007";8;"Gutt";"VGS";42,6371;-0,73103
"140";"Spania";"50070204";"5007";8;"Jente";"VGS";65,704;0,48072
"141";"Spania";"50070205";"5007";8;"Gutt";"Høyere utdanning";40,85939;-0,24936
"142";"Spania";"50070206";"5007";8;"Jente";"Høyere utdanning";65,704;0,8122
"143";"Spania";"50070207";"5007";8;"Jente";"VGS";65,704;0,16352
"144";"Spania";"50070208";"5007";8;"Jente";"Ungdomsskole";65,704;-0,48892
"145";"Spania";"50070209";"5007";8;"Jente";"Høyere utdanning";65,704;-1,11468
"146";"Spania";"50070210";"5007";8;"Jente";"Høyere utdanning";65,704;1,74862
"147";"Spania";"50070211";"5007";8;"Jente";"Høyere utdanning";65,704;0,57873
"148";"Spania";"50070212";"5007";8;"Jente";"VGS";65,704;-0,22433
"149";"Spania";"50070213";"5007";8;"Jente";"Høyere utdanning";65,704;1,03747
"150";"Spania";"50070214";"5007";8;"Jente";"VGS";57,13913;0,57663
"151";"Spania";"50070216";"5007";8;"Gutt";"Høyere utdanning";49,42491;0,58084
"152";"Spania";"50070217";"5007";8;"Jente";"Kort utdanning";49,42491;1,17946
"153";"Spania";"50070218";"5007";8;"Gutt";"VGS";52,66245;1,62347
"154";"Spania";"50070219";"5007";8;"Jente";"Høyere utdanning";65,704;1,11467
"155";"Spania";"50070220";"5007";8;"Gutt";"Høyere utdanning";65,704;-0,40563
"156";"Spania";"50070221";"5007";8;"Jente";"Høyere utdanning";65,704;-0,60377
"157";"Spania";"50070222";"5007";8;"Gutt";"Ungdomsskole";65,704;-0,97922
"158";"Spania";"50070223";"5007";8;"Jente";"Høyere utdanning";65,704;1,62347
"159";"Spania";"50070224";"5007";8;"Jente";"Høyere utdanning";65,704;1,11256
"160";"Spania";"50070225";"5007";8;"Jente";"VGS";49,42491;0,45569
"161";"Spania";"50080201";"5008";8;"Gutt";"Høyere utdanning";46,81653;1,34814
"162";"Spania";"50080202";"5008";8;"Jente";"Høyere utdanning";65,704;1,3982
"163";"Spania";"50080203";"5008";8;"Jente";"Høyere utdanning";52,66245;1,47329
"164";"Spania";"50080204";"5008";8;"Gutt";"Høyere utdanning";65,704;1,49832
"165";"Spania";"50080205";"5008";8;"Jente";"Høyere utdanning";49,42491;1,08753
"166";"Spania";"50080206";"5008";8;"Gutt";"Høyere utdanning";65,704;1,52335
"167";"Spania";"50080208";"5008";8;"Jente";"Høyere utdanning";65,704;1,42323
"168";"Spania";"50080209";"5008";8;"Gutt";"Høyere utdanning";37,63793;0,70178
"169";"Spania";"50080210";"5008";8;"Gutt";"Høyere utdanning";65,704;1,49832
"170";"Spania";"50080212";"5008";8;"Gutt";"Høyere utdanning";37,63793;0,3506
"171";"Spania";"50080214";"5008";8;"Jente";"Høyere utdanning";57,13913;1,49832
"172";"Spania";"50080215";"5008";8;"Jente";"Høyere utdanning";65,704;0,07602
"173";"Spania";"50080216";"5008";8;"Gutt";"Høyere utdanning";65,704;1,46299
"174";"Spania";"50080217";"5008";8;"Jente";"VGS";65,704;0,37029
"175";"Spania";"50080218";"5008";8;"Jente";"Høyere utdanning";65,704;0,60166
"176";"Spania";"50080219";"5008";8;"Gutt";"Høyere utdanning";44,59585;1,32311
"177";"Spania";"50080220";"5008";8;"Jente";"Ungdomsskole";52,66245;-0,21569
"178";"Spania";"50080221";"5008";8;"Gutt";"Høyere utdanning";65,704;1,07281
"179";"Spania";"50080222";"5008";8;"Gutt";"Høyere utdanning";65,704;1,08753
"180";"Spania";"50080224";"5008";8;"Gutt";"Høyere utdanning";42,6371;1,32311
"181";"Spania";"50090202";"5009";8;"Gutt";"VGS";52,66245;0,08466
"182";"Spania";"50090203";"5009";8;"Gutt";"Ungdomsskole";36,7728;-0,61009
"183";"Spania";"50090204";"5009";8;"Gutt";"VGS";65,704;-1,24404
"184";"Spania";"50090205";"5009";8;"Jente";"Kort utdanning";57,13913;1,27381
"185";"Spania";"50090207";"5009";8;"Gutt";"VGS";42,6371;-1,71537
"186";"Spania";"50090208";"5009";8;"Gutt";"VGS";49,42491;-1,17504
"187";"Spania";"50090209";"5009";8;"Jente";"Høyere utdanning";65,704;-1,27727
"188";"Spania";"50090210";"5009";8;"Gutt";"Høyere utdanning";65,704;-0,75606
"189";"Spania";"50090211";"5009";8;"Gutt";"Kort utdanning";49,42491;-0,40774
"190";"Spania";"50090212";"5009";8;"Gutt";"Kort utdanning";57,13913;-0,91654
"191";"Spania";"50090213";"5009";8;"Jente";"Kort utdanning";65,704;-0,29732
"192";"Spania";"50090216";"5009";8;"Jente";"VGS";42,6371;-0,89151
"193";"Spania";"50090217";"5009";8;"Jente";"Høyere utdanning";49,42491;-1,4754
"194";"Spania";"50090218";"5009";8;"Jente";"Høyere utdanning";57,13913;1,47329
"195";"Spania";"50090219";"5009";8;"Jente";"Høyere utdanning";65,704;-0,07205
"196";"Spania";"50090220";"5009";8;"Gutt";"VGS";39,20663;-1,76104
"197";"Spania";"50090221";"5009";8;"Gutt";"VGS";46,81653;-0,15533
"198";"Spania";"50100101";"5010";8;"Jente";"Kort utdanning";65,704;1,34814
"199";"Spania";"50100102";"5010";8;"Gutt";"VGS";46,25673;-1,07703
"200";"Spania";"50100103";"5010";8;"Gutt";"Kort utdanning";39,20663;0,93946
"201";"Spania";"50100104";"5010";8;"Gutt";"VGS";36,11853;1,3982
"202";"Spania";"50100105";"5010";8;"Jente";"VGS";65,704;0,75605
"203";"Spania";"50100106";"5010";8;"Gutt";"Høyere utdanning";49,42491;1,03747
"204";"Spania";"50100107";"5010";8;"Jente";"Høyere utdanning";65,704;0,71208
"205";"Spania";"50100108";"5010";8;"Gutt";"VGS";65,704;0,45616
"206";"Spania";"50100109";"5010";8;"Jente";"Kort utdanning";57,13913;0,70388
"207";"Spania";"50100110";"5010";8;"Jente";"VGS";65,704;0,06993
"208";"Spania";"50100111";"5010";8;"Jente";"Ungdomsskole";37,63793;0,17614
"209";"Spania";"50100113";"5010";8;"Gutt";"VGS";57,13913;-0,07415
"210";"Spania";"50100115";"5010";8;"Annet";"Ungdomsskole";65,704;0,15111
"211";"Spania";"50100116";"5010";8;"Jente";"Ungdomsskole";42,6371;0,04003
"212";"Spania";"50100117";"5010";8;"Gutt";"Høyere utdanning";65,704;0,15322
"213";"Spania";"50100119";"5010";8;"Jente";"Høyere utdanning";65,704;0,51394
"214";"Spania";"50100120";"5010";8;"Jente";"Høyere utdanning";49,42491;1,22299
"215";"Spania";"50100121";"5010";8;"Jente";"Høyere utdanning";65,704;1,56311
"216";"Spania";"50100122";"5010";8;"Gutt";"Kort utdanning";65,704;1,37317
"217";"Spania";"50100123";"5010";8;"Jente";"VGS";65,704;0,66202
"218";"Spania";"50100124";"5010";8;"Jente";"Høyere utdanning";65,704;0,60166
"219";"Spania";"50100125";"5010";8;"Jente";"VGS";65,704;0,17614
"220";"Spania";"50100126";"5010";8;"Gutt";"Kort utdanning";52,66245;-0,24936
"221";"Spania";"50100127";"5010";8;"Jente";"Høyere utdanning";37,63793;-1,45037
"222";"Spania";"50100128";"5010";8;"Gutt";"Kort utdanning";40,85939;-0,43886
"223";"Spania";"50110201";"5011";8;"Gutt";"VGS";65,704;-0,34085
"224";"Spania";"50110203";"5011";8;"Jente";"VGS";65,704;0,58084
"225";"Spania";"50110204";"5011";8;"Gutt";"VGS";52,66245;-1,25013
"226";"Spania";"50110205";"5011";8;"Annet";"Kort utdanning";65,704;-1,30019
"227";"Spania";"50110206";"5011";8;"Jente";"VGS";65,704;-1,39001
"228";"Spania";"50110207";"5011";8;"Jente";"Høyere utdanning";65,704;-0,14714
"229";"Spania";"50110208";"5011";8;"Jente";"Høyere utdanning";65,704;-0,06994
"230";"Spania";"50110210";"5011";8;"Gutt";"Kort utdanning";49,42491;0,43675
"231";"Spania";"50110212";"5011";8;"Gutt";"Høyere utdanning";52,66245;1,04777
"232";"Spania";"50110213";"5011";8;"Jente";"Høyere utdanning";52,66245;0,38668
"233";"Spania";"50110214";"5011";8;"Gutt";"VGS";65,704;-0,53898
"234";"Spania";"50110216";"5011";8;"Jente";"Høyere utdanning";65,704;0,46388
"235";"Spania";"50110217";"5011";8;"Gutt";"Kort utdanning";37,63793;-0,27229
"236";"Spania";"50110219";"5011";8;"Jente";"Kort utdanning";65,704;-0,02199
"237";"Spania";"50110220";"5011";8;"Jente";"VGS";65,704;-0,40353
"238";"Spania";"50110223";"5011";8;"Gutt";"VGS";49,42491;0,28656
"239";"Spania";"50110225";"5011";8;"Jente";"Kort utdanning";65,704;0,16352
"240";"Spania";"50110226";"5011";8;"Annet";"Høyere utdanning";46,81653;-0,47862
"241";"Spania";"50110227";"5011";8;"Jente";"Høyere utdanning";49,42491;-0,98953
"242";"Spania";"50110228";"5011";8;"Gutt";"Kort utdanning";65,704;-0,93504
"243";"Spania";"50110229";"5011";8;"Jente";"Høyere utdanning";65,704;0,60587
"244";"Spania";"50110232";"5011";8;"Gutt";"VGS";44,59585;-1,52547
"245";"Spania";"50110233";"5011";8;"Gutt";"Høyere utdanning";57,13913;-0,7245
"246";"Spania";"50120101";"5012";8;"Jente";"VGS";65,704;-0,54109
"247";"Spania";"50120102";"5012";8;"Jente";"Høyere utdanning";42,6371;-0,48283
"248";"Spania";"50120103";"5012";8;"Gutt";"Kort utdanning";39,20663;0,00304
"249";"Spania";"50120105";"5012";8;"Gutt";"Kort utdanning";36,11853;-0,00726
"250";"Spania";"50120106";"5012";8;"Jente";"Høyere utdanning";37,63793;-0,07205
"251";"Spania";"50120107";"5012";8;"Jente";"Høyere utdanning";52,66245;0,54717
"252";"Spania";"50120109";"5012";8;"Gutt";"Høyere utdanning";52,66245;-0,28259
"253";"Spania";"50120110";"5012";8;"Gutt";"VGS";57,13913;-0,14714
"254";"Spania";"50120111";"5012";8;"Jente";"VGS";44,59585;-0,81642
"255";"Spania";"50120112";"5012";8;"Jente";"Høyere utdanning";57,13913;0,98741
"256";"Spania";"50120113";"5012";8;"Gutt";"Høyere utdanning";42,6371;0,98952
"257";"Spania";"50120114";"5012";8;"Jente";"Høyere utdanning";65,704;-0,52868
"258";"Spania";"50120115";"5012";8;"Gutt";"Høyere utdanning";65,704;1,07723
"259";"Spania";"50120116";"5012";8;"Gutt";"Høyere utdanning";57,13913;0,564
"260";"Spania";"50120117";"5012";8;"Gutt";"Høyere utdanning";46,81653;0,51184
"261";"Spania";"50120118";"5012";8;"Jente";"Høyere utdanning";33,11239;0,32632
"262";"Spania";"50120119";"5012";8;"Gutt";"Høyere utdanning";44,59585;1,34814
"263";"Spania";"50120120";"5012";8;"Jente";"Høyere utdanning";42,6371;-0,06994
"264";"Spania";"50120121";"5012";8;"Jente";"Høyere utdanning";52,66245;-0,88941
"265";"Spania";"50120122";"5012";8;"Gutt";"Høyere utdanning";52,66245;0,62226
"266";"Spania";"50120123";"5012";8;"Jente";"Høyere utdanning";40,85939;-0,40353
"267";"Spania";"50120124";"5012";8;"Gutt";"Kort utdanning";57,13913;-1,52547
"268";"Spania";"50120125";"5012";8;"Gutt";"VGS";39,20663;-1,75074
"269";"Spania";"50120126";"5012";8;"Jente";"Høyere utdanning";65,704;1,09784
"270";"Spania";"50120127";"5012";8;"Gutt";"Ungdomsskole";46,81653;0,44705
"271";"Spania";"50120128";"5012";8;"Gutt";"Kort utdanning";42,6371;0,36165
"272";"Spania";"50120129";"5012";8;"Gutt";"Høyere utdanning";65,704;0,65382
"273";"Spania";"50120131";"5012";8;"Gutt";"VGS";65,704;-0,50576
"274";"Spania";"50130101";"5013";8;"Jente";"Høyere utdanning";65,704;1,49832
"275";"Spania";"50130102";"5013";8;"Jente";"Høyere utdanning";65,704;0,53897
"276";"Spania";"50130103";"5013";8;"Gutt";"Høyere utdanning";49,42491;0,77244
"277";"Spania";"50130104";"5013";8;"Jente";"Høyere utdanning";65,704;1,57341
"278";"Spania";"50130105";"5013";8;"Gutt";"Kort utdanning";44,59585;-1,03959
"279";"Spania";"50130106";"5013";8;"Jente";"VGS";52,66245;0,3034
"280";"Spania";"50130107";"5013";8;"Gutt";"Høyere utdanning";65,704;0,66202
"281";"Spania";"50130108";"5013";8;"Gutt";"VGS";49,42491;0,17825
"282";"Spania";"50130109";"5013";8;"Gutt";"Høyere utdanning";65,704;1,57341
"283";"Spania";"50130110";"5013";8;"Jente";"Høyere utdanning";65,704;1,94887
"284";"Spania";"50130111";"5013";8;"Jente";"Høyere utdanning";65,704;0,08023
"285";"Spania";"50130112";"5013";8;"Jente";"Høyere utdanning";65,704;1,1479
"286";"Spania";"50130113";"5013";8;"Gutt";"Høyere utdanning";49,42491;1,49832
"287";"Spania";"50130114";"5013";8;"Gutt";"Høyere utdanning";57,13913;0,27626
"288";"Spania";"50130115";"5013";8;"Jente";"Høyere utdanning";65,704;0,13638
"289";"Spania";"50130116";"5013";8;"Jente";"Ungdomsskole";57,13913;1,29808
"290";"Spania";"50130117";"5013";8;"Jente";"Høyere utdanning";57,13913;0,51184
"291";"Spania";"50130118";"5013";8;"Gutt";"Høyere utdanning";49,42491;0,67835
"292";"Spania";"50130119";"5013";8;"Gutt";"Kort utdanning";49,42491;0,804
"293";"Spania";"50130120";"5013";8;"Gutt";"Høyere utdanning";57,13913;0,07602
"294";"Spania";"50130121";"5013";8;"Annet";"VGS";65,704;1,57341
"295";"Spania";"50130122";"5013";8;"Jente";"Høyere utdanning";65,704;1,62347
"296";"Spania";"50130123";"5013";8;"Gutt";"Høyere utdanning";65,704;-0,93947
"297";"Spania";"50130125";"5013";8;"Gutt";"Kort utdanning";65,704;1,32311
"298";"Spania";"50130126";"5013";8;"Jente";"Høyere utdanning";65,704;-0,02199
"299";"Spania";"50130127";"5013";8;"Jente";"VGS";46,81653;-1,58583
"300";"Spania";"50130128";"5013";8;"Jente";"Høyere utdanning";65,704;0,8019
"301";"Spania";"50130129";"5013";8;"Gutt";"Høyere utdanning";52,66245;1,94887
"302";"Spania";"50130130";"5013";8;"Jente";"VGS";65,704;-0,94157
"303";"Spania";"50130132";"5013";8;"Jente";"Høyere utdanning";65,704;1,94887
"304";"Spania";"50140202";"5014";8;"Jente";"VGS";65,704;0,38668
"305";"Spania";"50140203";"5014";8;"Gutt";"Høyere utdanning";42,6371;-0,7245
"306";"Spania";"50140204";"5014";8;"Gutt";"Høyere utdanning";57,13913;0,00304
"307";"Spania";"50140205";"5014";8;"Jente";"Høyere utdanning";49,42491;-0,12211
"308";"Spania";"50140206";"5014";8;"Jente";"Høyere utdanning";65,704;-0,23696
"309";"Spania";"50140207";"5014";8;"Gutt";"Kort utdanning";52,66245;-0,38919
"310";"Spania";"50140208";"5014";8;"Gutt";"Kort utdanning";65,704;0,41382
"311";"Spania";"50140209";"5014";8;"Gutt";"Høyere utdanning";57,13913;1,18157
"312";"Spania";"50140210";"5014";8;"Jente";"Ungdomsskole";49,42491;-1,30019
"313";"Spania";"50140211";"5014";8;"Gutt";"Kort utdanning";46,81653;-0,86438
"314";"Spania";"50140215";"5014";8;"Gutt";"Høyere utdanning";65,704;-0,37241
"315";"Spania";"50140216";"5014";8;"Jente";"VGS";57,13913;-0,10527
"316";"Spania";"50140217";"5014";8;"Jente";"Høyere utdanning";65,704;-0,63091
"317";"Spania";"50140219";"5014";8;"Jente";"Høyere utdanning";52,66245;0,98741
"318";"Spania";"50140221";"5014";8;"Gutt";"Høyere utdanning";49,42491;1,11256
"319";"Spania";"50140222";"5014";8;"Jente";"Høyere utdanning";65,704;0,68705
"320";"Spania";"50140223";"5014";8;"Gutt";"Kort utdanning";42,6371;-1,04169
"321";"Spania";"50140225";"5014";8;"Gutt";"Høyere utdanning";37,63793;1,94887
"322";"Spania";"50140227";"5014";8;"Gutt";"VGS";42,6371;-1,88619
"323";"Spania";"50140228";"5014";8;"Gutt";"Kort utdanning";56,33136;-1,66092
"324";"Spania";"50140229";"5014";8;"Jente";"Høyere utdanning";49,42491;-0,64121
"325";"Spania";"50150201";"5015";8;"Gutt";"Høyere utdanning";39,20663;1,56311
"326";"Spania";"50150202";"5015";8;"Jente";"VGS";65,704;0,66202
"327";"Spania";"50150205";"5015";8;"Gutt";"VGS";65,704;-0,17006
"328";"Spania";"50150206";"5015";8;"Gutt";"Kort utdanning";37,63793;-1,37528
"329";"Spania";"50150207";"5015";8;"Jente";"VGS";65,704;-0,91444
"330";"Spania";"50150208";"5015";8;"Gutt";"VGS";37,63793;-1,25224
"331";"Spania";"50150209";"5015";8;"Jente";"Høyere utdanning";65,704;0,74741
"332";"Spania";"50150210";"5015";8;"Jente";"VGS";37,63793;0,62226
"333";"Spania";"50150211";"5015";8;"Gutt";"VGS";37,63793;-0,4557
"334";"Spania";"50150212";"5015";8;"Gutt";"VGS";39,20663;1,17735
"335";"Spania";"50150213";"5015";8;"Gutt";"Høyere utdanning";52,66245;-0,39091
"336";"Spania";"50150214";"5015";8;"Jente";"VGS";52,66245;1,04777
"337";"Spania";"50150215";"5015";8;"Jente";"Kort utdanning";65,704;1,21268
"338";"Spania";"50150217";"5015";8;"Jente";"Høyere utdanning";36,11853;-0,99374
"339";"Spania";"50150218";"5015";8;"Jente";"Ungdomsskole";49,42491;-0,99163
"340";"Spania";"50150219";"5015";8;"Jente";"Høyere utdanning";65,704;0,98741
"341";"Spania";"50150220";"5015";8;"Jente";"Ungdomsskole";52,66245;0,21147
"342";"Spania";"50150221";"5015";8;"Gutt";"Høyere utdanning";37,63793;0,29766
"343";"Spania";"50150222";"5015";8;"Gutt";"Høyere utdanning";37,63793;1,09784
"344";"Spania";"50150223";"5015";8;"Gutt";"Høyere utdanning";39,20663;0,03671
"345";"Spania";"50160302";"5016";8;"Gutt";"Kort utdanning";52,66245;-0,33874
"346";"Spania";"50160303";"5016";8;"Gutt";"Høyere utdanning";42,6371;0,13849
"347";"Spania";"50160305";"5016";8;"Jente";"Høyere utdanning";65,704;-0,91444
"348";"Spania";"50160306";"5016";8;"Gutt";"VGS";40,85939;-1,292
"349";"Spania";"50160307";"5016";8;"Gutt";"Høyere utdanning";52,66245;-0,68317
"350";"Spania";"50160308";"5016";8;"Jente";"Høyere utdanning";65,704;1,49832
"351";"Spania";"50160309";"5016";8;"Jente";"Høyere utdanning";65,704;0,8225
"352";"Spania";"50160310";"5016";8;"Jente";"Høyere utdanning";49,42491;0,01334
"353";"Spania";"50160311";"5016";8;"Gutt";"Høyere utdanning";42,6371;0,89759
"354";"Spania";"50160312";"5016";8;"Gutt";"Høyere utdanning";37,63793;-2,1661
"355";"Spania";"50160313";"5016";8;"Annet";"VGS";48,59335;0,59723
"356";"Spania";"50160314";"5016";8;"Gutt";"Kort utdanning";49,42491;0,96449
"357";"Spania";"50160315";"5016";8;"Jente";"VGS";52,66245;-0,4557
"358";"Spania";"50160316";"5016";8;"Gutt";"Kort utdanning";36,11853;-1,36709
"359";"Spania";"50160318";"5016";8;"Gutt";"Høyere utdanning";36,11853;0,26807
"360";"Spania";"50160319";"5016";8;"Gutt";"Kort utdanning";37,63793;0,00514
"361";"Spania";"50160320";"5016";8;"Jente";"VGS";65,704;-0,20539
"362";"Spania";"50160322";"5016";8;"Jente";"Høyere utdanning";57,13913;0,83723
"363";"Spania";"50160323";"5016";8;"Jente";"Høyere utdanning";65,704;-0,63091
"364";"Spania";"50160324";"5016";8;"Gutt";"Høyere utdanning";37,63793;-1,42573
"365";"Spania";"50160325";"5016";8;"Jente";"Høyere utdanning";65,704;-1,86116
"366";"Spania";"50160327";"5016";8;"Jente";"VGS";65,704;-1,14182
"367";"Spania";"50170101";"5017";8;"Jente";"VGS";57,13913;-1,09175
"368";"Spania";"50170102";"5017";8;"Jente";"VGS";65,704;-0,49103
"369";"Spania";"50170103";"5017";8;"Jente";"VGS";49,42491;0,57873
"370";"Spania";"50170104";"5017";8;"Gutt";"Kort utdanning";46,81653;0,37849
"371";"Spania";"50170105";"5017";8;"Gutt";"Kort utdanning";52,66245;0,97922
"372";"Spania";"50170106";"5017";8;"Jente";"Kort utdanning";65,704;1,09784
"373";"Spania";"50170108";"5017";8;"Jente";"VGS";49,42491;-0,40563
"374";"Spania";"50170109";"5017";8;"Gutt";"Kort utdanning";57,13913;-0,70811
"375";"Spania";"50170110";"5017";8;"Gutt";"Kort utdanning";44,59585;0,66202
"376";"Spania";"50170111";"5017";8;"Jente";"VGS";65,704;0,55159
"377";"Spania";"50170112";"5017";8;"Gutt";"Høyere utdanning";46,81653;0,72681
"378";"Spania";"50170113";"5017";8;"Jente";"Høyere utdanning";65,704;-0,88941
"379";"Spania";"50170114";"5017";8;"Jente";"Høyere utdanning";65,704;-0,86648
"380";"Spania";"50170115";"5017";8;"Jente";"Høyere utdanning";65,704;0,07602
"381";"Spania";"50170116";"5017";8;"Gutt";"Høyere utdanning";42,6371;1,11256
"382";"Spania";"50170117";"5017";8;"Gutt";"Høyere utdanning";57,13913;-1,14182
"383";"Spania";"50170118";"5017";8;"Jente";"Høyere utdanning";65,704;-0,14503
"384";"Spania";"50170119";"5017";8;"Jente";"Høyere utdanning";65,704;0,76425
"385";"Spania";"50170120";"5017";8;"Annet";"Høyere utdanning";39,20663;-0,91865
"386";"Spania";"50170121";"5017";8;"Jente";"VGS";57,13913;-0,14714
"387";"Spania";"50170122";"5017";8;"Jente";"Høyere utdanning";52,66245;0,36165
"388";"Spania";"50170123";"5017";8;"Gutt";"Kort utdanning";44,59585;0,94765
"389";"Spania";"50170124";"5017";8;"Jente";"VGS";65,704;-0,56612
"390";"Spania";"50170125";"5017";8;"Jente";"VGS";65,704;-0,706
"391";"Spania";"50170126";"5017";8;"Gutt";"Kort utdanning";40,85939;1,01244
"392";"Spania";"50170127";"5017";8;"Jente";"Høyere utdanning";65,704;0,76425
"393";"Spania";"50170128";"5017";8;"Gutt";"VGS";44,59585;-0,6391
"394";"Spania";"50170129";"5017";8;"Gutt";"VGS";65,704;-0,65383
"395";"Spania";"50170130";"5017";8;"Jente";"Høyere utdanning";65,704;-0,22012
"396";"Spania";"50180102";"5018";8;"Jente";"Høyere utdanning";65,704;0,75605
"397";"Spania";"50180103";"5018";8;"Gutt";"Ungdomsskole";37,63793;1,10437
"398";"Spania";"50180105";"5018";8;"Jente";"Ungdomsskole";46,81653;0,77244
"399";"Spania";"50180106";"5018";8;"Jente";"Ungdomsskole";57,13913;0,76425
"400";"Spania";"50180107";"5018";8;"Gutt";"Høyere utdanning";45,63179;-0,3703
"401";"Spania";"50180108";"5018";8;"Gutt";"Høyere utdanning";39,20663;0,96449
"402";"Spania";"50180109";"5018";8;"Gutt";"Høyere utdanning";42,6371;1,19796
"403";"Spania";"50180110";"5018";8;"Gutt";"Høyere utdanning";44,59585;0,00093
"404";"Spania";"50180112";"5018";8;"Gutt";"Ungdomsskole";65,704;-0,60377
"405";"Spania";"50180113";"5018";8;"Gutt";"VGS";40,85939;0,44539
"406";"Spania";"50180114";"5018";8;"Gutt";"Høyere utdanning";57,13913;-0,02199
"407";"Spania";"50180118";"5018";8;"Jente";"Høyere utdanning";48,69624;0,1823
"408";"Spania";"50180119";"5018";8;"Jente";"Høyere utdanning";37,63793;0,02596
"409";"Spania";"50180120";"5018";8;"Jente";"Høyere utdanning";52,66245;0,76214
"410";"Spania";"50180121";"5018";8;"Gutt";"Høyere utdanning";49,42491;-0,04702
"411";"Spania";"50180124";"5018";8;"Jente";"Høyere utdanning";65,704;1,12287
"412";"Spania";"50180127";"5018";8;"Jente";"Høyere utdanning";49,42491;1,37317
"413";"Spania";"50180128";"5018";8;"Jente";"Høyere utdanning";49,42491;0,98741
"414";"Spania";"50180129";"5018";8;"Jente";"Kort utdanning";57,13913;1,49832
"415";"Spania";"50190301";"5019";8;"Gutt";"Ungdomsskole";65,704;0,40795
"416";"Spania";"50190302";"5019";8;"Annet";"Kort utdanning";39,20663;0,41005
"417";"Spania";"50190303";"5019";8;"Gutt";"Høyere utdanning";42,6371;1,62347
"418";"Spania";"50190304";"5019";8;"Jente";"Kort utdanning";65,704;-0,25545
"419";"Spania";"50190305";"5019";8;"Gutt";"VGS";40,85939;0,96238
"420";"Spania";"50190306";"5019";8;"Jente";"Høyere utdanning";65,704;1,37317
"421";"Spania";"50190307";"5019";8;"Gutt";"Høyere utdanning";49,42491;-1,01666
"422";"Spania";"50190308";"5019";8;"Jente";"Høyere utdanning";65,704;-0,06174
"423";"Spania";"50190309";"5019";8;"Gutt";"Ungdomsskole";65,704;-1,37528
"424";"Spania";"50190310";"5019";8;"Gutt";"Høyere utdanning";40,85939;0,89759
"425";"Spania";"50190311";"5019";8;"Gutt";"Høyere utdanning";52,66245;1,04777
"426";"Spania";"50190312";"5019";8;"Gutt";"Høyere utdanning";65,704;1,94887
"427";"Spania";"50190313";"5019";8;"Jente";"Høyere utdanning";65,704;1,24802
"428";"Spania";"50190314";"5019";8;"Gutt";"Høyere utdanning";44,59585;1,94887
"429";"Spania";"50190316";"5019";8;"Gutt";"Kort utdanning";42,6371;-0,29732
"430";"Spania";"50190317";"5019";8;"Gutt";"Høyere utdanning";49,42491;1,49832
"431";"Spania";"50190318";"5019";8;"Jente";"Høyere utdanning";44,59585;1,24802
"432";"Spania";"50190319";"5019";8;"Annet";"VGS";65,704;0,73102
"433";"Spania";"50190320";"5019";8;"Jente";"Høyere utdanning";52,66245;1,1479
"434";"Spania";"50190321";"5019";8;"Jente";"VGS";49,42491;-0,35557
"435";"Spania";"50190322";"5019";8;"Jente";"Høyere utdanning";65,704;-0,40563
"436";"Spania";"50190323";"5019";8;"Jente";"Høyere utdanning";65,704;0,94765
"437";"Spania";"50190324";"5019";8;"Gutt";"Høyere utdanning";42,6371;0,51394
"438";"Spania";"50190325";"5019";8;"Annet";"Ungdomsskole";52,66245;0,8122
"439";"Spania";"50190327";"5019";8;"Jente";"Høyere utdanning";42,6371;0,92262
"440";"Spania";"50190328";"5019";8;"Jente";"Høyere utdanning";65,704;1,94887
"441";"Spania";"50190329";"5019";8;"Gutt";"Kort utdanning";49,42491;1,29808
"442";"Spania";"50210601";"5021";8;"Jente";"VGS";57,13913;0,06993
"443";"Spania";"50210602";"5021";8;"Jente";"Høyere utdanning";65,704;-0,30762
"444";"Spania";"50210603";"5021";8;"Jente";"VGS";65,704;-0,76636
"445";"Spania";"50210604";"5021";8;"Annet";"Høyere utdanning";65,704;-0,14503
"446";"Spania";"50210605";"5021";8;"Jente";"VGS";65,704;-0,81431
"447";"Spania";"50210606";"5021";8;"Jente";"VGS";65,704;0,65172
"448";"Spania";"50210607";"5021";8;"Gutt";"VGS";42,6371;-0,01988
"449";"Spania";"50210608";"5021";8;"Gutt";"Høyere utdanning";65,704;-0,31582
"450";"Spania";"50210610";"5021";8;"Gutt";"Kort utdanning";65,704;0,98741
"451";"Spania";"50210611";"5021";8;"Jente";"Høyere utdanning";65,704;1,1479
"452";"Spania";"50210612";"5021";8;"Gutt";"VGS";49,42491;-1,30019
"453";"Spania";"50210613";"5021";8;"Jente";"Høyere utdanning";65,704;0,18035
"454";"Spania";"50210614";"5021";8;"Jente";"Høyere utdanning";65,704;0,19508
"455";"Spania";"50210615";"5021";8;"Gutt";"Kort utdanning";57,13913;-1,41715
"456";"Spania";"50210616";"5021";8;"Jente";"VGS";65,704;-1,32522
"457";"Spania";"50210617";"5021";8;"Jente";"Høyere utdanning";65,704;1,3982
"458";"Spania";"50210618";"5021";8;"Gutt";"Ungdomsskole";52,66245;-1,17504
"459";"Spania";"50210619";"5021";8;"Gutt";"Kort utdanning";44,59585;-0,40274
"460";"Spania";"50210620";"5021";8;"Jente";"VGS";65,704;0,30551
"461";"Spania";"50210621";"5021";8;"Jente";"VGS";57,13913;-1,17504
"462";"Spania";"50210622";"5021";8;"Gutt";"VGS";48,27511;-0,82462
"463";"Spania";"50210623";"5021";8;"Jente";"Høyere utdanning";65,704;-0,99163
"464";"Spania";"50210624";"5021";8;"Gutt";"VGS";65,704;-1,27143
"465";"Spania";"50210625";"5021";8;"Jente";"Ungdomsskole";65,704;-0,99163
"466";"Spania";"50210626";"5021";8;"Jente";"VGS";46,81653;0,06129
"467";"Spania";"50220301";"5022";8;"Jente";"VGS";57,13913;0,83723
"468";"Spania";"50220302";"5022";8;"Annet";"Høyere utdanning";65,704;0,96238
"469";"Spania";"50220303";"5022";8;"Jente";"Høyere utdanning";65,704;1,49832
"470";"Spania";"50220304";"5022";8;"Gutt";"Høyere utdanning";65,704;1,11256
"471";"Spania";"50220305";"5022";8;"Gutt";"Høyere utdanning";65,704;1,34814
"472";"Spania";"50220306";"5022";8;"Gutt";"Kort utdanning";52,66245;0,98952
"473";"Spania";"50220307";"5022";8;"Jente";"Høyere utdanning";46,81653;0,36165
"474";"Spania";"50220308";"5022";8;"Jente";"Høyere utdanning";65,704;0,18644
"475";"Spania";"50220309";"5022";8;"Jente";"Høyere utdanning";57,13913;0,8122
"476";"Spania";"50220310";"5022";8;"Gutt";"Høyere utdanning";65,704;-0,00515
"477";"Spania";"50220311";"5022";8;"Gutt";"Høyere utdanning";52,66245;0,94765
"478";"Spania";"50220312";"5022";8;"Gutt";"Ungdomsskole";37,63793;-0,01756
"479";"Spania";"50220313";"5022";8;"Gutt";"Kort utdanning";37,63793;-0,02199
"480";"Spania";"50220314";"5022";8;"Gutt";"Høyere utdanning";63,8905;1,1479
"481";"Spania";"50220315";"5022";8;"Gutt";"Kort utdanning";42,6371;-0,44097
"482";"Spania";"50220316";"5022";8;"Jente";"VGS";65,704;0,3137
"483";"Spania";"50220317";"5022";8;"Annet";"Høyere utdanning";57,13913;0,41382
"484";"Spania";"50220318";"5022";8;"Gutt";"Høyere utdanning";65,704;-0,07205
"485";"Spania";"50220319";"5022";8;"Jente";"Høyere utdanning";65,704;-0,20539
"486";"Spania";"50220320";"5022";8;"Jente";"Høyere utdanning";65,704;0,564
"487";"Spania";"50220322";"5022";8;"Gutt";"Ungdomsskole";57,13913;0,20117
"488";"Spania";"50220323";"5022";8;"Jente";"Høyere utdanning";65,704;1,18765
"489";"Spania";"50220325";"5022";8;"Gutt";"Høyere utdanning";42,6371;1,47329
"490";"Spania";"50220326";"5022";8;"Annet";"Høyere utdanning";65,704;1,47329
"491";"Spania";"50220327";"5022";8;"Gutt";"Kort utdanning";65,704;1,32311
"492";"Spania";"50220328";"5022";8;"Gutt";"Kort utdanning";55,68408;-0,70811
"493";"Spania";"50220329";"5022";8;"Gutt";"Høyere utdanning";49,42491;1,09784
"494";"Spania";"50220330";"5022";8;"Annet";"Høyere utdanning";65,704;0,93735
"495";"Spania";"50220332";"5022";8;"Gutt";"Høyere utdanning";42,6371;-1,77577
"496";"Spania";"50230101";"5023";8;"Jente";"Høyere utdanning";52,66245;-0,02409
"497";"Spania";"50230102";"5023";8;"Jente";"Høyere utdanning";65,704;0,55159
"498";"Spania";"50230103";"5023";8;"Jente";"VGS";65,704;-0,706
"499";"Spania";"50230104";"5023";8;"Gutt";"VGS";37,63793;-1,30019
"500";"Spania";"50230105";"5023";8;"Gutt";"VGS";57,13913;1,08753
"501";"Spania";"50230106";"5023";8;"Jente";"Kort utdanning";42,6371;-1,75074
"502";"Spania";"50230107";"5023";8;"Gutt";"Kort utdanning";65,704;0,57873
"503";"Spania";"50230108";"5023";8;"Gutt";"Høyere utdanning";39,20663;0,31602
"504";"Spania";"50230110";"5023";8;"Jente";"Høyere utdanning";65,704;1,03747
"505";"Spania";"50230111";"5023";8;"Gutt";"Høyere utdanning";46,81653;0,42644
"506";"Spania";"50230112";"5023";8;"Jente";"Høyere utdanning";57,13913;-1,39001
"507";"Spania";"50230113";"5023";8;"Gutt";"VGS";49,42491;0,46388
"508";"Spania";"50230114";"5023";8;"Gutt";"VGS";44,59585;-1,60056
"509";"Spania";"50230115";"5023";8;"Gutt";"VGS";49,42491;0,28048
"510";"Spania";"50230116";"5023";8;"Gutt";"Kort utdanning";65,704;0,54717
"511";"Spania";"50230117";"5023";8;"Jente";"VGS";57,13913;-0,33874
"512";"Spania";"50230118";"5023";8;"Jente";"VGS";62,87645;-1,68595
"513";"Spania";"50230119";"5023";8;"Jente";"VGS";65,704;0,42855
"514";"Spania";"50230120";"5023";8;"Gutt";"VGS";44,59585;1,46299
"515";"Spania";"50230121";"5023";8;"Gutt";"Ungdomsskole";22,5882;0,16141
"516";"Spania";"50240301";"5024";8;"Jente";"Høyere utdanning";65,704;1,26275
"517";"Spania";"50240302";"5024";8;"Gutt";"Kort utdanning";37,63793;0,16141
"518";"Spania";"50240303";"5024";8;"Jente";"Høyere utdanning";65,704;0,60376
"519";"Spania";"50240304";"5024";8;"Gutt";"VGS";42,6371;0,64341
"520";"Spania";"50240305";"5024";8;"Gutt";"VGS";46,81653;0,01987
"521";"Spania";"50240308";"5024";8;"Gutt";"Kort utdanning";49,42491;-0,22223
"522";"Spania";"50240309";"5024";8;"Gutt";"VGS";49,42491;0,22011
"523";"Spania";"50240310";"5024";8;"Gutt";"Kort utdanning";36,11853;-0,60588
"524";"Spania";"50240311";"5024";8;"Gutt";"VGS";39,20663;0,42855
"525";"Spania";"50240312";"5024";8;"Jente";"Høyere utdanning";61,87809;0,38668
"526";"Spania";"50240313";"5024";8;"Gutt";"VGS";46,81653;-0,42247
"527";"Spania";"50240314";"5024";8;"Gutt";"Kort utdanning";36,11853;-1,4754
"528";"Spania";"50240315";"5024";8;"Jente";"Høyere utdanning";65,704;0,3806
"529";"Spania";"50240318";"5024";8;"Gutt";"Høyere utdanning";40,85939;1,32311
"530";"Spania";"50240319";"5024";8;"Gutt";"VGS";52,66245;0,65593
"531";"Spania";"50240320";"5024";8;"Jente";"Høyere utdanning";52,66245;1,10226
"532";"Spania";"50240321";"5024";8;"Gutt";"Kort utdanning";46,81653;0,06129
"533";"Spania";"50250601";"5025";8;"Jente";"Høyere utdanning";65,704;1,19796
"534";"Spania";"50250602";"5025";8;"Jente";"VGS";52,66245;-1,052
"535";"Spania";"50250603";"5025";8;"Gutt";"Høyere utdanning";52,66245;0,16141
"536";"Spania";"50250604";"5025";8;"Jente";"Høyere utdanning";62,87645;0,16141
"537";"Spania";"50250605";"5025";8;"Gutt";"Kort utdanning";49,42491;-1,52547
"538";"Spania";"50250606";"5025";8;"Gutt";"Ungdomsskole";54,18484;0,71419
"539";"Spania";"50250607";"5025";8;"Jente";"VGS";46,81653;0,17614
"540";"Spania";"50250608";"5025";8;"Gutt";"Høyere utdanning";57,13913;0,57663
"541";"Spania";"50250609";"5025";8;"Gutt";"Høyere utdanning";40,85939;-0,34955
"542";"Spania";"50250610";"5025";8;"Jente";"Høyere utdanning";65,704;0,66413
"543";"Spania";"50250611";"5025";8;"Gutt";"VGS";52,66245;1,11256
"544";"Spania";"50250612";"5025";8;"Gutt";"VGS";34,6202;-1,3023
"545";"Spania";"50250613";"5025";8;"Jente";"VGS";49,42491;-1,39001
"546";"Spania";"50250614";"5025";8;"Jente";"Høyere utdanning";46,81653;-1,15001
"547";"Spania";"50250615";"5025";8;"Jente";"VGS";39,20663;1,07281
"548";"Spania";"50250616";"5025";8;"Jente";"Høyere utdanning";52,66245;-0,2744
"549";"Spania";"50250617";"5025";8;"Gutt";"Kort utdanning";42,6371;0,42036
"550";"Spania";"50250618";"5025";8;"Jente";"VGS";49,42491;-1,39423
"551";"Spania";"50250619";"5025";8;"Gutt";"VGS";46,81653;-0,30762
"552";"Spania";"50250621";"5025";8;"Jente";"Høyere utdanning";65,704;0,96238
"553";"Spania";"50250622";"5025";8;"Gutt";"Høyere utdanning";65,704;-1,03959
"554";"Spania";"50250623";"5025";8;"Jente";"Høyere utdanning";65,704;-0,19509
"555";"Spania";"50250624";"5025";8;"Gutt";"Høyere utdanning";52,66245;0,89759
"556";"Spania";"50250625";"5025";8;"Gutt";"VGS";36,11853;-0,33265
"557";"Spania";"50250626";"5025";8;"Jente";"VGS";42,6371;-0,04048
"558";"Spania";"50250627";"5025";8;"Jente";"VGS";65,704;-1,91122
"559";"Spania";"50250628";"5025";8;"Jente";"Høyere utdanning";65,704;0,26153
"560";"Spania";"50250629";"5025";8;"Jente";"Høyere utdanning";65,704;0,13638
"561";"Spania";"50250630";"5025";8;"Gutt";"Kort utdanning";46,87167;-0,99163
"562";"Spania";"50250631";"5025";8;"Gutt";"Ungdomsskole";42,6371;-1,42745
"563";"Spania";"50250632";"5025";8;"Jente";"Ungdomsskole";40,85939;-1,17504
"564";"Spania";"50260401";"5026";8;"Jente";"VGS";65,704;-0,91444
"565";"Spania";"50260402";"5026";8;"Jente";"Høyere utdanning";65,704;0,38668
"566";"Spania";"50260403";"5026";8;"Jente";"Høyere utdanning";40,85939;0,51184
"567";"Spania";"50260405";"5026";8;"Jente";"Ungdomsskole";65,704;0,19508
"568";"Spania";"50260406";"5026";8;"Gutt";"Kort utdanning";49,42491;-1,61086
"569";"Spania";"50260408";"5026";8;"Annet";"Kort utdanning";40,85939;-0,25756
"570";"Spania";"50260409";"5026";8;"Gutt";"VGS";46,81653;-0,32235
"571";"Spania";"50260410";"5026";8;"Gutt";"VGS";42,6371;0,3219
"572";"Spania";"50260411";"5026";8;"Gutt";"Høyere utdanning";57,13913;-0,02098
"573";"Spania";"50260412";"5026";8;"Gutt";"Høyere utdanning";37,63793;-0,02199
"574";"Spania";"50260414";"5026";8;"Gutt";"VGS";44,59585;-1,4651
"575";"Spania";"50260415";"5026";8;"Gutt";"Høyere utdanning";37,63793;1,3982
"576";"Spania";"50260416";"5026";8;"Gutt";"Høyere utdanning";57,13913;-1,4754
"577";"Spania";"50260417";"5026";8;"Jente";"Høyere utdanning";65,704;0,89759
"578";"Spania";"50260418";"5026";8;"Gutt";"VGS";57,13913;-1,4754
"579";"Spania";"50260419";"5026";8;"Gutt";"VGS";65,704;-2,08643
"580";"Spania";"50260420";"5026";8;"Gutt";"Kort utdanning";46,81653;1,49832
"581";"Spania";"50260421";"5026";8;"Gutt";"Høyere utdanning";44,59585;-0,9666
"582";"Spania";"50260422";"5026";8;"Jente";"Høyere utdanning";65,704;0,47861
"583";"Spania";"50260423";"5026";8;"Gutt";"Kort utdanning";52,66245;-0,50786
"584";"Spania";"50260424";"5026";8;"Jente";"Ungdomsskole";50,98355;-0,44097
"585";"Spania";"50270201";"5027";8;"Jente";"Høyere utdanning";49,42491;0,23861
"586";"Spania";"50270203";"5027";8;"Jente";"Kort utdanning";65,704;-0,86438
"587";"Spania";"50270204";"5027";8;"Gutt";"VGS";57,13913;-1,60056
"588";"Spania";"50270205";"5027";8;"Gutt";"VGS";52,66245;-1,01456
"589";"Spania";"50270206";"5027";8;"Jente";"VGS";65,704;0,3034
"590";"Spania";"50270209";"5027";8;"Gutt";"Kort utdanning";52,66245;-1,78607
"591";"Spania";"50270210";"5027";8;"Jente";"Kort utdanning";65,704;0,11346
"592";"Spania";"50270211";"5027";8;"Gutt";"Kort utdanning";57,13913;-0,65383
"593";"Spania";"50270212";"5027";8;"Jente";"VGS";65,704;0,46388
"594";"Spania";"50270213";"5027";8;"Gutt";"Høyere utdanning";52,66245;0,07602
"595";"Spania";"50270214";"5027";8;"Gutt";"Kort utdanning";65,704;-0,60377
"596";"Spania";"50270215";"5027";8;"Gutt";"Høyere utdanning";52,66245;-1,01456
"597";"Spania";"50270217";"5027";8;"Gutt";"VGS";65,704;-0,53079
"598";"Spania";"50270218";"5027";8;"Jente";"Kort utdanning";65,704;0,43066
"599";"Spania";"50270219";"5027";8;"Gutt";"VGS";65,704;-1,24595
"600";"Spania";"50280201";"5028";8;"Jente";"Høyere utdanning";65,704;-0,34949
"601";"Spania";"50280202";"5028";8;"Gutt";"Høyere utdanning";46,81653;-0,64121
"602";"Spania";"50280203";"5028";8;"Jente";"VGS";65,704;-1,02697
"603";"Spania";"50280204";"5028";8;"Jente";"VGS";44,59585;0,38758
"604";"Spania";"50280205";"5028";8;"Gutt";"VGS";65,704;1,25609
"605";"Spania";"50280206";"5028";8;"Gutt";"Ungdomsskole";42,6371;-1,01666
"606";"Spania";"50280207";"5028";8;"Gutt";"Kort utdanning";52,66245;-1,01666
"607";"Spania";"50280210";"5028";8;"Jente";"VGS";52,66245;-1,15212
"608";"Spania";"50280211";"5028";8;"Gutt";"Kort utdanning";52,66245;-0,50786
"609";"Spania";"50280213";"5028";8;"Gutt";"Høyere utdanning";65,704;1,0625
"610";"Spania";"50280214";"5028";8;"Jente";"Høyere utdanning";65,704;-1,45248
"611";"Spania";"50280215";"5028";8;"Jente";"Høyere utdanning";65,704;-0,73314
"612";"Spania";"50280216";"5028";8;"Gutt";"VGS";52,66245;0,01123
"613";"Spania";"50280218";"5028";8;"Gutt";"Høyere utdanning";65,704;-1,40031
"614";"Spania";"50280220";"5028";8;"Gutt";"Kort utdanning";39,20663;-0,04912
"615";"Spania";"50280221";"5028";8;"Jente";"Høyere utdanning";64,49352;-0,65804
"616";"Spania";"50280222";"5028";8;"Jente";"VGS";37,63793;-1,78607
"617";"Spania";"50280223";"5028";8;"Jente";"Kort utdanning";37,63793;-0,60377
"618";"Spania";"50290101";"5029";8;"Gutt";"Høyere utdanning";49,42491;1,62347
"619";"Spania";"50290102";"5029";8;"Gutt";"VGS";65,704;-0,32024
"620";"Spania";"50290103";"5029";8;"Jente";"Høyere utdanning";65,704;0,33054
"621";"Spania";"50290104";"5029";8;"Gutt";"Høyere utdanning";65,704;-0,91444
"622";"Spania";"50290105";"5029";8;"Jente";"Kort utdanning";65,704;-0,98953
"623";"Spania";"50290106";"5029";8;"Gutt";"Kort utdanning";65,704;-1,11092
"624";"Spania";"50290107";"5029";8;"Gutt";"VGS";39,20663;0,85617
"625";"Spania";"50290108";"5029";8;"Jente";"Høyere utdanning";49,42491;0,74354
"626";"Spania";"50290110";"5029";8;"Gutt";"Høyere utdanning";57,13913;1,42323
"627";"Spania";"50290111";"5029";8;"Jente";"Høyere utdanning";57,13913;-0,60588
"628";"Spania";"50290112";"5029";8;"Jente";"VGS";65,704;-1,63589
"629";"Spania";"50290113";"5029";8;"Jente";"Høyere utdanning";65,704;1,49832
"630";"Spania";"50290114";"5029";8;"Gutt";"Høyere utdanning";65,704;0,62226
"631";"Spania";"50290115";"5029";8;"Jente";"Høyere utdanning";57,13913;-0,60588
"632";"Spania";"50290116";"5029";8;"Gutt";"Ungdomsskole";65,704;0,60376
"633";"Spania";"50290117";"5029";8;"Jente";"Høyere utdanning";65,704;0,8225
"634";"Spania";"50290118";"5029";8;"Gutt";"VGS";34,6202;-0,79959
"635";"Spania";"50290119";"5029";8;"Jente";"VGS";65,704;-0,2744
"636";"Spania";"50290120";"5029";8;"Gutt";"Ungdomsskole";49,42491;-0,6288
"637";"Spania";"50300101";"5030";8;"Gutt";"VGS";37,63793;-0,80169
"638";"Spania";"50300102";"5030";8;"Jente";"Høyere utdanning";52,66245;-1,17715
"639";"Spania";"50300103";"5030";8;"Gutt";"Høyere utdanning";52,66245;-0,40774
"640";"Spania";"50300104";"5030";8;"Jente";"Høyere utdanning";65,704;-0,9645
"641";"Spania";"50300105";"5030";8;"Jente";"Høyere utdanning";65,704;-0,3785
"642";"Spania";"50300106";"5030";8;"Gutt";"VGS";49,58883;-0,76847
"643";"Spania";"50300108";"5030";8;"Jente";"Høyere utdanning";65,704;1,06461
"644";"Spania";"50300109";"5030";8;"Gutt";"Ungdomsskole";57,13913;-0,32446
"645";"Spania";"50300110";"5030";8;"Gutt";"Ungdomsskole";57,13913;-1,12498
"646";"Spania";"50300111";"5030";8;"Jente";"Ungdomsskole";65,704;-0,60588
"647";"Spania";"50300112";"5030";8;"Gutt";"Høyere utdanning";65,704;1,34814
"648";"Spania";"50300113";"5030";8;"Jente";"Høyere utdanning";65,704;1,46299
"649";"Spania";"50300114";"5030";8;"Jente";"Høyere utdanning";65,704;0,04701
"650";"Spania";"50300115";"5030";8;"Jente";"VGS";49,42491;-0,93947
"651";"Spania";"50300116";"5030";8;"Jente";"Høyere utdanning";65,704;-0,01988
"652";"Spania";"50300117";"5030";8;"Jente";"Ungdomsskole";52,66245;-1,40031
"653";"Spania";"50300118";"5030";8;"Gutt";"Høyere utdanning";57,13913;-1,11468
"654";"Spania";"50300119";"5030";8;"Gutt";"VGS";65,704;1,13759
"655";"Spania";"50300120";"5030";8;"Jente";"Ungdomsskole";65,704;-1,15212
"656";"Spania";"50300121";"5030";8;"Jente";"Høyere utdanning";46,81653;-0,26409
"657";"Spania";"50300122";"5030";8;"Gutt";"Høyere utdanning";44,59585;-1,32733
"658";"Spania";"50300124";"5030";8;"Jente";"Høyere utdanning";39,20663;-1,20218
"659";"Spania";"50300125";"5030";8;"Jente";"VGS";65,704;-1,52547
"660";"Spania";"50300126";"5030";8;"Jente";"VGS";46,81653;-0,40563
"661";"Spania";"50300127";"5030";8;"Jente";"Kort utdanning";57,13913;-1,66092
"662";"Spania";"50300128";"5030";8;"Jente";"Høyere utdanning";65,704;-0,84356
"663";"Spania";"50310304";"5031";8;"Jente";"VGS";52,66245;-0,16353
"664";"Spania";"50310305";"5031";8;"Gutt";"VGS";57,13913;-1,75074
"665";"Spania";"50310306";"5031";8;"Jente";"VGS";65,704;-1,78607
"666";"Spania";"50310307";"5031";8;"Jente";"Ungdomsskole";44,59585;-0,50786
"667";"Spania";"50310308";"5031";8;"Jente";"Høyere utdanning";37,22016;-0,98344
"668";"Spania";"50310309";"5031";8;"Gutt";"Høyere utdanning";65,704;-1,42255
"669";"Spania";"50310310";"5031";8;"Jente";"VGS";56,56141;-1,36498
"670";"Spania";"50310311";"5031";8;"Jente";"Høyere utdanning";65,704;-0,37241
"671";"Spania";"50310312";"5031";8;"Jente";"Ungdomsskole";65,704;-1,25013
"672";"Spania";"50310313";"5031";8;"Gutt";"VGS";49,42491;-0,53289
"673";"Spania";"50310314";"5031";8;"Jente";"Høyere utdanning";40,85939;-0,02199
"674";"Spania";"50310315";"5031";8;"Jente";"Ungdomsskole";39,20663;-0,05732
"675";"Spania";"50310316";"5031";8;"Gutt";"Kort utdanning";52,66245;-0,79139
"676";"Spania";"50310319";"5031";8;"Gutt";"Kort utdanning";39,20663;-1,08965
"677";"Spania";"50310320";"5031";8;"Jente";"Høyere utdanning";65,704;-1,8008
"678";"Spania";"50310321";"5031";8;"Jente";"VGS";49,42491;-2,13649
"679";"Spania";"50310322";"5031";8;"Jente";"VGS";57,13913;-0,81431
"680";"Spania";"50310323";"5031";8;"Gutt";"VGS";63,8905;-1,78607
"681";"Spania";"50310324";"5031";8;"Jente";"VGS";65,704;-1,98631
"682";"Spania";"50310325";"5031";8;"Gutt";"VGS";57,13913;-2,13649
"683";"Spania";"50310326";"5031";8;"Jente";"VGS";57,13913;-2,13649
"684";"Spania";"50320201";"5032";8;"Jente";"VGS";57,13913;1,47329
"685";"Spania";"50320202";"5032";8;"Jente";"VGS";52,66245;-0,32844
"686";"Spania";"50320203";"5032";8;"Jente";"Kort utdanning";65,704;1,3982
"687";"Spania";"50320204";"5032";8;"Gutt";"Høyere utdanning";39,20663;0,13029
"688";"Spania";"50320206";"5032";8;"Jente";"VGS";65,704;-1,36709
"689";"Spania";"50320207";"5032";8;"Gutt";"Høyere utdanning";57,13913;1,1479
"690";"Spania";"50320208";"5032";8;"Jente";"Høyere utdanning";65,704;-0,27117
"691";"Spania";"50320209";"5032";8;"Gutt";"VGS";65,704;-0,21403
"692";"Spania";"50320210";"5032";8;"Jente";"Høyere utdanning";65,704;-0,57874
"693";"Spania";"50320211";"5032";8;"Gutt";"VGS";57,13913;-1,2148
"694";"Spania";"50320212";"5032";8;"Gutt";"Ungdomsskole";65,704;-0,24726
"695";"Spania";"50320213";"5032";8;"Gutt";"VGS";36,11853;0,41172
"696";"Spania";"50320214";"5032";8;"Jente";"Høyere utdanning";65,704;1,0625
"697";"Spania";"50320215";"5032";8;"Gutt";"Kort utdanning";40,85939;0,76214
"698";"Spania";"50320216";"5032";8;"Gutt";"Kort utdanning";39,20663;-1,09175
"699";"Spania";"50320217";"5032";8;"Gutt";"Ungdomsskole";65,06482;-0,20539
"700";"Spania";"50320218";"5032";8;"Gutt";"VGS";65,704;-0,81642
"701";"Spania";"50320219";"5032";8;"Gutt";"VGS";52,66245;-1,01666
"702";"Spania";"50320220";"5032";8;"Jente";"VGS";65,704;1,56311
"703";"Spania";"50320222";"5032";8;"Jente";"Høyere utdanning";65,704;1,49832
"704";"Spania";"50320225";"5032";8;"Gutt";"VGS";46,81653;-1,78607
"705";"Spania";"50320226";"5032";8;"Jente";"VGS";57,13913;-0,23042
"706";"Spania";"50330301";"5033";8;"Jente";"VGS";46,81653;-0,18856
"707";"Spania";"50330302";"5033";8;"Jente";"Høyere utdanning";37,63793;-0,98953
"708";"Spania";"50330303";"5033";8;"Gutt";"VGS";51,67915;1,26485
"709";"Spania";"50330304";"5033";8;"Jente";"Høyere utdanning";65,704;-0,83115
"710";"Spania";"50330305";"5033";8;"Gutt";"Høyere utdanning";46,81653;0,00093
"711";"Spania";"50330306";"5033";8;"Jente";"VGS";65,704;-1,4754
"712";"Spania";"50330307";"5033";8;"Jente";"Høyere utdanning";49,42491;-0,20539
"713";"Spania";"50330308";"5033";8;"Gutt";"Kort utdanning";42,6371;1,3982
"714";"Spania";"50330310";"5033";8;"Jente";"VGS";57,13913;-1,2251
"715";"Spania";"50330311";"5033";8;"Jente";"Høyere utdanning";65,704;-0,02199
"716";"Spania";"50330312";"5033";8;"Jente";"Høyere utdanning";52,66245;1,18765
"717";"Spania";"50330313";"5033";8;"Jente";"Kort utdanning";42,6371;-0,6288
"718";"Spania";"50330314";"5033";8;"Gutt";"Kort utdanning";46,81653;1,03958
"719";"Spania";"50330315";"5033";8;"Gutt";"VGS";37,63793;0,57663
"720";"Spania";"50330316";"5033";8;"Gutt";"VGS";31,55703;-0,91654
"721";"Spania";"50330318";"5033";8;"Jente";"Kort utdanning";65,704;0,83723
"722";"Spania";"50330319";"5033";8;"Jente";"Høyere utdanning";65,704;-1,15001
"723";"Spania";"50330320";"5033";8;"Gutt";"Høyere utdanning";57,13913;1,52335
"724";"Spania";"50330321";"5033";8;"Jente";"VGS";65,704;-0,64564
"725";"Spania";"50330322";"5033";8;"Gutt";"Høyere utdanning";49,42491;0,99284
"726";"Spania";"50330323";"5033";8;"Jente";"VGS";65,704;1,57341
"727";"Spania";"50330324";"5033";8;"Jente";"Kort utdanning";57,13913;0,57873
"728";"Spania";"50330325";"5033";8;"Gutt";"VGS";65,704;-0,98953
"729";"Spania";"50330326";"5033";8;"Gutt";"VGS";52,66245;0,55159
"730";"Spania";"50330327";"5033";8;"Gutt";"Høyere utdanning";49,42491;0,83723
"731";"Spania";"50340601";"5034";8;"Gutt";"VGS";46,81653;1,62347
"732";"Spania";"50340603";"5034";8;"Jente";"Høyere utdanning";46,81653;1,04777
"733";"Spania";"50340605";"5034";8;"Gutt";"Høyere utdanning";57,13913;-0,63301
"734";"Spania";"50340606";"5034";8;"Jente";"Høyere utdanning";65,704;0,32843
"735";"Spania";"50340607";"5034";8;"Gutt";"VGS";47,16983;-0,12211
"736";"Spania";"50340608";"5034";8;"Gutt";"Høyere utdanning";65,704;0,14694
"737";"Spania";"50340609";"5034";8;"Jente";"Høyere utdanning";52,66245;0,58084
"738";"Spania";"50340610";"5034";8;"Jente";"Høyere utdanning";65,704;-0,06174
"739";"Spania";"50340611";"5034";8;"Gutt";"VGS";39,20663;-0,74133
"740";"Spania";"50340612";"5034";8;"Jente";"Høyere utdanning";65,704;0,57873
"741";"Spania";"50340613";"5034";8;"Gutt";"Høyere utdanning";37,63793;0,96238
"742";"Spania";"50340615";"5034";8;"Jente";"Høyere utdanning";65,704;1,24802
"743";"Spania";"50340616";"5034";8;"Jente";"Høyere utdanning";65,704;1,49832
"744";"Spania";"50340617";"5034";8;"Jente";"VGS";65,704;-0,10527
"745";"Spania";"50340618";"5034";8;"Gutt";"VGS";57,13913;-0,07205
"746";"Spania";"50340620";"5034";8;"Gutt";"VGS";39,20663;1,29808
"747";"Spania";"50340621";"5034";8;"Gutt";"Kort utdanning";39,20663;0,53078
"748";"Spania";"50340622";"5034";8;"Jente";"Høyere utdanning";57,13913;1,04777
"749";"Spania";"50340623";"5034";8;"Gutt";"VGS";57,13913;0,5619
"750";"Spania";"50340624";"5034";8;"Gutt";"Kort utdanning";37,63793;0,96238
"751";"Spania";"50340625";"5034";8;"Gutt";"VGS";65,704;-1,27516
"752";"Spania";"50340626";"5034";8;"Gutt";"Høyere utdanning";57,13913;0,8122
"753";"Spania";"50340627";"5034";8;"Gutt";"VGS";65,704;0,3806
"754";"Spania";"50340628";"5034";8;"Jente";"VGS";65,704;-0,57431
"755";"Spania";"50340629";"5034";8;"Jente";"VGS";49,42491;0,57873
"756";"Spania";"50340630";"5034";8;"Gutt";"Høyere utdanning";44,59585;-0,12
"757";"Spania";"50340631";"5034";8;"Jente";"Høyere utdanning";65,704;0,49711
"758";"Spania";"50350102";"5035";8;"Jente";"Høyere utdanning";65,704;-0,02409
"759";"Spania";"50350104";"5035";8;"Gutt";"Høyere utdanning";65,704;-0,17427
"760";"Spania";"50350105";"5035";8;"Gutt";"Høyere utdanning";57,13913;1,52335
"761";"Spania";"50350106";"5035";8;"Jente";"VGS";65,704;0,75184
"762";"Spania";"50350107";"5035";8;"Gutt";"VGS";57,13913;-0,79139
"763";"Spania";"50350108";"5035";8;"Jente";"Høyere utdanning";65,704;1,07723
"764";"Spania";"50350109";"5035";8;"Gutt";"Høyere utdanning";65,704;1,47329
"765";"Spania";"50350110";"5035";8;"Jente";"Høyere utdanning";44,59585;1,62347
"766";"Spania";"50350111";"5035";8;"Jente";"Kort utdanning";65,704;1,42323
"767";"Spania";"50350112";"5035";8;"Gutt";"Kort utdanning";49,42491;1,0387
"768";"Spania";"50350113";"5035";8;"Gutt";"Høyere utdanning";42,6371;-0,53079
"769";"Spania";"50350114";"5035";8;"Jente";"Høyere utdanning";65,704;0,42855
"770";"Spania";"50350115";"5035";8;"Gutt";"Kort utdanning";65,704;0,72681
"771";"Spania";"50350116";"5035";8;"Gutt";"Høyere utdanning";65,704;1,62347
"772";"Spania";"50350118";"5035";8;"Jente";"Kort utdanning";65,704;0,27017
"773";"Spania";"50350119";"5035";8;"Jente";"Ungdomsskole";65,704;0,58084
"774";"Spania";"50350120";"5035";8;"Gutt";"Høyere utdanning";65,704;0,36165
"775";"Spania";"50350122";"5035";8;"Jente";"Høyere utdanning";65,704;1,49832
"776";"Spania";"50350123";"5035";8;"Gutt";"Høyere utdanning";65,704;-0,43066
"777";"Spania";"50350124";"5035";8;"Jente";"VGS";65,704;0,82087
"778";"Spania";"50350125";"5035";8;"Jente";"Høyere utdanning";65,704;1,13759
"779";"Spania";"50350126";"5035";8;"Jente";"VGS";65,704;1,57341
"780";"Spania";"50350127";"5035";8;"Annet";"Høyere utdanning";65,06482;0,70599
"781";"Spania";"50350128";"5035";8;"Gutt";"Høyere utdanning";49,42491;1,84874
"782";"Spania";"50360301";"5036";8;"Gutt";"Høyere utdanning";65,704;1,57341
"783";"Spania";"50360302";"5036";8;"Gutt";"VGS";65,704;0,24514
"784";"Spania";"50360303";"5036";8;"Jente";"Kort utdanning";65,704;-0,12
"785";"Spania";"50360305";"5036";8;"Gutt";"Ungdomsskole";65,704;1,49832
"786";"Spania";"50360306";"5036";8;"Jente";"Høyere utdanning";57,13913;1,07723
"787";"Spania";"50360309";"5036";8;"Gutt";"Høyere utdanning";52,66245;1,03747
"788";"Spania";"50360310";"5036";8;"Gutt";"VGS";40,85939;0,86689
"789";"Spania";"50360311";"5036";8;"Jente";"Høyere utdanning";65,704;1,84874
"790";"Spania";"50360312";"5036";8;"Gutt";"VGS";65,704;-0,22012
"791";"Spania";"50360313";"5036";8;"Jente";"Ungdomsskole";65,704;1,11256
"792";"Spania";"50360314";"5036";8;"Gutt";"Kort utdanning";52,66245;1,52335
"793";"Spania";"50360315";"5036";8;"Jente";"Kort utdanning";65,704;1,24802
"794";"Spania";"50360316";"5036";8;"Gutt";"Ungdomsskole";52,66245;0,27228
"795";"Spania";"50360317";"5036";8;"Gutt";"VGS";65,704;0,96238
"796";"Spania";"50360318";"5036";8;"Jente";"Høyere utdanning";65,704;-0,10527
"797";"Spania";"50360319";"5036";8;"Gutt";"Høyere utdanning";52,66245;0,10105
"798";"Spania";"50360321";"5036";8;"Jente";"Ungdomsskole";36,11853;-0,01988
"799";"Spania";"50360322";"5036";8;"Gutt";"Kort utdanning";57,13913;1,19796
"800";"Spania";"50360323";"5036";8;"Gutt";"Høyere utdanning";57,13913;1,84874
"801";"Spania";"50360325";"5036";8;"Gutt";"VGS";40,85939;0,26807
"802";"Spania";"50360326";"5036";8;"Jente";"Høyere utdanning";52,66245;0,8122
"803";"Spania";"50360327";"5036";8;"Jente";"Høyere utdanning";65,704;0,98952
"804";"Spania";"50360328";"5036";8;"Jente";"VGS";65,704;-0,20539
"805";"Spania";"50360329";"5036";8;"Jente";"Ungdomsskole";37,63793;0,05827
"806";"Spania";"50370102";"5037";8;"Gutt";"Høyere utdanning";42,6371;-1,01456
"807";"Spania";"50370103";"5037";8;"Jente";"Høyere utdanning";49,42491;0,83723
"808";"Spania";"50370104";"5037";8;"Annet";"Ungdomsskole";57,13913;-0,03882
"809";"Spania";"50370105";"5037";8;"Gutt";"VGS";46,81653;0,76425
"810";"Spania";"50370106";"5037";8;"Gutt";"Høyere utdanning";37,63793;-0,69338
"811";"Spania";"50370107";"5037";8;"Jente";"Høyere utdanning";65,704;1,57341
"812";"Spania";"50370109";"5037";8;"Jente";"Ungdomsskole";37,22016;-1,82518
"813";"Spania";"50370110";"5037";8;"Jente";"Ungdomsskole";44,59585;-0,14714
"814";"Spania";"50370111";"5037";8;"Gutt";"Høyere utdanning";33,11239;-2,03637
"815";"Spania";"50370112";"5037";8;"Gutt";"Kort utdanning";57,13913;1,74862
"816";"Spania";"50370113";"5037";8;"Jente";"Høyere utdanning";49,42491;-1,78607
"817";"Spania";"50370114";"5037";8;"Jente";"Ungdomsskole";34,6202;0,64729
"818";"Spania";"50370115";"5037";8;"Annet";"Høyere utdanning";37,63793;0,20328
"819";"Spania";"50370116";"5037";8;"Gutt";"Høyere utdanning";65,704;-0,52868
"820";"Spania";"50370117";"5037";8;"Jente";"Høyere utdanning";44,59585;1,49832
"821";"Spania";"50370118";"5037";8;"Jente";"Kort utdanning";42,6371;-0,35347
"822";"Spania";"50370119";"5037";8;"Jente";"Høyere utdanning";65,704;0,28048
"823";"Spania";"50370120";"5037";8;"Jente";"Høyere utdanning";65,704;0,72238
"824";"Spania";"50370121";"5037";8;"Gutt";"Ungdomsskole";39,20663;-1,52547
"825";"Spania";"50370122";"5037";8;"Jente";"Høyere utdanning";65,704;-1,30019
"826";"Spania";"50370123";"5037";8;"Jente";"Høyere utdanning";65,704;1,21268
"827";"Spania";"50370124";"5037";8;"Jente";"Høyere utdanning";65,704;-0,22012
"828";"Spania";"50370126";"5037";8;"Gutt";"Kort utdanning";41,63162;1,21268
"829";"Spania";"50370128";"5037";8;"Jente";"Høyere utdanning";65,704;0,65593
"830";"Spania";"50380301";"5038";8;"Gutt";"Ungdomsskole";57,13913;0,35557
"831";"Spania";"50380302";"5038";8;"Gutt";"VGS";65,704;-0,22223
"832";"Spania";"50380303";"5038";8;"Jente";"Høyere utdanning";65,704;-1,00847
"833";"Spania";"50380304";"5038";8;"Jente";"Høyere utdanning";65,704;1,57341
"834";"Spania";"50380305";"5038";8;"Jente";"VGS";65,704;-1,13971
"835";"Spania";"50380306";"5038";8;"Jente";"VGS";52,66245;-1,08965
"836";"Spania";"50380307";"5038";8;"Jente";"VGS";46,81653;0,5619
"837";"Spania";"50380308";"5038";8;"Gutt";"VGS";37,63793;-0,05521
"838";"Spania";"50380309";"5038";8;"Gutt";"Høyere utdanning";39,20663;1,42323
"839";"Spania";"50380310";"5038";8;"Gutt";"Kort utdanning";40,85939;-1,04169
"840";"Spania";"50380311";"5038";8;"Jente";"Høyere utdanning";65,704;-0,09497
"841";"Spania";"50380312";"5038";8;"Gutt";"Høyere utdanning";57,13913;-0,22223
"842";"Spania";"50380314";"5038";8;"Annet";"VGS";42,6371;-1,27727
"843";"Spania";"50380315";"5038";8;"Gutt";"Kort utdanning";49,42491;-0,34295
"844";"Spania";"50380316";"5038";8;"Jente";"Høyere utdanning";65,704;1,11256
"845";"Spania";"50380317";"5038";8;"Jente";"Kort utdanning";65,704;-1,27516
"846";"Spania";"50380318";"5038";8;"Gutt";"Kort utdanning";44,59585;-0,58815
"847";"Spania";"50380319";"5038";8;"Gutt";"Høyere utdanning";65,704;-0,53079
"848";"Spania";"50380320";"5038";8;"Gutt";"Ungdomsskole";42,6371;0,37638
"849";"Spania";"50380322";"5038";8;"Jente";"VGS";65,704;-0,69127
"850";"Spania";"50380323";"5038";8;"Jente";"Høyere utdanning";57,13913;-0,91654
"851";"Spania";"50380324";"5038";8;"Jente";"Høyere utdanning";65,704;-1,03959
"852";"Spania";"50380325";"5038";8;"Gutt";"VGS";49,42491;-0,61618
"853";"Spania";"50380327";"5038";8;"Gutt";"Høyere utdanning";44,59585;1,49832
"854";"Spania";"50380329";"5038";8;"Jente";"Høyere utdanning";65,704;-1,32522
"855";"Spania";"50380330";"5038";8;"Gutt";"Høyere utdanning";37,63793;-0,86648
"856";"Spania";"50380331";"5038";8;"Jente";"Kort utdanning";52,66245;-1,00194
"857";"Spania";"50380332";"5038";8;"Gutt";"Kort utdanning";57,13913;0,06129
"858";"Spania";"50380333";"5038";8;"Jente";"Kort utdanning";65,704;-2,01134
"859";"Spania";"50390502";"5039";8;"Gutt";"VGS";49,42491;-0,10527
"860";"Spania";"50390503";"5039";8;"Jente";"Høyere utdanning";65,704;1,11256
"861";"Spania";"50390504";"5039";8;"Gutt";"Høyere utdanning";46,81653;0,62226
"862";"Spania";"50390505";"5039";8;"Jente";"Høyere utdanning";65,704;0,67675
"863";"Spania";"50390506";"5039";8;"Gutt";"Høyere utdanning";65,704;1,84874
"864";"Spania";"50390507";"5039";8;"Gutt";"VGS";57,13913;0,32632
"865";"Spania";"50390508";"5039";8;"Gutt";"Høyere utdanning";57,13913;0,96238
"866";"Spania";"50390509";"5039";8;"Jente";"Høyere utdanning";65,704;1,04777
"867";"Spania";"50390510";"5039";8;"Gutt";"VGS";46,81653;0,4765
"868";"Spania";"50390511";"5039";8;"Jente";"Høyere utdanning";65,704;0,93735
"869";"Spania";"50390512";"5039";8;"Gutt";"Høyere utdanning";49,42491;0,96238
"870";"Spania";"50390513";"5039";8;"Gutt";"VGS";52,66245;-1,01666
"871";"Spania";"50390515";"5039";8;"Jente";"Kort utdanning";65,704;0,18035
"872";"Spania";"50390516";"5039";8;"Gutt";"VGS";52,66245;-1,08965
"873";"Spania";"50390517";"5039";8;"Gutt";"Høyere utdanning";49,42491;-0,86438
"874";"Spania";"50390518";"5039";8;"Jente";"Høyere utdanning";65,704;-0,20539
"875";"Spania";"50390519";"5039";8;"Jente";"Høyere utdanning";65,704;-0,60377
"876";"Spania";"50390520";"5039";8;"Gutt";"Høyere utdanning";49,42491;1,37317
"877";"Spania";"50390521";"5039";8;"Jente";"Høyere utdanning";65,704;0,38668
"878";"Spania";"50390522";"5039";8;"Jente";"Høyere utdanning";65,704;1,17293
"879";"Spania";"50390523";"5039";8;"Jente";"Kort utdanning";65,704;1,32311
"880";"Spania";"50390524";"5039";8;"Jente";"Kort utdanning";65,704;0,43885
"881";"Spania";"50390525";"5039";8;"Gutt";"VGS";57,13913;-0,94368
"882";"Spania";"50390526";"5039";8;"Jente";"Kort utdanning";65,704;1,37317
"883";"Spania";"50400207";"5040";8;"Jente";"Høyere utdanning";37,63793;0,98741
"884";"Spania";"50400212";"5040";8;"Annet";"Høyere utdanning";37,63793;1,34814
"885";"Spania";"50400219";"5040";8;"Jente";"Høyere utdanning";37,63793;1,24802
"886";"Spania";"50410204";"5041";8;"Gutt";"Høyere utdanning";65,704;-1,60056
"887";"Spania";"50410205";"5041";8;"Gutt";"Ungdomsskole";49,42491;-0,14924
"888";"Spania";"50410206";"5041";8;"Jente";"VGS";65,704;-1,75074
"889";"Spania";"50410208";"5041";8;"Gutt";"Kort utdanning";42,6371;-0,48494
"890";"Spania";"50410211";"5041";8;"Jente";"Høyere utdanning";65,704;-0,02199
"891";"Spania";"50410212";"5041";8;"Jente";"Høyere utdanning";65,704;-0,12
"892";"Spania";"50410213";"5041";8;"Gutt";"Kort utdanning";65,704;-1,3023
"893";"Spania";"50410214";"5041";8;"Jente";"VGS";57,13913;0,38668
"894";"Spania";"50410215";"5041";8;"Gutt";"Ungdomsskole";49,42491;-0,24726
"895";"Spania";"50410216";"5041";8;"Gutt";"Kort utdanning";44,59585;-0,44097
"896";"Spania";"50410217";"5041";8;"Jente";"VGS";57,13913;-0,30551
"897";"Spania";"50410220";"5041";8;"Jente";"VGS";44,59585;1,11256
"898";"Spania";"50420101";"5042";8;"Gutt";"Høyere utdanning";49,42491;0,83723
"899";"Spania";"50420102";"5042";8;"Gutt";"Høyere utdanning";40,85939;0,75184
"900";"Spania";"50420103";"5042";8;"Jente";"Høyere utdanning";65,704;0,36376
"901";"Spania";"50420104";"5042";8;"Jente";"Høyere utdanning";52,66245;0,31159
"902";"Spania";"50420105";"5042";8;"Gutt";"Kort utdanning";52,66245;-0,40563
"903";"Spania";"50420106";"5042";8;"Gutt";"Høyere utdanning";46,81653;0,26596
"904";"Spania";"50420107";"5042";8;"Jente";"Høyere utdanning";65,704;1,87377
"905";"Spania";"50420108";"5042";8;"Jente";"Høyere utdanning";65,704;0,86226
"906";"Spania";"50420109";"5042";8;"Gutt";"Høyere utdanning";57,13913;1,52335
"907";"Spania";"50420110";"5042";8;"Gutt";"VGS";65,704;-0,06385
"908";"Spania";"50420111";"5042";8;"Gutt";"Høyere utdanning";46,81653;0,51184
"909";"Spania";"50420112";"5042";8;"Jente";"Høyere utdanning";52,66245;0,79471
"910";"Spania";"50420113";"5042";8;"Jente";"VGS";65,704;0,66202
"911";"Spania";"50420114";"5042";8;"Gutt";"Kort utdanning";42,6371;0,61406
"912";"Spania";"50420115";"5042";8;"Jente";"Høyere utdanning";57,13913;0,51184
"913";"Spania";"50420116";"5042";8;"Gutt";"VGS";65,704;0,40972
"914";"Spania";"50420117";"5042";8;"Gutt";"Kort utdanning";34,6202;0,83934
"915";"Spania";"50420118";"5042";8;"Gutt";"Høyere utdanning";42,6371;0,60587
"916";"Spania";"50420119";"5042";8;"Gutt";"Høyere utdanning";39,20663;0,96449
"917";"Spania";"50420121";"5042";8;"Jente";"Høyere utdanning";65,704;1,11256
"918";"Spania";"50420122";"5042";8;"Gutt";"Høyere utdanning";37,63793;1,12287
"919";"Spania";"50420123";"5042";8;"Gutt";"Høyere utdanning";50,98355;0,37772
"920";"Spania";"50420124";"5042";8;"Jente";"Høyere utdanning";65,704;1,57341
"921";"Spania";"50420125";"5042";8;"Jente";"Høyere utdanning";57,13913;1,19796
"922";"Spania";"50430101";"5043";8;"Gutt";"Høyere utdanning";57,13913;0,84753
"923";"Spania";"50430103";"5043";8;"Annet";"Høyere utdanning";49,42491;1,07934
"924";"Spania";"50430104";"5043";8;"Gutt";"VGS";65,704;1,11256
"925";"Spania";"50430105";"5043";8;"Gutt";"VGS";57,13913;-1,01666
"926";"Spania";"50430108";"5043";8;"Gutt";"Kort utdanning";37,63793;-0,43066
"927";"Spania";"50430109";"5043";8;"Gutt";"Høyere utdanning";44,59585;0,57873
"928";"Spania";"50430110";"5043";8;"Gutt";"Høyere utdanning";37,63793;0,55581
"929";"Spania";"50440401";"5044";8;"Jente";"VGS";65,704;-1,68595
"930";"Spania";"50440402";"5044";8;"Gutt";"Høyere utdanning";42,6371;-0,9645
"931";"Spania";"50440403";"5044";8;"Jente";"VGS";54,18484;-1,41062
"932";"Spania";"50440404";"5044";8;"Jente";"Ungdomsskole";65,704;-1,52547
"933";"Spania";"50440406";"5044";8;"Gutt";"VGS";40,85939;-0,48073
"934";"Spania";"50440407";"5044";8;"Jente";"Høyere utdanning";49,42491;-0,48892
"935";"Spania";"50440408";"5044";8;"Jente";"Høyere utdanning";65,704;-1,86116
"936";"Spania";"50440409";"5044";8;"Jente";"VGS";65,704;-1,51074
"937";"Spania";"50440410";"5044";8;"Jente";"VGS";65,704;-1,62559
"938";"Spania";"50440411";"5044";8;"Gutt";"Høyere utdanning";65,704;-1,76104
"939";"Spania";"50440413";"5044";8;"Gutt";"VGS";40,85939;-0,60377
"940";"Spania";"50440414";"5044";8;"Jente";"VGS";65,704;-2,03637
"941";"Spania";"50440415";"5044";8;"Gutt";"VGS";65,704;-0,76636
"942";"Spania";"50440416";"5044";8;"Jente";"Høyere utdanning";65,704;-0,706
"943";"Spania";"50440417";"5044";8;"Jente";"Høyere utdanning";65,704;-0,87468
"944";"Spania";"50440418";"5044";8;"Jente";"VGS";65,704;-1,51045
"945";"Spania";"50440420";"5044";8;"Jente";"VGS";49,42491;-0,77456
"946";"Spania";"50440421";"5044";8;"Gutt";"VGS";65,704;-1,0438
"947";"Spania";"50440422";"5044";8;"Jente";"Høyere utdanning";65,704;0,38668
"948";"Spania";"50440424";"5044";8;"Gutt";"Høyere utdanning";42,6371;-0,09918
"949";"Spania";"50440425";"5044";8;"Jente";"Høyere utdanning";65,704;-1,37528
"950";"Spania";"50440426";"5044";8;"Jente";"Høyere utdanning";65,704;-0,32235
"951";"Spania";"50440427";"5044";8;"Jente";"Høyere utdanning";65,704;-1,77577
"952";"Spania";"50450101";"5045";8;"Gutt";"VGS";49,42491;1,34814
"953";"Spania";"50450201";"5045";8;"Jente";"Ungdomsskole";65,704;-1,24194
"954";"Spania";"50450202";"5045";8;"Jente";"Høyere utdanning";65,704;-1,27516
"955";"Spania";"50450203";"5045";8;"Jente";"Ungdomsskole";57,13913;-1,45037
"956";"Spania";"50450204";"5045";8;"Jente";"Kort utdanning";65,704;-0,50576
"957";"Spania";"50460301";"5046";8;"Jente";"Høyere utdanning";65,704;-0,61829
"958";"Spania";"50460302";"5046";8;"Gutt";"Høyere utdanning";52,66245;1,11256
"959";"Spania";"50460303";"5046";8;"Jente";"Høyere utdanning";62,87645;-1,02486
"960";"Spania";"50460304";"5046";8;"Gutt";"Kort utdanning";65,704;0,19719
"961";"Spania";"50460305";"5046";8;"Gutt";"VGS";65,704;0,33054
"962";"Spania";"50460306";"5046";8;"Jente";"Høyere utdanning";65,704;0,66202
"963";"Spania";"50460307";"5046";8;"Gutt";"VGS";46,81653;-1,13971
"964";"Spania";"50460308";"5046";8;"Jente";"Høyere utdanning";65,704;0,5537
"965";"Spania";"50460309";"5046";8;"Jente";"Høyere utdanning";65,704;1,23772
"966";"Spania";"50460310";"5046";8;"Gutt";"Kort utdanning";65,704;0,58084
"967";"Spania";"50460311";"5046";8;"Gutt";"VGS";65,704;0,60166
"968";"Spania";"50460312";"5046";8;"Jente";"Høyere utdanning";65,704;0,91443
"969";"Spania";"50460314";"5046";8;"Gutt";"Høyere utdanning";65,704;-0,64121
"970";"Spania";"50460315";"5046";8;"Gutt";"Kort utdanning";57,13913;-0,37452
"971";"Spania";"50460316";"5046";8;"Gutt";"Høyere utdanning";46,25673;1,04777
"972";"Spania";"50460317";"5046";8;"Jente";"Høyere utdanning";65,704;0,13638
"973";"Spania";"50460318";"5046";8;"Jente";"Høyere utdanning";46,81653;1,19796
"974";"Spania";"50460319";"5046";8;"Jente";"Høyere utdanning";65,704;1,52335
"975";"Spania";"50460320";"5046";8;"Jente";"Høyere utdanning";65,704;0,19508
"976";"Spania";"50460321";"5046";8;"Jente";"VGS";46,81653;-0,32235
"977";"Spania";"50460322";"5046";8;"Jente";"Høyere utdanning";65,704;-0,63091
"978";"Spania";"50460323";"5046";8;"Jente";"Høyere utdanning";57,13913;0,91232
"979";"Spania";"50460324";"5046";8;"Jente";"VGS";52,66245;-0,20539
"980";"Spania";"50460325";"5046";8;"Jente";"Høyere utdanning";65,704;0,8122
"981";"Spania";"50460326";"5046";8;"Jente";"Høyere utdanning";65,704;-1,15001
"982";"Spania";"50460327";"5046";8;"Jente";"Høyere utdanning";65,704;1,04777
"983";"Spania";"50470101";"5047";8;"Gutt";"VGS";57,13913;-0,2744
"984";"Spania";"50470102";"5047";8;"Gutt";"Ungdomsskole";39,20663;-0,96007
"985";"Spania";"50470103";"5047";8;"Gutt";"Høyere utdanning";46,81653;0,76214
"986";"Spania";"50470104";"5047";8;"Gutt";"Høyere utdanning";65,704;0,8122
"987";"Spania";"50470105";"5047";8;"Gutt";"Høyere utdanning";65,704;-1,14182
"988";"Spania";"50470106";"5047";8;"Gutt";"VGS";46,81653;-0,30551
"989";"Spania";"50470107";"5047";8;"Gutt";"VGS";42,6371;-0,74133
"990";"Spania";"50470108";"5047";8;"Gutt";"Kort utdanning";65,704;0,01776
"991";"Spania";"50470109";"5047";8;"Gutt";"Ungdomsskole";65,06482;1,82496
"992";"Spania";"50470110";"5047";8;"Gutt";"VGS";57,13913;-0,65594
"993";"Spania";"50470111";"5047";8;"Jente";"Ungdomsskole";65,704;-0,44097
"994";"Spania";"50470112";"5047";8;"Gutt";"VGS";57,13913;-0,81642
"995";"Spania";"50470113";"5047";8;"Jente";"VGS";40,85939;-0,63301
"996";"Spania";"50470114";"5047";8;"Gutt";"Høyere utdanning";49,42491;0,06993
"997";"Spania";"50470115";"5047";8;"Jente";"VGS";65,704;0,07813
"998";"Spania";"50470116";"5047";8;"Jente";"VGS";65,704;1,11256
"999";"Spania";"50470117";"5047";8;"Jente";"VGS";65,704;-2,13649
"1000";"Spania";"50470118";"5047";8;"Gutt";"Høyere utdanning";65,06482;0,43675
"1001";"Spania";"50470119";"5047";8;"Jente";"Høyere utdanning";65,704;0,85196
"1002";"Spania";"50470120";"5047";8;"Jente";"Høyere utdanning";65,704;-1,37739
"1003";"Spania";"50470121";"5047";8;"Gutt";"Høyere utdanning";40,85939;0,16141
"1004";"Spania";"50470122";"5047";8;"Gutt";"Høyere utdanning";52,66245;-0,57431
"1005";"Spania";"50470123";"5047";8;"Gutt";"VGS";52,66245;-0,17217
"1006";"Spania";"50470124";"5047";8;"Jente";"VGS";65,704;0,13029
"1007";"Spania";"50470125";"5047";8;"Gutt";"Kort utdanning";57,13913;0,66202
"1008";"Spania";"50470126";"5047";8;"Jente";"VGS";65,704;0,01334
"1009";"Spania";"50470127";"5047";8;"Gutt";"Høyere utdanning";65,704;-0,7266
"1010";"Spania";"50470129";"5047";8;"Gutt";"Ungdomsskole";37,63793;-1,37528
"1011";"Spania";"50470130";"5047";8;"Gutt";"VGS";49,42491;0,19087
"1012";"Spania";"50470131";"5047";8;"Jente";"VGS";65,704;-1,08673
"1013";"Spania";"50480103";"5048";8;"Jente";"VGS";37,63793;-0,03838
"1014";"Spania";"50480104";"5048";8;"Jente";"Ungdomsskole";65,704;1,08753
"1015";"Spania";"50480105";"5048";8;"Gutt";"VGS";40,85939;-1,08965
"1016";"Spania";"50480106";"5048";8;"Jente";"Høyere utdanning";65,704;1,49832
"1017";"Spania";"50480107";"5048";8;"Jente";"Ungdomsskole";37,63793;0,22548
"1018";"Spania";"50480108";"5048";8;"Jente";"Kort utdanning";64,49352;0,22831
"1019";"Spania";"50480110";"5048";8;"Jente";"Høyere utdanning";65,704;1,12287
"1020";"Spania";"50480111";"5048";8;"Gutt";"Kort utdanning";40,85939;0,41382
"1021";"Spania";"50480112";"5048";8;"Jente";"VGS";37,63793;-0,22433
"1022";"Spania";"50480113";"5048";8;"Annet";"Kort utdanning";37,63793;1,1479
"1023";"Spania";"50480115";"5048";8;"Jente";"VGS";39,20663;-0,99163
"1024";"Spania";"50480116";"5048";8;"Jente";"Ungdomsskole";37,63793;-1,01666
"1025";"Spania";"50480117";"5048";8;"Jente";"Høyere utdanning";65,704;0,564
"1026";"Spania";"50480118";"5048";8;"Jente";"Høyere utdanning";52,66245;-0,3703
"1027";"Spania";"50480119";"5048";8;"Jente";"VGS";52,66245;-0,78928
"1028";"Spania";"50480120";"5048";8;"Gutt";"Kort utdanning";42,6371;0,88489
"1029";"Spania";"50480121";"5048";8;"Gutt";"VGS";42,6371;-0,28868
"1030";"Spania";"50480123";"5048";8;"Jente";"Høyere utdanning";62,87645;0,66202
"1031";"Spania";"50490501";"5049";8;"Jente";"Høyere utdanning";40,85939;-1,52547
"1032";"Spania";"50490502";"5049";8;"Gutt";"Høyere utdanning";57,13913;-0,00515
"1033";"Spania";"50490503";"5049";8;"Jente";"VGS";52,66245;-0,89151
"1034";"Spania";"50490504";"5049";8;"Jente";"VGS";49,42491;-1,37528
"1035";"Spania";"50490505";"5049";8;"Jente";"VGS";42,6371;-1,08965
"1036";"Spania";"50490506";"5049";8;"Gutt";"Høyere utdanning";65,704;-0,12
"1037";"Spania";"50490507";"5049";8;"Gutt";"VGS";37,63793;0,12819
"1038";"Spania";"50490508";"5049";8;"Jente";"Kort utdanning";65,704;-1,37739
"1039";"Spania";"50490509";"5049";8;"Jente";"VGS";55,03404;0,03017
"1040";"Spania";"50490510";"5049";8;"Gutt";"VGS";52,66245;0,19508
"1041";"Spania";"50490512";"5049";8;"Jente";"VGS";49,42491;-0,05521
"1042";"Spania";"50490513";"5049";8;"Gutt";"VGS";49,42491;-0,55139
"1043";"Spania";"50490514";"5049";8;"Jente";"Kort utdanning";63,8905;-0,07415
"1044";"Spania";"50490515";"5049";8;"Gutt";"VGS";49,42491;-0,10738
"1045";"Spania";"50490517";"5049";8;"Gutt";"VGS";65,704;0,61196
"1046";"Spania";"50490519";"5049";8;"Annet";"Høyere utdanning";52,66245;-0,79139
"1047";"Spania";"50490520";"5049";8;"Jente";"Høyere utdanning";65,704;-0,65594
"1048";"Spania";"50490521";"5049";8;"Gutt";"VGS";37,63793;-0,99163
"1049";"Spania";"50490522";"5049";8;"Jente";"Kort utdanning";65,704;-0,60377
"1050";"Spania";"50490523";"5049";8;"Gutt";"VGS";42,6371;-1,25013
"1051";"Spania";"50490524";"5049";8;"Gutt";"Kort utdanning";47,54691;0,19298
"1052";"Spania";"50490525";"5049";8;"Jente";"Høyere utdanning";65,704;-0,62061
"1053";"Spania";"50490526";"5049";8;"Jente";"Høyere utdanning";65,704;0,19298
"1054";"Spania";"50500602";"5050";8;"Gutt";"Kort utdanning";37,63793;-0,81642
"1055";"Spania";"50500603";"5050";8;"Gutt";"Høyere utdanning";40,85939;-0,98555
"1056";"Spania";"50500604";"5050";8;"Jente";"VGS";65,704;-1,42745
"1057";"Spania";"50500607";"5050";8;"Gutt";"VGS";65,704;-1,8111
"1058";"Spania";"50500608";"5050";8;"Gutt";"Ungdomsskole";49,42491;-2,13649
"1059";"Spania";"50500609";"5050";8;"Jente";"Høyere utdanning";57,13913;0,72238
"1060";"Spania";"50500614";"5050";8;"Jente";"VGS";65,704;-0,22433
"1061";"Spania";"50500619";"5050";8;"Gutt";"VGS";52,66245;-1,20007
"1062";"Spania";"50500620";"5050";8;"Jente";"Ungdomsskole";36,11853;-1,61086
"1063";"Spania";"50500621";"5050";8;"Jente";"Kort utdanning";57,13913;-2,13649
"1064";"Spania";"50510302";"5051";8;"Gutt";"Kort utdanning";39,20663;-0,25545
"1065";"Spania";"50510304";"5051";8;"Jente";"Ungdomsskole";37,63793;-0,50997
"1066";"Spania";"50510305";"5051";8;"Gutt";"Høyere utdanning";42,6371;0,26153
"1067";"Spania";"50510307";"5051";8;"Jente";"Kort utdanning";65,704;-1,17504
"1068";"Spania";"50510308";"5051";8;"Gutt";"Høyere utdanning";46,81653;1,94887
"1069";"Spania";"50510309";"5051";8;"Gutt";"Kort utdanning";55,03404;0,37849
"1070";"Spania";"50510310";"5051";8;"Jente";"Kort utdanning";52,66245;1,10437
"1071";"Spania";"50510311";"5051";8;"Jente";"Høyere utdanning";65,704;1,11256
"1072";"Spania";"50510312";"5051";8;"Gutt";"VGS";44,59585;0,18035
"1073";"Spania";"50510313";"5051";8;"Jente";"VGS";52,66245;-0,02199
"1074";"Spania";"50510314";"5051";8;"Gutt";"Høyere utdanning";44,59585;0,98952
"1075";"Spania";"50510315";"5051";8;"Gutt";"Ungdomsskole";31,55703;0,69735
"1076";"Spania";"50510316";"5051";8;"Gutt";"Ungdomsskole";44,59585;-0,4557
"1077";"Spania";"50510318";"5051";8;"Gutt";"Ungdomsskole";37,63793;-0,50786
"1078";"Spania";"50510319";"5051";8;"Jente";"Høyere utdanning";44,59585;-0,40563
"1079";"Spania";"50510320";"5051";8;"Jente";"Høyere utdanning";49,42491;-1,30019
"1080";"Spania";"50510321";"5051";8;"Jente";"Høyere utdanning";65,704;-0,09708
"1081";"Spania";"50510322";"5051";8;"Jente";"Høyere utdanning";46,81653;-0,86438
"1082";"Spania";"50510323";"5051";8;"Gutt";"VGS";44,59585;0,60587
"1083";"Spania";"50510324";"5051";8;"Jente";"Ungdomsskole";42,6371;0,51184
"1084";"Spania";"50510325";"5051";8;"Jente";"Ungdomsskole";65,704;-0,63301
"1085";"Spania";"50510326";"5051";8;"Gutt";"VGS";36,11853;-0,16563
"1086";"Spania";"50520402";"5052";8;"Jente";"VGS";65,704;0,26153
"1087";"Spania";"50520403";"5052";8;"Gutt";"Høyere utdanning";28,03514;-0,17825
"1088";"Spania";"50520405";"5052";8;"Jente";"VGS";65,704;-1,91122
"1089";"Spania";"50520406";"5052";8;"Gutt";"VGS";40,85939;-1,5608
"1090";"Spania";"50520407";"5052";8;"Jente";"VGS";51,76861;-0,69947
"1091";"Spania";"50520409";"5052";8;"Gutt";"Høyere utdanning";46,81653;-0,42856
"1092";"Spania";"50520410";"5052";8;"Gutt";"Høyere utdanning";65,704;-1,40031
"1093";"Spania";"50520411";"5052";8;"Gutt";"Ungdomsskole";49,42491;-0,38482
"1094";"Spania";"50520412";"5052";8;"Jente";"Høyere utdanning";37,63793;-1,35025
"1095";"Spania";"50520413";"5052";8;"Jente";"VGS";65,704;0,564
"1096";"Spania";"50520414";"5052";8;"Gutt";"VGS";46,81653;-0,02199
"1097";"Spania";"50520416";"5052";8;"Jente";"Høyere utdanning";44,59585;-1,78607
"1098";"Spania";"50520417";"5052";8;"Jente";"Kort utdanning";65,704;-1,01877
"1099";"Spania";"50520419";"5052";8;"Jente";"VGS";49,42491;-0,54928
"1100";"Spania";"50520420";"5052";8;"Jente";"VGS";65,704;-1,5608
"1101";"Spania";"50520421";"5052";8;"Jente";"Høyere utdanning";65,704;-0,96007
"1102";"Spania";"50520422";"5052";8;"Gutt";"VGS";34,6202;-0,59979
"1103";"Spania";"50520423";"5052";8;"Gutt";"VGS";65,704;-0,64121
"1104";"Spania";"50520424";"5052";8;"Jente";"VGS";65,704;-0,20539
"1105";"Spania";"50520426";"5052";8;"Gutt";"VGS";46,81653;0,13638
"1106";"Spania";"50520428";"5052";8;"Jente";"VGS";42,6371;-0,61023
"1107";"Spania";"50520429";"5052";8;"Jente";"Høyere utdanning";65,704;0,02596
"1108";"Spania";"50520430";"5052";8;"Gutt";"Kort utdanning";36,11853;-0,98953
"1109";"Spania";"50540701";"5054";8;"Gutt";"Høyere utdanning";42,6371;-1,25013
"1110";"Spania";"50540702";"5054";8;"Gutt";"Høyere utdanning";40,85939;-0,15744
"1111";"Spania";"50540703";"5054";8;"Gutt";"Høyere utdanning";42,6371;-0,49103
"1112";"Spania";"50540705";"5054";8;"Jente";"Høyere utdanning";57,13913;-0,81642
"1113";"Spania";"50540707";"5054";8;"Gutt";"Kort utdanning";40,85939;-1,16895
"1114";"Spania";"50540710";"5054";8;"Jente";"VGS";39,20663;-1,48571
"1115";"Spania";"50540711";"5054";8;"Jente";"Høyere utdanning";65,704;0,57873
"1116";"Spania";"50540712";"5054";8;"Gutt";"Kort utdanning";49,42491;-0,19066
"1117";"Spania";"50540713";"5054";8;"Gutt";"VGS";49,42491;-2,16152
"1118";"Spania";"50540715";"5054";8;"Jente";"Høyere utdanning";52,66245;-1,30019
"1119";"Spania";"50540716";"5054";8;"Jente";"VGS";43,58085;-0,59115
"1120";"Spania";"50540717";"5054";8;"Jente";"VGS";42,6371;-2,16152
"1121";"Spania";"50540719";"5054";8;"Gutt";"VGS";39,20663;-1,75074
"1122";"Spania";"50540720";"5054";8;"Jente";"VGS";65,704;-1,39131
"1123";"Spania";"50540721";"5054";8;"Jente";"Høyere utdanning";65,704;-1,52547
"1124";"Spania";"50540722";"5054";8;"Jente";"VGS";65,704;-1,92682
"1125";"Spania";"50540723";"5054";8;"Jente";"Høyere utdanning";52,66245;-1,23983
"1126";"Spania";"50540724";"5054";8;"Jente";"Høyere utdanning";65,704;0,09709
"1127";"Spania";"50540726";"5054";8;"Jente";"VGS";52,66245;-1,41504
"1128";"Spania";"50540727";"5054";8;"Gutt";"VGS";42,6371;-0,96007
"1129";"Spania";"50540728";"5054";8;"Gutt";"Ungdomsskole";49,42491;-1,26043
"1130";"Spania";"50550401";"5055";8;"Jente";"Høyere utdanning";65,704;-1,52757
"1131";"Spania";"50550404";"5055";8;"Jente";"Ungdomsskole";40,85939;-1,78607
"1132";"Spania";"50550405";"5055";8;"Jente";"Høyere utdanning";57,13913;-1,41504
"1133";"Spania";"50550406";"5055";8;"Jente";"Høyere utdanning";42,6371;-1,60056
"1134";"Spania";"50550407";"5055";8;"Jente";"Høyere utdanning";44,59585;-0,27018
"1135";"Spania";"50550408";"5055";8;"Jente";"VGS";57,13913;-0,42036
"1136";"Spania";"50550409";"5055";8;"Jente";"Høyere utdanning";49,42491;0,5537
"1137";"Spania";"50550410";"5055";8;"Jente";"Høyere utdanning";65,704;0,15532
"1138";"Spania";"50550411";"5055";8;"Gutt";"VGS";33,11239;-0,67886
"1139";"Spania";"50550413";"5055";8;"Gutt";"Kort utdanning";49,42491;0,3219
"1140";"Spania";"50550414";"5055";8;"Gutt";"Høyere utdanning";65,704;1,94887
"1141";"Spania";"50550415";"5055";8;"Gutt";"Høyere utdanning";44,59585;0,93735
"1142";"Spania";"50550416";"5055";8;"Gutt";"Ungdomsskole";37,63793;0,16352
"1143";"Spania";"50550417";"5055";8;"Jente";"Høyere utdanning";57,13913;1,07281
"1144";"Spania";"50550418";"5055";8;"Jente";"VGS";42,6371;-0,23906
"1145";"Spania";"50550419";"5055";8;"Gutt";"VGS";52,66245;0,32843
"1146";"Spania";"50550420";"5055";8;"Jente";"Kort utdanning";65,704;-0,88941
"1147";"Spania";"50550421";"5055";8;"Gutt";"VGS";57,13913;-0,69127
"1148";"Spania";"50550422";"5055";8;"Gutt";"VGS";52,66245;-0,24515
"1149";"Spania";"50550423";"5055";8;"Gutt";"Høyere utdanning";57,13913;-0,08024
"1150";"Spania";"50560101";"5056";8;"Gutt";"Kort utdanning";49,42491;-1,35236
"1151";"Spania";"50560102";"5056";8;"Jente";"VGS";54,18484;0,22011
"1152";"Spania";"50560103";"5056";8;"Jente";"Høyere utdanning";65,704;-1,06462
"1153";"Spania";"50560104";"5056";8;"Jente";"Høyere utdanning";65,704;0,97268
"1154";"Spania";"50560105";"5056";8;"Jente";"Høyere utdanning";40,85939;0,27837
"1155";"Spania";"50560106";"5056";8;"Gutt";"Kort utdanning";37,63793;0,74741
"1156";"Spania";"50560107";"5056";8;"Jente";"Høyere utdanning";65,704;-0,14714
"1157";"Spania";"50560108";"5056";8;"Gutt";"VGS";33,54898;1,49832
"1158";"Spania";"50560111";"5056";8;"Jente";"Høyere utdanning";52,66245;0,58693
"1159";"Spania";"50560112";"5056";8;"Jente";"Kort utdanning";37,63793;-0,02746
"1160";"Spania";"50560113";"5056";8;"Gutt";"Høyere utdanning";36,11853;1,62347
"1161";"Spania";"50560114";"5056";8;"Gutt";"Kort utdanning";65,704;0,66202
"1162";"Spania";"50560115";"5056";8;"Gutt";"Høyere utdanning";65,704;0,52656
"1163";"Spania";"50560116";"5056";8;"Gutt";"VGS";52,66245;-0,04491
"1164";"Spania";"50560117";"5056";8;"Gutt";"Høyere utdanning";65,704;0,58693
"1165";"Spania";"50560118";"5056";8;"Gutt";"Høyere utdanning";65,704;0,93735
"1166";"Spania";"50560119";"5056";8;"Gutt";"Kort utdanning";37,63793;0,72961
"1167";"Spania";"50560120";"5056";8;"Gutt";"Høyere utdanning";65,704;1,32311
"1168";"Spania";"50560121";"5056";8;"Jente";"Ungdomsskole";65,704;0,38668
"1169";"Spania";"50560122";"5056";8;"Jente";"VGS";52,66245;-0,40563
"1170";"Spania";"50560123";"5056";8;"Gutt";"Høyere utdanning";65,704;0,77244
"1171";"Spania";"50560124";"5056";8;"Gutt";"Høyere utdanning";37,63793;-0,02199
"1172";"Spania";"50560126";"5056";8;"Jente";"Høyere utdanning";65,704;1,37317
"1173";"Spania";"50560127";"5056";8;"Gutt";"Høyere utdanning";65,704;-0,25801
"1174";"Spania";"50560128";"5056";8;"Jente";"Høyere utdanning";65,704;0,06129
"1175";"Spania";"50560129";"5056";8;"Jente";"Høyere utdanning";65,704;0,51184
"1176";"Spania";"50570102";"5057";8;"Jente";"Høyere utdanning";65,704;0,58084
"1177";"Spania";"50570103";"5057";8;"Jente";"VGS";49,42491;0,41019
"1178";"Spania";"50570104";"5057";8;"Jente";"Høyere utdanning";65,704;0,13849
"1179";"Spania";"50570105";"5057";8;"Gutt";"VGS";62,87645;0,07813
"1180";"Spania";"50570106";"5057";8;"Jente";"Kort utdanning";65,704;-0,28672
"1181";"Spania";"50570108";"5057";8;"Gutt";"Kort utdanning";65,704;-1,8111
"1182";"Spania";"50570109";"5057";8;"Jente";"Høyere utdanning";65,704;0,33662
"1183";"Spania";"50570110";"5057";8;"Jente";"Høyere utdanning";57,13913;0,2365
"1184";"Spania";"50570111";"5057";8;"Annet";"Kort utdanning";65,704;0,38879
"1185";"Spania";"50570112";"5057";8;"Gutt";"Kort utdanning";65,704;-0,03018
"1186";"Spania";"50570113";"5057";8;"Jente";"Høyere utdanning";65,704;0,71419
"1187";"Spania";"50570114";"5057";8;"Gutt";"VGS";65,704;-0,60588
"1188";"Spania";"50570115";"5057";8;"Jente";"Høyere utdanning";65,704;1,36287
"1189";"Spania";"50570116";"5057";8;"Jente";"Høyere utdanning";65,704;0,01334
"1190";"Spania";"50570118";"5057";8;"Jente";"Høyere utdanning";57,13913;0,33662
"1191";"Spania";"50570119";"5057";8;"Jente";"Ungdomsskole";37,63793;-0,47862
"1192";"Spania";"50570120";"5057";8;"Jente";"VGS";42,6371;1,11467
"1193";"Spania";"50570121";"5057";8;"Jente";"Kort utdanning";65,704;0,72681
"1194";"Spania";"50570122";"5057";8;"Jente";"Høyere utdanning";65,704;-0,82904
"1195";"Spania";"50570123";"5057";8;"Jente";"Høyere utdanning";65,704;-0,98953
"1196";"Spania";"50570125";"5057";8;"Gutt";"Kort utdanning";40,85939;0,04069
"1197";"Spania";"50570126";"5057";8;"Gutt";"VGS";42,6371;0,45569
"1198";"Spania";"50570129";"5057";8;"Gutt";"VGS";65,704;0,0634
"1199";"Spania";"50570131";"5057";8;"Jente";"VGS";65,704;-0,40774
"1200";"Spania";"50570132";"5057";8;"Jente";"Høyere utdanning";65,704;0,49711
"1201";"Spania";"50570133";"5057";8;"Gutt";"Høyere utdanning";39,20663;-0,48073
"1202";"Spania";"50580201";"5058";8;"Gutt";"Kort utdanning";46,81653;0,03017
"1203";"Spania";"50580202";"5058";8;"Gutt";"Høyere utdanning";65,704;-0,22223
"1204";"Spania";"50580203";"5058";8;"Gutt";"Ungdomsskole";65,704;-1,32522
"1205";"Spania";"50580204";"5058";8;"Jente";"Ungdomsskole";42,6371;-0,69127
"1206";"Spania";"50580206";"5058";8;"Gutt";"Kort utdanning";52,66245;-1,86116
"1207";"Spania";"50580207";"5058";8;"Jente";"Høyere utdanning";65,704;-1,30019
"1208";"Spania";"50580210";"5058";8;"Jente";"Høyere utdanning";65,704;1,42323
"1209";"Spania";"50580211";"5058";8;"Jente";"Høyere utdanning";57,13913;-0,24515
"1210";"Spania";"50580212";"5058";8;"Gutt";"Høyere utdanning";65,704;1,42323
"1211";"Spania";"50580213";"5058";8;"Gutt";"Høyere utdanning";52,66245;0,28243
"1212";"Spania";"50580214";"5058";8;"Jente";"Høyere utdanning";65,704;1,11256
"1213";"Spania";"50580215";"5058";8;"Jente";"Høyere utdanning";65,704;1,19796
"1214";"Spania";"50580216";"5058";8;"Jente";"Høyere utdanning";65,704;0,53159
"1215";"Spania";"50580217";"5058";8;"Gutt";"VGS";65,704;0,68705
"1216";"Spania";"50580218";"5058";8;"Jente";"Høyere utdanning";65,704;-0,3806
"1217";"Spania";"50580219";"5058";8;"Jente";"Høyere utdanning";65,704;0,03017
"1218";"Spania";"50580220";"5058";8;"Jente";"Høyere utdanning";49,42491;0,17614
"1219";"Spania";"50580221";"5058";8;"Jente";"Høyere utdanning";52,66245;-0,04491
"1220";"Spania";"50580222";"5058";8;"Jente";"Høyere utdanning";65,704;1,57341
"1221";"Spania";"50590401";"5059";8;"Jente";"Høyere utdanning";65,704;1,49832
"1222";"Spania";"50590402";"5059";8;"Jente";"Høyere utdanning";65,704;1,56311
"1223";"Spania";"50590403";"5059";8;"Gutt";"Høyere utdanning";46,81653;0,15532
"1224";"Spania";"50590404";"5059";8;"Jente";"Høyere utdanning";65,704;1,49832
"1225";"Spania";"50590406";"5059";8;"Jente";"Høyere utdanning";65,704;0,81431
"1226";"Spania";"50590407";"5059";8;"Jente";"Høyere utdanning";65,704;1,1479
"1227";"Spania";"50590410";"5059";8;"Jente";"Høyere utdanning";65,704;1,22299
"1228";"Spania";"50590411";"5059";8;"Gutt";"Høyere utdanning";61,87809;1,49832
"1229";"Spania";"50590412";"5059";8;"Gutt";"Høyere utdanning";49,42491;1,94887
"1230";"Spania";"50590413";"5059";8;"Jente";"Høyere utdanning";65,704;1,49832
"1231";"Spania";"50590414";"5059";8;"Gutt";"Kort utdanning";65,704;0,63699
"1232";"Spania";"50590416";"5059";8;"Jente";"VGS";52,66245;0,73102
"1233";"Spania";"50590418";"5059";8;"Gutt";"VGS";46,81653;0,3806
"1234";"Spania";"50590419";"5059";8;"Gutt";"Høyere utdanning";57,13913;1,34814
"1235";"Spania";"50590420";"5059";8;"Jente";"Høyere utdanning";65,704;0,66202
"1236";"Spania";"50590421";"5059";8;"Jente";"Høyere utdanning";42,6371;-1,39212
"1237";"Spania";"50590422";"5059";8;"Annet";"Høyere utdanning";65,704;1,29808
"1238";"Spania";"50590423";"5059";8;"Jente";"Høyere utdanning";65,704;1,49832
"1239";"Spania";"50600101";"5060";8;"Gutt";"Høyere utdanning";49,42491;0,41216
"1240";"Spania";"50600102";"5060";8;"Gutt";"Høyere utdanning";65,704;0,71208
"1241";"Spania";"50600103";"5060";8;"Jente";"VGS";65,704;-0,16774
"1242";"Spania";"50600104";"5060";8;"Gutt";"Kort utdanning";42,6371;-0,66015
"1243";"Spania";"50600105";"5060";8;"Gutt";"Kort utdanning";65,704;-0,63091
"1244";"Spania";"50600106";"5060";8;"Jente";"Høyere utdanning";65,704;1,56311
"1245";"Spania";"50600107";"5060";8;"Gutt";"Høyere utdanning";52,66245;1,08964
"1246";"Spania";"50600108";"5060";8;"Gutt";"Kort utdanning";49,42491;-1,58583
"1247";"Spania";"50600109";"5060";8;"Gutt";"VGS";52,66245;0,41172
"1248";"Spania";"50600110";"5060";8;"Jente";"VGS";42,6371;-0,73103
"1249";"Spania";"50600111";"5060";8;"Gutt";"Ungdomsskole";39,20663;-0,14714
"1250";"Spania";"50600112";"5060";8;"Gutt";"Ungdomsskole";42,6371;-1,15001
"1251";"Spania";"50600113";"5060";8;"Jente";"VGS";65,704;-0,60588
"1252";"Spania";"50600114";"5060";8;"Gutt";"Høyere utdanning";52,66245;1,37317
"1253";"Spania";"50600115";"5060";8;"Gutt";"Ungdomsskole";39,20663;-1,01877
"1254";"Spania";"50600116";"5060";8;"Gutt";"Høyere utdanning";42,6371;0,46388
"1255";"Spania";"50600117";"5060";8;"Jente";"VGS";65,704;-0,22012
"1256";"Spania";"50600118";"5060";8;"Jente";"Høyere utdanning";65,12546;1,57341
"1257";"Spania";"50600119";"5060";8;"Jente";"Høyere utdanning";52,66245;0,71208
"1258";"Spania";"50600120";"5060";8;"Jente";"Ungdomsskole";65,704;-1,01666
"1259";"Spania";"50600121";"5060";8;"Jente";"Høyere utdanning";49,42491;0,38668
"1260";"Spania";"50600122";"5060";8;"Gutt";"Høyere utdanning";49,42491;-0,22433
"1261";"Spania";"50600123";"5060";8;"Jente";"Ungdomsskole";64,49352;1,19796
"1262";"Spania";"50610201";"5061";8;"Gutt";"Høyere utdanning";57,13913;0,8225
"1263";"Spania";"50610202";"5061";8;"Gutt";"Høyere utdanning";52,66245;1,57341
"1264";"Spania";"50610204";"5061";8;"Gutt";"Høyere utdanning";46,81653;0,32632
"1265";"Spania";"50610206";"5061";8;"Gutt";"Høyere utdanning";57,13913;0,60166
"1266";"Spania";"50610207";"5061";8;"Jente";"Høyere utdanning";65,704;0,5619
"1267";"Spania";"50610208";"5061";8;"Jente";"Høyere utdanning";65,704;0,05099
"1268";"Spania";"50610209";"5061";8;"Jente";"Ungdomsskole";65,704;1,42323
"1269";"Spania";"50610210";"5061";8;"Jente";"Høyere utdanning";42,6371;1,18765
"1270";"Spania";"50610211";"5061";8;"Jente";"Høyere utdanning";65,704;1,1479
"1271";"Spania";"50610212";"5061";8;"Gutt";"Høyere utdanning";65,704;1,01244
"1272";"Spania";"50610213";"5061";8;"Jente";"Kort utdanning";65,704;1,03958
"1273";"Spania";"50610214";"5061";8;"Jente";"Høyere utdanning";52,66245;1,87377
"1274";"Spania";"50610215";"5061";8;"Gutt";"Høyere utdanning";37,75679;0,60166
"1275";"Spania";"50610216";"5061";8;"Jente";"VGS";65,704;0,98741
"1276";"Spania";"50610217";"5061";8;"Gutt";"VGS";44,59585;-0,57642
"1277";"Spania";"50610218";"5061";8;"Jente";"Høyere utdanning";52,66245;0,60166
"1278";"Spania";"50610219";"5061";8;"Gutt";"Høyere utdanning";39,20663;0,96238
"1279";"Spania";"50610220";"5061";8;"Gutt";"Høyere utdanning";65,704;1,19796
"1280";"Spania";"50610221";"5061";8;"Gutt";"Kort utdanning";37,63793;0,60166
"1281";"Spania";"50610222";"5061";8;"Jente";"Høyere utdanning";44,59585;1,13759
"1282";"Spania";"50610223";"5061";8;"Gutt";"Høyere utdanning";52,66245;1,49832
"1283";"Spania";"50610224";"5061";8;"Gutt";"Høyere utdanning";57,13913;1,49832
"1284";"Spania";"50610225";"5061";8;"Gutt";"Kort utdanning";65,704;0,57873
"1285";"Spania";"50610226";"5061";8;"Jente";"Høyere utdanning";65,704;0,75184
"1286";"Spania";"50610227";"5061";8;"Jente";"Høyere utdanning";57,13913;0,43675
"1287";"Spania";"50610228";"5061";8;"Jente";"Høyere utdanning";41,47302;1,11256
"1288";"Spania";"50610229";"5061";8;"Jente";"Høyere utdanning";52,66245;1,11467
"1289";"Spania";"50610230";"5061";8;"Gutt";"Ungdomsskole";65,704;1,56311
"1290";"Spania";"50620501";"5062";8;"Gutt";"Høyere utdanning";65,704;1,04777
"1291";"Spania";"50620502";"5062";8;"Gutt";"Høyere utdanning";42,6371;-0,86648
"1292";"Spania";"50620503";"5062";8;"Gutt";"VGS";40,85939;-0,19637
"1293";"Spania";"50620504";"5062";8;"Gutt";"VGS";49,42491;-0,40563
"1294";"Spania";"50620505";"5062";8;"Gutt";"Høyere utdanning";65,704;0,40352
"1295";"Spania";"50620506";"5062";8;"Gutt";"Høyere utdanning";49,42491;1,08753
"1296";"Spania";"50620507";"5062";8;"Jente";"Høyere utdanning";65,704;0,40141
"1297";"Spania";"50620508";"5062";8;"Gutt";"VGS";46,81653;0,36819
"1298";"Spania";"50620509";"5062";8;"Gutt";"VGS";65,704;-0,63091
"1299";"Spania";"50620510";"5062";8;"Gutt";"VGS";50,31083;-0,4557
"1300";"Spania";"50620511";"5062";8;"Gutt";"VGS";65,704;-0,86648
"1301";"Spania";"50620513";"5062";8;"Gutt";"Kort utdanning";65,704;-0,70811
"1302";"Spania";"50620514";"5062";8;"Gutt";"Høyere utdanning";65,704;0,32632
"1303";"Spania";"50620515";"5062";8;"Gutt";"Kort utdanning";46,81653;-0,08445
"1304";"Spania";"50620516";"5062";8;"Gutt";"VGS";65,704;-0,4557
"1305";"Spania";"50620517";"5062";8;"Jente";"Høyere utdanning";65,704;0,75184
"1306";"Spania";"50620518";"5062";8;"Gutt";"Høyere utdanning";65,704;0,18035
"1307";"Spania";"50620519";"5062";8;"Gutt";"VGS";52,66245;0,18035
"1308";"Spania";"50620520";"5062";8;"Jente";"Høyere utdanning";65,704;0,83934
"1309";"Spania";"50620521";"5062";8;"Gutt";"Ungdomsskole";44,59585;-1,30019
"1310";"Spania";"50620522";"5062";8;"Jente";"Kort utdanning";52,66245;0,28048
"1311";"Spania";"50620523";"5062";8;"Jente";"Ungdomsskole";37,63793;-1,40242
"1312";"Spania";"50620524";"5062";8;"Gutt";"Ungdomsskole";41,72966;-0,22012
"1313";"Spania";"50630204";"5063";8;"Jente";"VGS";65,704;-1,75074
"1314";"Spania";"50630205";"5063";8;"Jente";"VGS";65,704;0,62226
"1315";"Spania";"50630206";"5063";8;"Jente";"VGS";65,704;0,16141
"1316";"Spania";"50630207";"5063";8;"Gutt";"Kort utdanning";65,704;-0,91654
"1317";"Spania";"50630208";"5063";8;"Annet";"VGS";65,704;-1,68595
"1318";"Spania";"50630209";"5063";8;"Jente";"VGS";65,704;0,51394
"1319";"Spania";"50630210";"5063";8;"Jente";"Kort utdanning";65,704;-1,68595
"1320";"Spania";"50630212";"5063";8;"Jente";"VGS";65,704;-0,91654
"1321";"Spania";"50630213";"5063";8;"Jente";"VGS";57,13913;-0,06994
"1322";"Spania";"50630215";"5063";8;"Jente";"Høyere utdanning";44,59585;0,60166
"1323";"Spania";"50630217";"5063";8;"Gutt";"VGS";49,42491;-1,98631
"1324";"Spania";"50630218";"5063";8;"Gutt";"VGS";46,81653;-1,75074
"1325";"Spania";"50630219";"5063";8;"Gutt";"VGS";52,66245;1,24802
"1326";"Spania";"50630221";"5063";8;"Gutt";"Høyere utdanning";37,63793;-0,86859
"1327";"Spania";"50630222";"5063";8;"Jente";"VGS";57,13913;-0,84965
"1328";"Spania";"50630224";"5063";8;"Gutt";"Kort utdanning";37,63793;-2,13649
"1329";"Spania";"50640101";"5064";8;"Gutt";"VGS";65,704;-0,40563
"1330";"Spania";"50640102";"5064";8;"Gutt";"Kort utdanning";65,704;-0,47253
"1331";"Spania";"50640103";"5064";8;"Jente";"Ungdomsskole";65,704;1,24802
"1332";"Spania";"50640104";"5064";8;"Gutt";"Ungdomsskole";36,11853;-1,62769
"1333";"Spania";"50640105";"5064";8;"Jente";"Kort utdanning";44,59585;-1,62559
"1334";"Spania";"50640106";"5064";8;"Gutt";"Høyere utdanning";65,704;-0,85618
"1335";"Spania";"50640107";"5064";8;"Jente";"Høyere utdanning";65,704;0,5537
"1336";"Spania";"50640108";"5064";8;"Gutt";"VGS";52,66245;-0,4557
"1337";"Spania";"50640110";"5064";8;"Jente";"VGS";65,704;-0,12
"1338";"Spania";"50640111";"5064";8;"Gutt";"Høyere utdanning";57,13913;0,33054
"1339";"Spania";"50640112";"5064";8;"Jente";"VGS";65,704;-0,89151
"1340";"Spania";"50640113";"5064";8;"Gutt";"VGS";49,42491;-1,23983
"1341";"Spania";"50640114";"5064";8;"Gutt";"Høyere utdanning";42,6371;1,11256
"1342";"Spania";"50650201";"5065";8;"Jente";"Høyere utdanning";42,6371;1,08964
"1343";"Spania";"50650202";"5065";8;"Gutt";"Høyere utdanning";39,29989;1,44826
"1344";"Spania";"50650203";"5065";8;"Jente";"Kort utdanning";44,59585;0,27626
"1345";"Spania";"50650204";"5065";8;"Jente";"Høyere utdanning";65,704;0,16352
"1346";"Spania";"50650205";"5065";8;"Gutt";"Høyere utdanning";49,42491;-1,75284
"1347";"Spania";"50650206";"5065";8;"Jente";"Høyere utdanning";65,704;0,36165
"1348";"Spania";"50650209";"5065";8;"Gutt";"VGS";52,66245;0,27837
"1349";"Spania";"50650210";"5065";8;"Gutt";"VGS";57,13913;0,60376
"1350";"Spania";"50650211";"5065";8;"Gutt";"Kort utdanning";49,42491;0,54717
"1351";"Spania";"50650212";"5065";8;"Gutt";"Høyere utdanning";65,704;1,49013
"1352";"Spania";"50650213";"5065";8;"Jente";"VGS";48,1842;0,26596
"1353";"Spania";"50650215";"5065";8;"Gutt";"Kort utdanning";44,59585;0,76214
"1354";"Spania";"50650216";"5065";8;"Jente";"Høyere utdanning";65,704;0,16352
"1355";"Spania";"50650217";"5065";8;"Gutt";"Høyere utdanning";37,63793;0,98741
"1356";"Spania";"50650218";"5065";8;"Jente";"Høyere utdanning";49,42491;0,96238
"1357";"Spania";"50650221";"5065";8;"Jente";"Høyere utdanning";52,66245;0,65172
"1358";"Spania";"50650222";"5065";8;"Jente";"Høyere utdanning";65,704;0,98741
"1359";"Spania";"50650223";"5065";8;"Jente";"Høyere utdanning";49,42491;-0,21403
"1360";"Spania";"50650224";"5065";8;"Gutt";"Høyere utdanning";52,66245;1,37317
"1361";"Spania";"50650225";"5065";8;"Gutt";"Høyere utdanning";49,42491;-0,34085
"1362";"Spania";"50650226";"5065";8;"Jente";"Høyere utdanning";65,704;0,98741
"1363";"Spania";"50650227";"5065";8;"Gutt";"VGS";37,63793;-1,37739
"1364";"Spania";"50650228";"5065";8;"Jente";"Høyere utdanning";49,42491;-1,06897
"1365";"Spania";"50650229";"5065";8;"Jente";"Høyere utdanning";65,704;-0,3888
"1366";"Spania";"50650230";"5065";8;"Gutt";"Høyere utdanning";52,66245;0,58084
"1367";"Spania";"50660201";"5066";8;"Gutt";"Høyere utdanning";56,33136;0,72891
"1368";"Spania";"50660202";"5066";8;"Annet";"Høyere utdanning";42,6371;0,55159
"1369";"Spania";"50660203";"5066";8;"Jente";"Høyere utdanning";65,704;0,76214
"1370";"Spania";"50660204";"5066";8;"Jente";"VGS";65,704;-1,00636
"1371";"Spania";"50660205";"5066";8;"Jente";"Høyere utdanning";65,704;0,5537
"1372";"Spania";"50660206";"5066";8;"Gutt";"Høyere utdanning";57,13913;0,4765
"1373";"Spania";"50660207";"5066";8;"Gutt";"Ungdomsskole";57,13913;-1,01456
"1374";"Spania";"50660208";"5066";8;"Gutt";"Ungdomsskole";41,30992;-1,14392
"1375";"Spania";"50660209";"5066";8;"Jente";"Høyere utdanning";64,49352;-0,24515
"1376";"Spania";"50660210";"5066";8;"Gutt";"Høyere utdanning";37,63793;0,36165
"1377";"Spania";"50660211";"5066";8;"Gutt";"Kort utdanning";39,20663;-1,77788
"1378";"Spania";"50660212";"5066";8;"Jente";"Kort utdanning";49,42491;1,04777
"1379";"Spania";"50660213";"5066";8;"Jente";"Ungdomsskole";65,704;1,07281
"1380";"Spania";"50660215";"5066";8;"Jente";"VGS";39,20663;-0,43277
"1381";"Spania";"50660216";"5066";8;"Jente";"Høyere utdanning";65,704;1,57341
"1382";"Spania";"50660217";"5066";8;"Jente";"Ungdomsskole";37,63793;-0,02807
"1383";"Spania";"50660218";"5066";8;"Gutt";"VGS";46,81653;-0,55582
"1384";"Spania";"50660219";"5066";8;"Gutt";"Kort utdanning";36,11853;-0,40563
"1385";"Spania";"50660220";"5066";8;"Gutt";"Høyere utdanning";65,704;1,84874
"1386";"Spania";"50660221";"5066";8;"Jente";"Høyere utdanning";65,704;-1,03959
"1387";"Spania";"50660223";"5066";8;"Gutt";"Kort utdanning";42,6371;-1,03959
"1388";"Spania";"50660224";"5066";8;"Gutt";"Ungdomsskole";37,63793;-0,27018
"1389";"Spania";"50660225";"5066";8;"Gutt";"Ungdomsskole";65,704;-0,04491
"1390";"Spania";"50660226";"5066";8;"Gutt";"Høyere utdanning";37,63793;1,19796
"1391";"Spania";"50670201";"5067";8;"Gutt";"Ungdomsskole";42,6371;0,0449
"1392";"Spania";"50670202";"5067";8;"Jente";"Kort utdanning";65,704;-1,13971
"1393";"Spania";"50670203";"5067";8;"Jente";"VGS";57,13913;-1,01456
"1394";"Spania";"50670204";"5067";8;"Gutt";"VGS";42,6371;0,72681
"1395";"Spania";"50670205";"5067";8;"Jente";"VGS";65,704;1,32311
"1396";"Spania";"50670206";"5067";8;"Jente";"Høyere utdanning";65,704;0,04279
"1397";"Spania";"50670207";"5067";8;"Jente";"VGS";65,704;0,42855
"1398";"Spania";"50670208";"5067";8;"Jente";"Høyere utdanning";46,81653;-0,79959
"1399";"Spania";"50670209";"5067";8;"Jente";"Høyere utdanning";62,87645;0,36376
"1400";"Spania";"50670210";"5067";8;"Jente";"Høyere utdanning";65,704;0,32023
"1401";"Spania";"50670212";"5067";8;"Jente";"Ungdomsskole";39,20663;1,32311
"1402";"Spania";"50670213";"5067";8;"Gutt";"VGS";42,6371;-1,20007
"1403";"Spania";"50670214";"5067";8;"Gutt";"VGS";34,6202;-0,10316
"1404";"Spania";"50670215";"5067";8;"Gutt";"Høyere utdanning";65,704;-0,24515
"1405";"Spania";"50670216";"5067";8;"Gutt";"VGS";39,20663;-0,91654
"1406";"Spania";"50670218";"5067";8;"Jente";"VGS";65,704;-0,31371
"1407";"Spania";"50670219";"5067";8;"Gutt";"VGS";49,42491;-1,09175
"1408";"Spania";"50670220";"5067";8;"Gutt";"Kort utdanning";58,18556;-0,99983
"1409";"Spania";"50670221";"5067";8;"Jente";"Høyere utdanning";42,6371;0,27626
"1410";"Spania";"50670222";"5067";8;"Gutt";"Høyere utdanning";65,704;-0,39744
"1411";"Spania";"50670223";"5067";8;"Jente";"VGS";65,704;-0,79139
"1412";"Spania";"50670225";"5067";8;"Jente";"Høyere utdanning";57,13913;-1,86116
"1413";"Spania";"50670226";"5067";8;"Jente";"Høyere utdanning";65,704;-1,42534
"1414";"Spania";"50670227";"5067";8;"Jente";"VGS";57,13913;0,81431
"1415";"Spania";"50670228";"5067";8;"Gutt";"Høyere utdanning";65,704;0,36608
"1416";"Spania";"50680101";"5068";8;"Jente";"Høyere utdanning";65,704;1,62347
"1417";"Spania";"50680102";"5068";8;"Gutt";"Høyere utdanning";65,704;0,52656
"1418";"Spania";"50680103";"5068";8;"Gutt";"Høyere utdanning";57,13913;0,32632
"1419";"Spania";"50680104";"5068";8;"Jente";"VGS";65,704;0,91443
"1420";"Spania";"50680105";"5068";8;"Jente";"VGS";52,66245;0,23861
"1421";"Spania";"50680106";"5068";8;"Gutt";"Høyere utdanning";65,704;0,62889
"1422";"Spania";"50680107";"5068";8;"Jente";"VGS";65,704;0,12819
"1423";"Spania";"50680108";"5068";8;"Gutt";"Kort utdanning";52,66245;0,40352
"1424";"Spania";"50680109";"5068";8;"Gutt";"Kort utdanning";65,704;1,11256
"1425";"Spania";"50680110";"5068";8;"Jente";"Kort utdanning";52,66245;0,48072
"1426";"Spania";"50680111";"5068";8;"Jente";"Høyere utdanning";65,704;1,34814
"1427";"Spania";"50680112";"5068";8;"Gutt";"VGS";44,59585;1,11256
"1428";"Spania";"50680113";"5068";8;"Gutt";"Kort utdanning";37,63793;0,36376
"1429";"Spania";"50680114";"5068";8;"Gutt";"Kort utdanning";33,11239;1,46299
"1430";"Spania";"50680115";"5068";8;"Jente";"Høyere utdanning";49,42491;1,3982
"1431";"Spania";"50680116";"5068";8;"Jente";"Høyere utdanning";46,81653;-0,34085
"1432";"Spania";"50680117";"5068";8;"Gutt";"Høyere utdanning";65,704;1,11467
"1433";"Spania";"50680118";"5068";8;"Gutt";"Høyere utdanning";65,704;0,52656
"1434";"Spania";"50680119";"5068";8;"Jente";"Høyere utdanning";49,42491;1,94887
"1435";"Spania";"50680120";"5068";8;"Jente";"Høyere utdanning";65,704;0,8122
"1436";"Spania";"50680121";"5068";8;"Gutt";"Høyere utdanning";65,704;1,57341
"1437";"Spania";"50680122";"5068";8;"Gutt";"Høyere utdanning";65,704;1,07723
"1438";"Spania";"50680123";"5068";8;"Annet";"Høyere utdanning";65,704;0,88628
"1439";"Spania";"50680124";"5068";8;"Jente";"Høyere utdanning";65,704;0,77244
"1440";"Spania";"50680125";"5068";8;"Gutt";"VGS";37,63793;-0,65594
"1441";"Spania";"50680126";"5068";8;"Jente";"Høyere utdanning";65,704;0,69253
"1442";"Spania";"50680127";"5068";8;"Gutt";"VGS";65,704;0,91232
"1443";"Spania";"50680128";"5068";8;"Gutt";"Kort utdanning";65,704;0,98741
"1444";"Spania";"50690201";"5069";8;"Jente";"Kort utdanning";37,63793;-0,09918
"1445";"Spania";"50690202";"5069";8;"Gutt";"VGS";39,20663;-0,34295
"1446";"Spania";"50690203";"5069";8;"Gutt";"Kort utdanning";42,6371;0,96238
"1447";"Spania";"50690204";"5069";8;"Gutt";"VGS";31,55703;1,41021
"1448";"Spania";"50690205";"5069";8;"Gutt";"Kort utdanning";49,42491;0,17825
"1449";"Spania";"50690207";"5069";8;"Gutt";"Ungdomsskole";49,42491;0,65172
"1450";"Spania";"50690208";"5069";8;"Gutt";"Høyere utdanning";65,704;0,76214
"1451";"Spania";"50690209";"5069";8;"Gutt";"Kort utdanning";52,66245;0,36376
"1452";"Spania";"50690210";"5069";8;"Jente";"VGS";44,59585;-0,05732
"1453";"Spania";"50690211";"5069";8;"Gutt";"Høyere utdanning";37,63793;0,51184
"1454";"Spania";"50690212";"5069";8;"Jente";"VGS";65,704;1,18765
"1455";"Spania";"50690213";"5069";8;"Gutt";"Høyere utdanning";36,11853;-0,05732
"1456";"Spania";"50690215";"5069";8;"Gutt";"Kort utdanning";42,6371;-1,25224
"1457";"Spania";"50690216";"5069";8;"Gutt";"VGS";37,45846;0,45147
"1458";"Spania";"50690217";"5069";8;"Gutt";"Kort utdanning";44,59585;0,65593
"1459";"Spania";"50690218";"5069";8;"Annet";"Ungdomsskole";25,77277;-1,37528
"1460";"Spania";"50690219";"5069";8;"Gutt";"VGS";65,704;-0,02199
"1461";"Spania";"50690220";"5069";8;"Gutt";"VGS";40,85939;0,38668
"1462";"Spania";"50690221";"5069";8;"Jente";"Høyere utdanning";65,704;1,13759
"1463";"Spania";"50690222";"5069";8;"Gutt";"Høyere utdanning";37,63793;1,22299
"1464";"Spania";"50690224";"5069";8;"Gutt";"VGS";65,704;1,34814
"1465";"Spania";"50690225";"5069";8;"Jente";"Høyere utdanning";42,6371;1,62347
"1466";"Spania";"50690226";"5069";8;"Gutt";"Høyere utdanning";49,42491;0,37638
"1467";"Spania";"50690227";"5069";8;"Jente";"VGS";65,704;-1,45037
"1468";"Spania";"50690228";"5069";8;"Jente";"Høyere utdanning";65,704;-0,43066
"1469";"Spania";"50690229";"5069";8;"Gutt";"Kort utdanning";49,42491;-1,37528
"1470";"Spania";"50700101";"5070";8;"Jente";"Kort utdanning";65,704;0,38879
"1471";"Spania";"50700102";"5070";8;"Gutt";"Kort utdanning";52,66245;0,01334
"1472";"Spania";"50700103";"5070";8;"Jente";"Kort utdanning";65,704;0,83723
"1473";"Spania";"50700104";"5070";8;"Jente";"Høyere utdanning";65,704;-0,37452
"1474";"Spania";"50700105";"5070";8;"Gutt";"VGS";65,704;-1,15001
"1475";"Spania";"50700106";"5070";8;"Gutt";"VGS";49,42491;0,94765
"1476";"Spania";"50700107";"5070";8;"Gutt";"Høyere utdanning";57,13913;0,67675
"1477";"Spania";"50700108";"5070";8;"Jente";"Høyere utdanning";65,704;0,86226
"1478";"Spania";"50700109";"5070";8;"Gutt";"Ungdomsskole";40,85939;-0,02199
"1479";"Spania";"50700110";"5070";8;"Gutt";"Høyere utdanning";57,13913;-0,43277
"1480";"Spania";"50700111";"5070";8;"Gutt";"VGS";57,13913;-0,24936
"1481";"Spania";"50700112";"5070";8;"Gutt";"Ungdomsskole";37,63793;0,45147
"1482";"Spania";"50700113";"5070";8;"Gutt";"VGS";57,13913;-0,80169
"1483";"Spania";"50700114";"5070";8;"Jente";"Høyere utdanning";65,704;1,84874
"1484";"Spania";"50700115";"5070";8;"Jente";"Ungdomsskole";65,704;-1,83613
"1485";"Spania";"50700118";"5070";8;"Gutt";"Høyere utdanning";49,42491;-0,86648
"1486";"Spania";"50700120";"5070";8;"Jente";"Høyere utdanning";65,704;0,38668
"1487";"Spania";"50700121";"5070";8;"Gutt";"Høyere utdanning";65,704;1,49832
"1488";"Spania";"50700122";"5070";8;"Jente";"Høyere utdanning";65,704;0,41382
"1489";"Spania";"50700123";"5070";8;"Gutt";"VGS";65,704;0,66202
"1490";"Spania";"50700124";"5070";8;"Gutt";"VGS";40,85939;-0,83226
"1491";"Spania";"50700125";"5070";8;"Jente";"Høyere utdanning";65,704;0,5722
"1492";"Spania";"50700126";"5070";8;"Gutt";"VGS";65,704;0,49711
"1493";"Spania";"50700127";"5070";8;"Gutt";"VGS";43,54259;0,71208
"1494";"Spania";"50700128";"5070";8;"Jente";"Høyere utdanning";57,13913;0,84753
"1495";"Spania";"50700129";"5070";8;"Gutt";"Høyere utdanning";46,81653;-1,21901
"1496";"Spania";"50710201";"5071";8;"Jente";"VGS";65,704;-0,28048
"1497";"Spania";"50710202";"5071";8;"Gutt";"VGS";40,85939;-1,5505
"1498";"Spania";"50710204";"5071";8;"Gutt";"Kort utdanning";57,13913;-0,2075
"1499";"Spania";"50710205";"5071";8;"Jente";"VGS";65,704;0,18035
"1500";"Spania";"50710206";"5071";8;"Gutt";"Høyere utdanning";65,704;0,96238
"1501";"Spania";"50710207";"5071";8;"Gutt";"Ungdomsskole";44,59585;-0,79959
"1502";"Spania";"50710208";"5071";8;"Gutt";"Kort utdanning";46,81653;-0,75817
"1503";"Spania";"50710209";"5071";8;"Jente";"VGS";65,704;-0,33874
"1504";"Spania";"50710210";"5071";8;"Jente";"VGS";65,704;-0,02199
"1505";"Spania";"50710211";"5071";8;"Jente";"VGS";65,704;0,16352
"1506";"Spania";"50710212";"5071";8;"Gutt";"Høyere utdanning";52,66245;1,34814
"1507";"Spania";"50710213";"5071";8;"Jente";"VGS";52,66245;0,09496
"1508";"Spania";"50710214";"5071";8;"Gutt";"VGS";49,42491;0,47861
"1509";"Spania";"50710215";"5071";8;"Jente";"VGS";52,66245;0,53078
"1510";"Spania";"50710216";"5071";8;"Gutt";"VGS";49,42491;-0,34085
"1511";"Spania";"50710218";"5071";8;"Gutt";"Kort utdanning";65,704;-1,30019
"1512";"Spania";"50710219";"5071";8;"Gutt";"VGS";39,20663;-0,63267
"1513";"Spania";"50710220";"5071";8;"Gutt";"Kort utdanning";49,42491;0,02807
"1514";"Spania";"50720201";"5072";8;"Jente";"Høyere utdanning";65,704;-0,64564
"1515";"Spania";"50720202";"5072";8;"Jente";"Ungdomsskole";65,704;-2,18656
"1516";"Spania";"50720203";"5072";8;"Jente";"Høyere utdanning";33,11239;0,46831
"1517";"Spania";"50720204";"5072";8;"Gutt";"Kort utdanning";39,20663;-0,14924
"1518";"Spania";"50720205";"5072";8;"Gutt";"VGS";44,59585;-0,9666
"1519";"Spania";"50720207";"5072";8;"Jente";"Høyere utdanning";65,704;-1,78607
"1520";"Spania";"50720208";"5072";8;"Jente";"Høyere utdanning";65,704;0,86226
"1521";"Spania";"50720209";"5072";8;"Jente";"VGS";65,704;-2,18656
"1522";"Spania";"50720210";"5072";8;"Gutt";"VGS";52,66245;-0,98953
"1523";"Spania";"50720211";"5072";8;"Jente";"VGS";65,704;-0,48073
"1524";"Spania";"50720214";"5072";8;"Gutt";"Høyere utdanning";44,59585;-0,62061
"1525";"Spania";"50720215";"5072";8;"Gutt";"Høyere utdanning";65,06482;-0,43066
"1526";"Spania";"50720216";"5072";8;"Jente";"VGS";65,704;-1,35025
"1527";"Spania";"50720217";"5072";8;"Jente";"Høyere utdanning";65,704;-1,58583
"1528";"Spania";"50730101";"5073";8;"Gutt";"VGS";34,6202;-0,23906
"1529";"Spania";"50730102";"5073";8;"Gutt";"Ungdomsskole";36,11853;-2,27851
"1530";"Spania";"50730103";"5073";8;"Gutt";"Høyere utdanning";57,13913;-0,35557
"1531";"Spania";"50730104";"5073";8;"Gutt";"Ungdomsskole";39,20663;-1,47751
"1532";"Spania";"50730105";"5073";8;"Gutt";"Høyere utdanning";44,59585;0,98741
"1533";"Spania";"50730106";"5073";8;"Gutt";"VGS";40,85939;-0,09708
"1534";"Spania";"50730107";"5073";8;"Jente";"Høyere utdanning";65,704;-1,60056
"1535";"Spania";"50730108";"5073";8;"Jente";"Høyere utdanning";44,59585;-1,2793
"1536";"Spania";"50730109";"5073";8;"Jente";"Kort utdanning";65,704;-0,28259
"1537";"Spania";"50730110";"5073";8;"Gutt";"Kort utdanning";49,42491;0,16352
"1538";"Spania";"50730111";"5073";8;"Jente";"Høyere utdanning";65,704;-1,85086
"1539";"Spania";"50730112";"5073";8;"Jente";"Ungdomsskole";46,81653;-2,23662
"1540";"Spania";"50730113";"5073";8;"Gutt";"Kort utdanning";37,63793;-0,00304
"1541";"Spania";"50730114";"5073";8;"Jente";"Kort utdanning";49,42491;-0,40563
"1542";"Spania";"50730115";"5073";8;"Gutt";"VGS";57,13913;-0,3806
"1543";"Spania";"50730117";"5073";8;"Jente";"VGS";49,42491;-1,09175
"1544";"Spania";"50730118";"5073";8;"Annet";"Kort utdanning";65,704;-1,60056
"1545";"Spania";"50730119";"5073";8;"Gutt";"Høyere utdanning";65,704;0,3137
"1546";"Spania";"50740302";"5074";8;"Jente";"Ungdomsskole";37,63793;0,78928
"1547";"Spania";"50740303";"5074";8;"Gutt";"Høyere utdanning";37,63793;-0,89151
"1548";"Spania";"50740304";"5074";8;"Jente";"Høyere utdanning";49,42491;-0,75606
"1549";"Spania";"50740307";"5074";8;"Jente";"VGS";37,63793;-2,13649
"1550";"Spania";"50740308";"5074";8;"Jente";"Ungdomsskole";42,6371;-0,54117
"1551";"Spania";"50740309";"5074";8;"Jente";"Høyere utdanning";65,704;0,52214
"1552";"Spania";"50740310";"5074";8;"Jente";"Høyere utdanning";42,6371;-1,2251
"1553";"Spania";"50740314";"5074";8;"Gutt";"Høyere utdanning";37,63793;0,91232
"1554";"Spania";"50740315";"5074";8;"Gutt";"Kort utdanning";37,63793;-0,83536
"1555";"Spania";"50740316";"5074";8;"Jente";"Høyere utdanning";42,6371;-0,62271
"1556";"Spania";"50740319";"5074";8;"Jente";"VGS";37,63793;-1,39001
"1557";"Spania";"50740323";"5074";8;"Gutt";"Høyere utdanning";34,6202;-1,01456
"1558";"Spania";"50740324";"5074";8;"Jente";"Ungdomsskole";52,66245;-0,03838
"1559";"Spania";"50740325";"5074";8;"Jente";"Ungdomsskole";65,704;-1,08965
"1560";"Spania";"50740326";"5074";8;"Jente";"Kort utdanning";44,59585;-1,83613
"1561";"Spania";"50750201";"5075";8;"Jente";"VGS";49,42491;-1,80291
"1562";"Spania";"50750202";"5075";8;"Gutt";"VGS";52,66245;-0,9645
"1563";"Spania";"50750203";"5075";8;"Gutt";"Høyere utdanning";65,704;0,45147
"1564";"Spania";"50750204";"5075";8;"Gutt";"VGS";65,704;-1,11468
"1565";"Spania";"50750205";"5075";8;"Gutt";"Høyere utdanning";52,66245;-1,02697
"1566";"Spania";"50750206";"5075";8;"Gutt";"Kort utdanning";42,6371;0,02807
"1567";"Spania";"50750207";"5075";8;"Jente";"Kort utdanning";52,66245;0,46178
"1568";"Spania";"50750208";"5075";8;"Jente";"Høyere utdanning";65,704;-0,24515
"1569";"Spania";"50750209";"5075";8;"Gutt";"Høyere utdanning";42,6371;-1,37528
"1570";"Spania";"50750210";"5075";8;"Jente";"Ungdomsskole";46,81653;-1,41062
"1571";"Spania";"50750211";"5075";8;"Jente";"Kort utdanning";49,42491;-1,07703
"1572";"Spania";"50750212";"5075";8;"Gutt";"Ungdomsskole";42,6371;-0,98953
"1573";"Spania";"50750214";"5075";8;"Jente";"VGS";42,6371;0,01123
"1574";"Spania";"50750215";"5075";8;"Gutt";"VGS";49,42491;0,48072
"1575";"Spania";"50750216";"5075";8;"Gutt";"Høyere utdanning";65,704;1,49832
"1576";"Spania";"50750217";"5075";8;"Jente";"Høyere utdanning";57,13913;-0,50786
"1577";"Spania";"50750218";"5075";8;"Jente";"VGS";65,704;-0,70811
"1578";"Spania";"50750219";"5075";8;"Jente";"Høyere utdanning";52,66245;-1,5505
"1579";"Spania";"50750220";"5075";8;"Jente";"VGS";65,704;-0,23906
"1580";"Spania";"50750221";"5075";8;"Jente";"Høyere utdanning";49,42491;-1,98631
"1581";"Spania";"50750222";"5075";8;"Jente";"Høyere utdanning";65,704;-0,32235
"1582";"Spania";"50750223";"5075";8;"Jente";"VGS";65,704;-1,31703
"1583";"Spania";"50750224";"5075";8;"Jente";"Høyere utdanning";65,704;-1,40031
"1584";"Spania";"50750225";"5075";8;"Jente";"Høyere utdanning";57,13913;-1,17504
"1585";"Spania";"50750226";"5075";8;"Gutt";"Høyere utdanning";65,704;0,77244
"1586";"Spania";"50750227";"5075";8;"Jente";"VGS";46,81653;-0,75817
"1587";"Spania";"50750228";"5075";8;"Jente";"VGS";65,704;-0,54928
"1588";"Spania";"50760102";"5076";8;"Gutt";"VGS";39,20663;0,02596
"1589";"Spania";"50760103";"5076";8;"Jente";"Høyere utdanning";65,704;-0,32024
"1590";"Spania";"50760104";"5076";8;"Jente";"Høyere utdanning";65,704;-0,02199
"1591";"Spania";"50760105";"5076";8;"Jente";"Høyere utdanning";57,13913;1,07281
"1592";"Spania";"50760106";"5076";8;"Jente";"VGS";49,42491;-0,706
"1593";"Spania";"50760107";"5076";8;"Gutt";"Høyere utdanning";37,63793;-1,46723
"1594";"Spania";"50760108";"5076";8;"Gutt";"Høyere utdanning";39,20663;0,32023
"1595";"Spania";"50760109";"5076";8;"Jente";"Ungdomsskole";65,704;0,53078
"1596";"Spania";"50760110";"5076";8;"Jente";"Kort utdanning";57,13913;-0,04702
"1597";"Spania";"50760111";"5076";8;"Jente";"Høyere utdanning";65,704;-0,27838
"1598";"Spania";"50760112";"5076";8;"Gutt";"Høyere utdanning";65,704;0,33662
"1599";"Spania";"50760113";"5076";8;"Jente";"Høyere utdanning";65,704;0,48032
"1600";"Spania";"50760114";"5076";8;"Gutt";"Høyere utdanning";65,704;1,49832
"1601";"Spania";"50760115";"5076";8;"Gutt";"Høyere utdanning";50,31083;0,00514
"1602";"Spania";"50760116";"5076";8;"Gutt";"Høyere utdanning";44,59585;1,84874
"1603";"Spania";"50760117";"5076";8;"Jente";"Høyere utdanning";65,704;1,37317
"1604";"Spania";"50760118";"5076";8;"Gutt";"Kort utdanning";42,6371;1,94887
"1605";"Spania";"50760119";"5076";8;"Gutt";"Kort utdanning";42,6371;1,84874
"1606";"Spania";"50760120";"5076";8;"Gutt";"Høyere utdanning";65,704;0,79747
"1607";"Spania";"50760121";"5076";8;"Annet";"VGS";37,63793;0,96238
"1608";"Spania";"50760122";"5076";8;"Gutt";"Kort utdanning";65,704;0,66202
"1609";"Spania";"50760123";"5076";8;"Jente";"Høyere utdanning";65,704;0,74741
"1610";"Spania";"50770101";"5077";8;"Jente";"Høyere utdanning";46,81653;0,52656
"1611";"Spania";"50770102";"5077";8;"Jente";"Høyere utdanning";65,704;0,77244
"1612";"Spania";"50770103";"5077";8;"Jente";"Høyere utdanning";46,81653;-0,91654
"1613";"Spania";"50770104";"5077";8;"Gutt";"Høyere utdanning";49,42491;0,38668
"1614";"Spania";"50770105";"5077";8;"Jente";"Høyere utdanning";65,704;1,22299
"1615";"Spania";"50770106";"5077";8;"Gutt";"Ungdomsskole";40,85939;1,49832
"1616";"Spania";"50770107";"5077";8;"Gutt";"VGS";52,66245;-0,29079
"1617";"Spania";"50770108";"5077";8;"Gutt";"VGS";65,704;-0,14503
"1618";"Spania";"50770110";"5077";8;"Gutt";"VGS";42,6371;-0,53079
"1619";"Spania";"50770111";"5077";8;"Jente";"Høyere utdanning";65,704;0,28048
"1620";"Spania";"50770112";"5077";8;"Gutt";"Høyere utdanning";65,704;0,71208
"1621";"Spania";"50770113";"5077";8;"Gutt";"Høyere utdanning";65,704;0,8122
"1622";"Spania";"50770114";"5077";8;"Jente";"Kort utdanning";42,6371;-1,78607
"1623";"Spania";"50770115";"5077";8;"Jente";"Høyere utdanning";46,81653;0,33496
"1624";"Spania";"50770116";"5077";8;"Gutt";"Høyere utdanning";65,704;0,58084
"1625";"Spania";"50770118";"5077";8;"Jente";"VGS";65,704;-0,43066
"1626";"Spania";"50770119";"5077";8;"Jente";"Kort utdanning";65,704;0,57663
"1627";"Spania";"50770120";"5077";8;"Jente";"Ungdomsskole";46,81653;-2,13649
"1628";"Spania";"50780802";"5078";8;"Jente";"Høyere utdanning";65,704;-0,57431
"1629";"Spania";"50780803";"5078";8;"Gutt";"Ungdomsskole";37,63793;0,19298
"1630";"Spania";"50780804";"5078";8;"Gutt";"Høyere utdanning";57,13913;0,27626
"1631";"Spania";"50780805";"5078";8;"Gutt";"Høyere utdanning";65,704;-1,15212
"1632";"Spania";"50780806";"5078";8;"Jente";"Kort utdanning";65,704;-0,99163
"1633";"Spania";"50780807";"5078";8;"Jente";"VGS";65,704;1,49832
"1634";"Spania";"50780808";"5078";8;"Jente";"VGS";65,704;0,48072
"1635";"Spania";"50780810";"5078";8;"Gutt";"Høyere utdanning";65,704;0,04069
"1636";"Spania";"50780811";"5078";8;"Jente";"Høyere utdanning";46,81653;1,04777
"1637";"Spania";"50780813";"5078";8;"Gutt";"VGS";42,6371;0,3806
"1638";"Spania";"50780814";"5078";8;"Jente";"Høyere utdanning";57,13913;0,12608
"1639";"Spania";"50780815";"5078";8;"Gutt";"VGS";31,55703;-0,00515
"1640";"Spania";"50780816";"5078";8;"Gutt";"VGS";65,704;-1,09528
"1641";"Spania";"50780817";"5078";8;"Jente";"Høyere utdanning";65,704;-1,48608
"1642";"Spania";"50780818";"5078";8;"Jente";"Høyere utdanning";65,704;-0,99163
"1643";"Spania";"50780819";"5078";8;"Jente";"VGS";40,85939;0,57663
"1644";"Spania";"50780820";"5078";8;"Gutt";"Høyere utdanning";49,42491;0,72681
"1645";"Spania";"50780821";"5078";8;"Jente";"Høyere utdanning";65,704;-0,49103
"1646";"Spania";"50780822";"5078";8;"Jente";"VGS";65,704;0,40795
"1647";"Spania";"50780823";"5078";8;"Jente";"Høyere utdanning";65,704;1,04777
"1648";"Spania";"50780824";"5078";8;"Gutt";"Høyere utdanning";52,66245;0,96238
"1649";"Spania";"50780825";"5078";8;"Gutt";"Høyere utdanning";65,704;-0,59115
"1650";"Spania";"50780826";"5078";8;"Gutt";"Høyere utdanning";65,704;-0,40563
"1651";"Spania";"50780828";"5078";8;"Jente";"Høyere utdanning";65,704;0,77244
"1652";"Spania";"50790201";"5079";8;"Jente";"Høyere utdanning";65,704;1,84874
"1653";"Spania";"50790204";"5079";8;"Gutt";"Kort utdanning";39,20663;-0,32235
"1654";"Spania";"50790205";"5079";8;"Jente";"VGS";65,704;-0,69127
"1655";"Spania";"50790207";"5079";8;"Gutt";"VGS";49,42491;0,63123
"1656";"Spania";"50790210";"5079";8;"Jente";"Høyere utdanning";65,704;-1,01456
"1657";"Spania";"50790212";"5079";8;"Gutt";"VGS";52,66245;-1,14182
"1658";"Spania";"50790213";"5079";8;"Gutt";"Kort utdanning";65,704;-0,05732
"1659";"Spania";"50790214";"5079";8;"Gutt";"Høyere utdanning";57,13913;0,72681
"1660";"Spania";"50790215";"5079";8;"Jente";"Ungdomsskole";46,81653;-0,81431
"1661";"Spania";"50790216";"5079";8;"Gutt";"VGS";39,20663;1,07516
"1662";"Spania";"50790218";"5079";8;"Gutt";"Høyere utdanning";40,85939;-0,32024
"1663";"Spania";"50790219";"5079";8;"Gutt";"VGS";49,42491;-0,69127
"1664";"Spania";"50790221";"5079";8;"Gutt";"Høyere utdanning";57,13913;-0,54551
"1665";"Spania";"50790222";"5079";8;"Gutt";"Høyere utdanning";65,704;1,29808
"1666";"Spania";"50790223";"5079";8;"Gutt";"Ungdomsskole";42,6371;-1,98631
"1667";"Spania";"50790224";"5079";8;"Gutt";"Kort utdanning";42,6371;1,08753
"1668";"Spania";"50790227";"5079";8;"Jente";"VGS";52,66245;1,57341
"1669";"Spania";"50800201";"5080";8;"Gutt";"Høyere utdanning";65,704;1,84874
"1670";"Spania";"50800202";"5080";8;"Gutt";"Kort utdanning";65,704;-0,22012
"1671";"Spania";"50800203";"5080";8;"Jente";"Høyere utdanning";65,704;1,0625
"1672";"Spania";"50800204";"5080";8;"Gutt";"Høyere utdanning";65,704;0,11346
"1673";"Spania";"50800205";"5080";8;"Jente";"VGS";65,704;-0,25545
"1674";"Spania";"50800207";"5080";8;"Jente";"Høyere utdanning";40,85939;-0,68916
"1675";"Spania";"50800208";"5080";8;"Gutt";"VGS";52,66245;0,27626
"1676";"Spania";"50800210";"5080";8;"Gutt";"Høyere utdanning";57,13913;1,07723
"1677";"Spania";"50800211";"5080";8;"Jente";"Høyere utdanning";65,704;0,0449
"1678";"Spania";"50800212";"5080";8;"Jente";"Ungdomsskole";65,704;0,31602
"1679";"Spania";"50800213";"5080";8;"Jente";"Kort utdanning";65,704;1,37317
"1680";"Spania";"50800214";"5080";8;"Jente";"VGS";65,704;1,33994
"1681";"Spania";"50800215";"5080";8;"Jente";"VGS";39,20663;-1,4754
"1682";"Spania";"50800216";"5080";8;"Jente";"Høyere utdanning";65,704;1,57341
"1683";"Spania";"50800217";"5080";8;"Jente";"Høyere utdanning";65,704;0,57873
"1684";"Spania";"50800218";"5080";8;"Gutt";"VGS";65,704;-0,59326
"1685";"Spania";"50800219";"5080";8;"Jente";"Kort utdanning";57,13913;-0,12211
"1686";"Spania";"50800220";"5080";8;"Gutt";"Kort utdanning";65,704;0,38668
"1687";"Spania";"50800222";"5080";8;"Gutt";"Ungdomsskole";34,6202;-1,37528
"1688";"Spania";"50800224";"5080";8;"Gutt";"Høyere utdanning";65,704;-0,40774
"1689";"Spania";"50800225";"5080";8;"Gutt";"VGS";49,42491;-0,40774
"1690";"Spania";"50800226";"5080";8;"Gutt";"VGS";65,704;-0,91654
"1691";"Spania";"50800227";"5080";8;"Gutt";"Ungdomsskole";39,20663;-0,40563
"1692";"Spania";"50800228";"5080";8;"Jente";"Høyere utdanning";46,81653;0,13029
"1693";"Spania";"50800230";"5080";8;"Jente";"Høyere utdanning";57,13913;0,62226
"1694";"Spania";"50810101";"5081";8;"Jente";"VGS";65,704;-1,56455
"1695";"Spania";"50810102";"5081";8;"Jente";"VGS";39,20663;-0,89272
"1696";"Spania";"50810104";"5081";8;"Gutt";"VGS";37,63793;-0,00304
"1697";"Spania";"50810105";"5081";8;"Jente";"Kort utdanning";65,704;-0,91444
"1698";"Spania";"50810106";"5081";8;"Gutt";"Kort utdanning";37,63793;-1,62559
"1699";"Spania";"50810107";"5081";8;"Gutt";"VGS";37,47898;-1,63388
"1700";"Spania";"50810108";"5081";8;"Gutt";"Høyere utdanning";65,704;-2,18656
"1701";"Spania";"50810109";"5081";8;"Gutt";"Kort utdanning";40,85939;-1,20007
"1702";"Spania";"50810111";"5081";8;"Jente";"VGS";65,704;-0,1303
"1703";"Spania";"50810112";"5081";8;"Jente";"Høyere utdanning";65,704;-0,81642
"1704";"Spania";"50810113";"5081";8;"Jente";"Ungdomsskole";37,3404;0,14883
"1705";"Spania";"50810115";"5081";8;"Gutt";"Høyere utdanning";62,87645;-0,7266
"1706";"Spania";"50810117";"5081";8;"Gutt";"Høyere utdanning";65,704;-1,00595
"1707";"Spania";"50820101";"5082";8;"Jente";"Høyere utdanning";39,29989;-0,68934
"1708";"Spania";"50820103";"5082";8;"Jente";"Høyere utdanning";39,20663;-0,68033
"1709";"Spania";"50820104";"5082";8;"Jente";"Høyere utdanning";65,704;0,31249
"1710";"Spania";"50820106";"5082";8;"Gutt";"VGS";37,63793;-1,8295
"1711";"Spania";"50820108";"5082";8;"Gutt";"VGS";36,11853;-0,54581
"1712";"Spania";"50820109";"5082";8;"Jente";"Ungdomsskole";49,42491;-1,64766
"1713";"Spania";"50820110";"5082";8;"Gutt";"VGS";39,20663;0,15776
"1714";"Spania";"50820111";"5082";8;"Jente";"Høyere utdanning";42,6371;0,958
"1715";"Spania";"50820112";"5082";8;"Jente";"Høyere utdanning";52,66245;0,52725
"1716";"Spania";"50820113";"5082";8;"Jente";"Høyere utdanning";44,59585;0,78483
"1717";"Spania";"50820114";"5082";8;"Jente";"Høyere utdanning";37,63793;0,97538
"1718";"Spania";"50820115";"5082";8;"Gutt";"VGS";42,6371;-1,21432
"1719";"Spania";"50820116";"5082";8;"Gutt";"Kort utdanning";46,81653;-1,72496
"1720";"Spania";"50820117";"5082";8;"Gutt";"Kort utdanning";37,63793;-1,99546
"1721";"Spania";"50820119";"5082";8;"Jente";"Høyere utdanning";42,6371;-0,19247
"1722";"Spania";"50820120";"5082";8;"Jente";"Høyere utdanning";65,704;0,50973
"1723";"Spania";"50820121";"5082";8;"Jente";"VGS";52,66245;-0,72942
"1724";"Spania";"50820122";"5082";8;"Jente";"Høyere utdanning";46,81653;-1,56448
"1725";"Spania";"50830101";"5083";8;"Jente";"VGS";36,11853;-1,52757
"1726";"Spania";"50830102";"5083";8;"Gutt";"VGS";49,42491;-1,98631
"1727";"Spania";"50830103";"5083";8;"Gutt";"Kort utdanning";57,13913;-1,37528
"1728";"Spania";"50830106";"5083";8;"Gutt";"Kort utdanning";37,63793;-0,63091
"1729";"Spania";"50830108";"5083";8;"Jente";"VGS";65,704;-0,35557
"1730";"Spania";"50830109";"5083";8;"Jente";"VGS";65,704;0,18035
"1731";"Spania";"50830110";"5083";8;"Gutt";"VGS";57,13913;-0,99163
"1732";"Spania";"50830111";"5083";8;"Gutt";"Kort utdanning";49,42491;-0,02199
"1733";"Spania";"50830112";"5083";8;"Gutt";"Ungdomsskole";39,20663;-1,91122
"1734";"Spania";"50830113";"5083";8;"Gutt";"Høyere utdanning";46,81653;-0,82672
"1735";"Spania";"50830114";"5083";8;"Gutt";"Høyere utdanning";39,20663;-0,92684
"1736";"Spania";"50830115";"5083";8;"Gutt";"VGS";44,59585;-0,58904
"1737";"Spania";"50830116";"5083";8;"Gutt";"VGS";65,704;-0,40563
"1738";"Spania";"50830117";"5083";8;"Jente";"Kort utdanning";65,704;-0,48073
"1739";"Spania";"50830118";"5083";8;"Gutt";"Kort utdanning";37,63793;-1,60056
"1740";"Spania";"50830119";"5083";8;"Gutt";"Høyere utdanning";49,42491;-0,81642
"1741";"Spania";"50830120";"5083";8;"Jente";"Ungdomsskole";51,9555;-0,35979
"1742";"Spania";"50830123";"5083";8;"Jente";"VGS";57,13913;0,28048
"1743";"Spania";"50830124";"5083";8;"Jente";"VGS";44,59585;-0,35768
"1744";"Spania";"50840101";"5084";8;"Gutt";"Høyere utdanning";40,85939;-1,5194
"1745";"Spania";"50840103";"5084";8;"Gutt";"Kort utdanning";41,30992;-0,69338
"1746";"Spania";"50840104";"5084";8;"Jente";"Kort utdanning";37,63793;0,74741
"1747";"Spania";"50840105";"5084";8;"Gutt";"Høyere utdanning";37,63793;1,17946
"1748";"Spania";"50840106";"5084";8;"Jente";"Ungdomsskole";42,6371;0,08398
"1749";"Spania";"50840107";"5084";8;"Jente";"Kort utdanning";46,81653;-1,63589
"1750";"Spania";"50840108";"5084";8;"Gutt";"Kort utdanning";37,63793;-0,04259
"1751";"Spania";"50840109";"5084";8;"Gutt";"Kort utdanning";46,81653;-1,37528
"1752";"Spania";"50840110";"5084";8;"Jente";"Kort utdanning";46,81653;-0,91444
"1753";"Spania";"50840111";"5084";8;"Jente";"Kort utdanning";36,11853;-1,35236
"1754";"Spania";"50840112";"5084";8;"Gutt";"Kort utdanning";42,6371;-0,14924
"1755";"Spania";"50840113";"5084";8;"Jente";"VGS";46,81653;-1,01456
"1756";"Spania";"50840114";"5084";8;"Jente";"VGS";49,42491;-0,40563
"1757";"Spania";"50840115";"5084";8;"Jente";"VGS";40,85939;-1,6514
"1758";"Spania";"50840116";"5084";8;"Jente";"VGS";37,63793;0,58084
"1759";"Spania";"50840117";"5084";8;"Jente";"VGS";39,20663;-0,98953
"1760";"Spania";"50840118";"5084";8;"Gutt";"Kort utdanning";39,20663;-0,59768
"1761";"Spania";"50840119";"5084";8;"Jente";"VGS";37,63793;-0,60798
"1762";"Spania";"50840120";"5084";8;"Gutt";"VGS";65,704;0,12819
"1763";"Spania";"50840121";"5084";8;"Jente";"VGS";49,42491;0,48072
"1764";"Spania";"50840122";"5084";8;"Jente";"Høyere utdanning";37,63793;1,56311
"1765";"Spania";"50840123";"5084";8;"Gutt";"Kort utdanning";57,13913;-0,65594
"1766";"Spania";"50840124";"5084";8;"Jente";"Høyere utdanning";46,81653;-1,40031
"1767";"Spania";"50840125";"5084";8;"Gutt";"Høyere utdanning";65,704;0,03626
"1768";"Spania";"50840126";"5084";8;"Jente";"Høyere utdanning";57,13913;-0,99163
"1769";"Spania";"50840128";"5084";8;"Jente";"Høyere utdanning";37,63793;-1,60266
"1770";"Spania";"50840129";"5084";8;"Jente";"VGS";65,704;-1,77788
"1771";"Spania";"50850102";"5085";8;"Jente";"Høyere utdanning";65,704;1,49832
"1772";"Spania";"50850103";"5085";8;"Jente";"Høyere utdanning";65,704;1,57341
"1773";"Spania";"50850104";"5085";8;"Gutt";"Kort utdanning";65,704;-0,41804
"1774";"Spania";"50850105";"5085";8;"Gutt";"Høyere utdanning";46,81653;1,19796
"1775";"Spania";"50850106";"5085";8;"Jente";"Høyere utdanning";65,704;1,11256
"1776";"Spania";"50850107";"5085";8;"Gutt";"Høyere utdanning";65,704;-0,64564
"1777";"Spania";"50850108";"5085";8;"Jente";"Høyere utdanning";65,704;1,62347
"1778";"Spania";"50850109";"5085";8;"Jente";"Høyere utdanning";65,704;1,47329
"1779";"Spania";"50850110";"5085";8;"Gutt";"Høyere utdanning";65,704;1,19796
"1780";"Spania";"50850113";"5085";8;"Jente";"Høyere utdanning";65,704;1,19796
"1781";"Spania";"50850114";"5085";8;"Gutt";"Høyere utdanning";57,13913;1,57341
"1782";"Spania";"50850115";"5085";8;"Annet";"Høyere utdanning";57,13913;0,99871
"1783";"Spania";"50850116";"5085";8;"Gutt";"Høyere utdanning";65,704;1,94887
"1784";"Spania";"50850117";"5085";8;"Jente";"VGS";57,13913;0,98741
"1785";"Spania";"50850118";"5085";8;"Jente";"Høyere utdanning";52,66245;1,46299
"1786";"Spania";"50850119";"5085";8;"Jente";"Ungdomsskole";65,704;0,74741
"1787";"Spania";"50850120";"5085";8;"Gutt";"VGS";57,13913;1,49832
"1788";"Spania";"50850121";"5085";8;"Gutt";"Høyere utdanning";36,11853;1,84874
"1789";"Spania";"50850122";"5085";8;"Jente";"Høyere utdanning";65,704;1,56311
"1790";"Spania";"50850123";"5085";8;"Gutt";"Høyere utdanning";65,704;1,57341
"1791";"Spania";"50850124";"5085";8;"Jente";"Høyere utdanning";65,704;0,84753
"1792";"Spania";"50860101";"5086";8;"Jente";"VGS";52,66245;-0,44097
"1793";"Spania";"50860102";"5086";8;"Jente";"VGS";65,704;-0,49103
"1794";"Spania";"50860103";"5086";8;"Jente";"VGS";65,704;-0,01988
"1795";"Spania";"50860104";"5086";8;"Gutt";"Høyere utdanning";36,11853;-0,40774
"1796";"Spania";"50860105";"5086";8;"Jente";"VGS";44,59585;-0,10527
"1797";"Spania";"50860106";"5086";8;"Jente";"Høyere utdanning";57,13913;0,31159
"1798";"Spania";"50860107";"5086";8;"Jente";"Høyere utdanning";65,704;-0,23253
"1799";"Spania";"50860108";"5086";8;"Jente";"VGS";46,81653;-0,10738
"1800";"Spania";"50860109";"5086";8;"Gutt";"Ungdomsskole";52,66245;-0,49313
"1801";"Spania";"50860110";"5086";8;"Gutt";"VGS";65,704;1,08753
"1802";"Spania";"50860111";"5086";8;"Jente";"VGS";65,704;-0,43066
"1803";"Spania";"50860112";"5086";8;"Gutt";"VGS";49,42491;-0,10527
"1804";"Spania";"50860113";"5086";8;"Jente";"Høyere utdanning";65,704;1,19796
"1805";"Spania";"50860114";"5086";8;"Gutt";"VGS";40,85939;-0,73922
"1806";"Spania";"50860115";"5086";8;"Jente";"Høyere utdanning";49,42491;-0,23253
"1807";"Spania";"50860116";"5086";8;"Gutt";"Høyere utdanning";42,6371;-0,79139
"1808";"Spania";"50860118";"5086";8;"Gutt";"Høyere utdanning";44,59585;0,65593
"1809";"Spania";"50860119";"5086";8;"Jente";"Kort utdanning";65,704;-0,23464
"1810";"Spania";"50870101";"5087";8;"Jente";"VGS";65,704;-1,98631
"1811";"Spania";"50870106";"5087";8;"Jente";"VGS";65,704;-1,9955
"1812";"Spania";"50870107";"5087";8;"Gutt";"VGS";36,11853;-1,78607
"1813";"Spania";"50870112";"5087";8;"Gutt";"VGS";40,85939;-1,33552
"1814";"Spania";"50870113";"5087";8;"Annet";"Høyere utdanning";37,63793;-1,86824
"1815";"Spania";"50870118";"5087";8;"Jente";"Høyere utdanning";44,59585;-2,16152
"1816";"Spania";"50870121";"5087";8;"Gutt";"VGS";39,56785;-2,18656
"1817";"Spania";"50870122";"5087";8;"Gutt";"VGS";37,63793;-1,96099
"1818";"Spania";"50880101";"5088";8;"Gutt";"Kort utdanning";49,42491;-1,00636
"1819";"Spania";"50880102";"5088";8;"Jente";"Høyere utdanning";65,704;1,56522
"1820";"Spania";"50880103";"5088";8;"Gutt";"Kort utdanning";46,81653;0,61406
"1821";"Spania";"50880104";"5088";8;"Gutt";"Kort utdanning";65,704;0,84753
"1822";"Spania";"50880106";"5088";8;"Gutt";"Kort utdanning";37,63793;-0,21403
"1823";"Spania";"50880107";"5088";8;"Gutt";"Høyere utdanning";52,66245;1,18765
"1824";"Spania";"50880108";"5088";8;"Jente";"Høyere utdanning";65,704;0,74741
"1825";"Spania";"50880109";"5088";8;"Jente";"VGS";65,704;-0,51132
"1826";"Spania";"50880110";"5088";8;"Gutt";"VGS";39,27211;-0,99163
"1827";"Spania";"50880111";"5088";8;"Gutt";"Høyere utdanning";65,704;-0,39091
"1828";"Spania";"50880112";"5088";8;"Gutt";"VGS";37,63793;-1,00197
"1829";"Spania";"50880113";"5088";8;"Gutt";"VGS";65,704;0,74741
"1830";"Spania";"50880114";"5088";8;"Gutt";"Kort utdanning";44,59585;1,08964
"1831";"Spania";"50880115";"5088";8;"Gutt";"Høyere utdanning";36,11853;0,53078
"1832";"Spania";"50880116";"5088";8;"Jente";"Ungdomsskole";65,704;-1,83613
"1833";"Spania";"50880117";"5088";8;"Gutt";"VGS";40,85939;0,45569
"1834";"Spania";"50880118";"5088";8;"Gutt";"Kort utdanning";46,81653;-1,86116
"1835";"Spania";"50880119";"5088";8;"Jente";"Høyere utdanning";65,704;0,564
"1836";"Spania";"50880120";"5088";8;"Jente";"Ungdomsskole";65,704;0,41172
"1837";"Spania";"50880122";"5088";8;"Jente";"Høyere utdanning";65,704;-0,85618
"1838";"Spania";"50880123";"5088";8;"Gutt";"VGS";65,704;-0,70811
"1839";"Spania";"50880124";"5088";8;"Jente";"Høyere utdanning";65,704;1,23793
"1840";"Spania";"50880125";"5088";8;"Jente";"Høyere utdanning";65,704;0,03017
"1841";"Spania";"50880126";"5088";8;"Jente";"Kort utdanning";65,704;0,06129
"1842";"Spania";"50880128";"5088";8;"Jente";"Høyere utdanning";65,704;-0,53079
"1843";"Spania";"50880129";"5088";8;"Jente";"Høyere utdanning";57,13913;-0,44539
"1844";"Spania";"50880130";"5088";8;"Gutt";"Høyere utdanning";37,63793;-1,52547
"1845";"Spania";"50880131";"5088";8;"Jente";"Høyere utdanning";57,13913;1,1479
"1846";"Spania";"50880133";"5088";8;"Jente";"VGS";65,704;-1,42534
"1847";"Spania";"50880134";"5088";8;"Gutt";"Høyere utdanning";65,704;1,37317
"1848";"Spania";"50880135";"5088";8;"Jente";"Høyere utdanning";65,704;0,13638
"1849";"Spania";"50880136";"5088";8;"Jente";"VGS";65,704;-0,23042
"1850";"Spania";"50880137";"5088";8;"Jente";"Høyere utdanning";65,704;1,34814
"1851";"Spania";"50890201";"5089";8;"Gutt";"Høyere utdanning";49,42491;-0,40563
"1852";"Spania";"50890202";"5089";8;"Jente";"VGS";65,704;-1,09175
"1853";"Spania";"50890203";"5089";8;"Jente";"Høyere utdanning";65,704;-0,02199
"1854";"Spania";"50890204";"5089";8;"Gutt";"Kort utdanning";42,6371;-0,50576
"1855";"Spania";"50890205";"5089";8;"Gutt";"VGS";62,87645;-1,86116
"1856";"Spania";"50890206";"5089";8;"Jente";"Høyere utdanning";44,59585;0,38668
"1857";"Spania";"50890207";"5089";8;"Jente";"VGS";65,704;-0,32024
"1858";"Spania";"50890208";"5089";8;"Gutt";"Høyere utdanning";40,85939;-0,22223
"1859";"Spania";"50890209";"5089";8;"Jente";"Høyere utdanning";57,13913;0,06129
"1860";"Spania";"50890210";"5089";8;"Jente";"Høyere utdanning";65,704;0,0449
"1861";"Spania";"50890211";"5089";8;"Gutt";"Kort utdanning";40,85939;-1,37528
"1862";"Spania";"50890212";"5089";8;"Jente";"Høyere utdanning";62,87645;-0,59557
"1863";"Spania";"50890213";"5089";8;"Jente";"Kort utdanning";41,63162;0,75394
"1864";"Spania";"50890214";"5089";8;"Jente";"Høyere utdanning";49,42491;1,13759
"1865";"Spania";"50890215";"5089";8;"Gutt";"VGS";44,59585;0,00304
"1866";"Spania";"50890216";"5089";8;"Gutt";"Høyere utdanning";40,85939;1,34814
"1867";"Spania";"50890217";"5089";8;"Gutt";"VGS";42,6371;-0,97922
"1868";"Spania";"50890218";"5089";8;"Gutt";"VGS";42,6371;0,32843
"1869";"Spania";"50890219";"5089";8;"Jente";"Kort utdanning";57,13913;-0,21193
"1870";"Spania";"50890220";"5089";8;"Jente";"Kort utdanning";65,704;-0,30551
"1871";"Spania";"50900201";"5090";8;"Jente";"Kort utdanning";52,66245;-0,99163
"1872";"Spania";"50900202";"5090";8;"Gutt";"Høyere utdanning";49,42491;0,52214
"1873";"Spania";"50900204";"5090";8;"Gutt";"VGS";46,81653;-1,06672
"1874";"Spania";"50900205";"5090";8;"Jente";"Høyere utdanning";40,85939;-1,8008
"1875";"Spania";"50900206";"5090";8;"Gutt";"VGS";65,704;0,0552
"1876";"Spania";"50900207";"5090";8;"Jente";"VGS";65,704;-1,62559
"1877";"Spania";"50900208";"5090";8;"Jente";"Høyere utdanning";65,704;-0,68097
"1878";"Spania";"50900209";"5090";8;"Jente";"VGS";65,704;-0,40563
"1879";"Spania";"50900210";"5090";8;"Jente";"VGS";57,13913;0,0552
"1880";"Spania";"50900211";"5090";8;"Gutt";"Høyere utdanning";57,13913;0,52214
"1881";"Spania";"50900212";"5090";8;"Jente";"VGS";65,704;0,11135
"1882";"Spania";"50900213";"5090";8;"Jente";"Høyere utdanning";65,704;-0,60798
"1883";"Spania";"50900214";"5090";8;"Jente";"VGS";57,13913;0,5537
"1884";"Spania";"50900215";"5090";8;"Gutt";"Kort utdanning";57,13913;0,73711
"1885";"Spania";"50900216";"5090";8;"Jente";"Høyere utdanning";65,704;0,92336
"1886";"Spania";"50900217";"5090";8;"Jente";"VGS";65,704;0,62226
"1887";"Spania";"50900218";"5090";8;"Jente";"Kort utdanning";49,42491;-1,40031
"1888";"Spania";"50900219";"5090";8;"Gutt";"VGS";37,63793;0,29687
"1889";"Spania";"50900220";"5090";8;"Gutt";"Kort utdanning";49,42491;0,07602
"1890";"Spania";"50900221";"5090";8;"Jente";"Høyere utdanning";65,704;-0,08888
"1891";"Spania";"50900222";"5090";8;"Gutt";"Høyere utdanning";65,704;0,60376
"1892";"Spania";"50910201";"5091";8;"Gutt";"VGS";40,85939;0,27837
"1893";"Spania";"50910203";"5091";8;"Gutt";"Ungdomsskole";37,63793;-1,77788
"1894";"Spania";"50910204";"5091";8;"Jente";"VGS";65,704;-1,11679
"1895";"Spania";"50910205";"5091";8;"Jente";"Høyere utdanning";46,81653;-0,24515
"1896";"Spania";"50910208";"5091";8;"Jente";"Høyere utdanning";65,704;-1,04669
"1897";"Spania";"50910211";"5091";8;"Gutt";"Kort utdanning";52,66245;-1,73601
"1898";"Spania";"50910212";"5091";8;"Gutt";"Kort utdanning";57,13913;-1,04169
"1899";"Spania";"50910215";"5091";8;"Jente";"Høyere utdanning";46,25673;-0,04048
"1900";"Spania";"50910217";"5091";8;"Jente";"Høyere utdanning";44,59585;-1,73601
"1901";"Spania";"50910218";"5091";8;"Gutt";"VGS";40,85939;-1,77788
"1902";"Spania";"50910219";"5091";8;"Jente";"Høyere utdanning";42,6371;-1,72024
"1903";"Spania";"50910222";"5091";8;"Jente";"VGS";38,41736;-1,78607
"1904";"Spania";"50910224";"5091";8;"Gutt";"Høyere utdanning";37,63793;-0,48073
"1905";"Spania";"50910226";"5091";8;"Jente";"VGS";65,704;0,28867
"1906";"Spania";"50910227";"5091";8;"Gutt";"VGS";36,11853;-1,88619
"1907";"Spania";"50910228";"5091";8;"Gutt";"Kort utdanning";28,03514;-1,73601
"1908";"Spania";"50910229";"5091";8;"Gutt";"Kort utdanning";36,11853;-1,51074
"1909";"Spania";"50920201";"5092";8;"Jente";"VGS";52,66245;-1,04989
"1910";"Spania";"50920202";"5092";8;"Gutt";"Kort utdanning";65,704;-0,32235
"1911";"Spania";"50920203";"5092";8;"Gutt";"Kort utdanning";36,11853;-1,01666
"1912";"Spania";"50920204";"5092";8;"Gutt";"Høyere utdanning";44,59585;-0,49103
"1913";"Spania";"50920205";"5092";8;"Gutt";"VGS";39,20663;0,32843
"1914";"Spania";"50920207";"5092";8;"Jente";"Høyere utdanning";65,704;-1,30019
"1915";"Spania";"50920208";"5092";8;"Jente";"Høyere utdanning";65,704;0,00093
"1916";"Spania";"50920209";"5092";8;"Jente";"Høyere utdanning";65,704;0,11346
"1917";"Spania";"50920210";"5092";8;"Gutt";"Høyere utdanning";49,42491;0,72681
"1918";"Spania";"50920211";"5092";8;"Gutt";"Kort utdanning";44,59585;0,86226
"1919";"Spania";"50920212";"5092";8;"Gutt";"VGS";52,66245;-1,40242
"1920";"Spania";"50920213";"5092";8;"Gutt";"VGS";57,13913;-0,9645
"1921";"Spania";"50920214";"5092";8;"Annet";"Kort utdanning";65,704;1,94887
"1922";"Spania";"50920215";"5092";8;"Jente";"Høyere utdanning";65,704;1,44826
"1923";"Spania";"50920216";"5092";8;"Gutt";"Høyere utdanning";65,704;1,42323
"1924";"Spania";"50920218";"5092";8;"Jente";"Ungdomsskole";65,704;-1,27516
"1925";"Spania";"50920219";"5092";8;"Jente";"Høyere utdanning";65,704;-1,16259
"1926";"Spania";"50920220";"5092";8;"Gutt";"Høyere utdanning";52,66245;0,8019
"1927";"Spania";"50920221";"5092";8;"Jente";"Høyere utdanning";65,704;0,27837
"1928";"Spania";"50930101";"5093";8;"Gutt";"VGS";37,63793;-0,40774
"1929";"Spania";"50930102";"5093";8;"Gutt";"Kort utdanning";49,42491;-0,61829
"1930";"Spania";"50930103";"5093";8;"Gutt";"VGS";36,11853;-1,68595
"1931";"Spania";"50930104";"5093";8;"Jente";"Kort utdanning";65,704;0,12819
"1932";"Spania";"50930105";"5093";8;"Jente";"Høyere utdanning";52,66245;0,27626
"1933";"Spania";"50930106";"5093";8;"Gutt";"Ungdomsskole";40,85939;-1,01877
"1934";"Spania";"50930107";"5093";8;"Gutt";"Høyere utdanning";49,42491;-0,44097
"1935";"Spania";"50930108";"5093";8;"Jente";"Høyere utdanning";65,704;1,34814
"1936";"Spania";"50930109";"5093";8;"Jente";"Høyere utdanning";49,42491;-0,3785
"1937";"Spania";"50930110";"5093";8;"Gutt";"VGS";40,85939;-1,52547
"1938";"Spania";"50930111";"5093";8;"Jente";"VGS";65,704;-0,34085
"1939";"Spania";"50930112";"5093";8;"Jente";"Høyere utdanning";65,704;-0,02199
"1940";"Spania";"50930113";"5093";8;"Jente";"Høyere utdanning";42,6371;-0,19066
"1941";"Spania";"50930114";"5093";8;"Jente";"Høyere utdanning";65,704;0,98952
"1942";"Spania";"50930115";"5093";8;"Jente";"Høyere utdanning";65,704;1,07281
"1943";"Spania";"50930116";"5093";8;"Gutt";"Høyere utdanning";57,13913;1,07281
"1944";"Spania";"50930117";"5093";8;"Gutt";"VGS";37,63793;0,43542
"1945";"Spania";"50930118";"5093";8;"Jente";"Høyere utdanning";65,704;-0,25545
"1946";"Spania";"50930119";"5093";8;"Gutt";"Kort utdanning";44,59585;0,27837
"1947";"Spania";"50930120";"5093";8;"Gutt";"VGS";57,13913;0,70599
"1948";"Spania";"50930121";"5093";8;"Gutt";"Høyere utdanning";49,42491;1,46299
"1949";"Spania";"50930122";"5093";8;"Gutt";"Kort utdanning";52,66245;0,73102
"1950";"Spania";"50930123";"5093";8;"Gutt";"Høyere utdanning";44,59585;0,57663
"1951";"Spania";"50930124";"5093";8;"Gutt";"Høyere utdanning";37,63793;-0,09918
"1952";"Spania";"50930125";"5093";8;"Jente";"Ungdomsskole";65,704;0,60587
"1953";"Spania";"50930126";"5093";8;"Gutt";"VGS";37,63793;-0,02199
"1954";"Spania";"50930127";"5093";8;"Jente";"Høyere utdanning";65,704;-0,08677
"1955";"Spania";"50930128";"5093";8;"Jente";"Kort utdanning";46,81653;-0,63091
"1956";"Spania";"50930129";"5093";8;"Jente";"Høyere utdanning";65,12546;-0,88941
"1957";"Spania";"50930130";"5093";8;"Gutt";"VGS";36,11853;-1,25013
"1958";"Spania";"50940401";"5094";8;"Gutt";"Kort utdanning";65,704;0,96449
"1959";"Spania";"50940402";"5094";8;"Jente";"Høyere utdanning";65,704;-0,16563
"1960";"Spania";"50940403";"5094";8;"Gutt";"Kort utdanning";65,704;0,66413
"1961";"Spania";"50940404";"5094";8;"Jente";"Høyere utdanning";65,704;0,53687
"1962";"Spania";"50940405";"5094";8;"Jente";"Høyere utdanning";65,704;0,2159
"1963";"Spania";"50940407";"5094";8;"Gutt";"Høyere utdanning";65,704;0,66202
"1964";"Spania";"50940408";"5094";8;"Jente";"Kort utdanning";57,13913;0,45569
"1965";"Spania";"50940409";"5094";8;"Gutt";"Høyere utdanning";65,704;0,94765
"1966";"Spania";"50940410";"5094";8;"Jente";"Høyere utdanning";52,66245;0,96238
"1967";"Spania";"50940411";"5094";8;"Jente";"Høyere utdanning";52,66245;-0,75606
"1968";"Spania";"50940412";"5094";8;"Jente";"Høyere utdanning";65,704;-0,9645
"1969";"Spania";"50940413";"5094";8;"Jente";"VGS";44,59585;-1,02697
"1970";"Spania";"50940414";"5094";8;"Gutt";"Kort utdanning";65,704;0,98741
"1971";"Spania";"50940415";"5094";8;"Gutt";"Kort utdanning";44,59585;-0,58904
"1972";"Spania";"50940416";"5094";8;"Jente";"Ungdomsskole";57,13913;0,66413
"1973";"Spania";"50940417";"5094";8;"Gutt";"Kort utdanning";44,59585;-1,00636
"1974";"Spania";"50940418";"5094";8;"Gutt";"VGS";44,59585;0,5619
"1975";"Spania";"50940419";"5094";8;"Jente";"Høyere utdanning";65,704;1,18765
"1976";"Spania";"50940420";"5094";8;"Gutt";"Kort utdanning";65,704;1,49832
"1977";"Spania";"50940421";"5094";8;"Jente";"Kort utdanning";62,87645;1,01244
"1978";"Spania";"50940422";"5094";8;"Gutt";"Høyere utdanning";40,85939;1,03747
"1979";"Spania";"50940423";"5094";8;"Gutt";"Høyere utdanning";64,49352;0,73922
"1980";"Spania";"50940424";"5094";8;"Gutt";"Ungdomsskole";65,704;-1,62559
"1981";"Spania";"50940426";"5094";8;"Jente";"Kort utdanning";65,704;0,27837
"1982";"Spania";"50950101";"5095";8;"Gutt";"Ungdomsskole";44,59585;-1,32686
"1983";"Spania";"50950104";"5095";8;"Gutt";"Ungdomsskole";49,42491;-0,63091
"1984";"Spania";"50950105";"5095";8;"Jente";"VGS";42,6371;-0,16563
"1985";"Spania";"50950107";"5095";8;"Gutt";"VGS";65,704;0,01987
"1986";"Spania";"50950109";"5095";8;"Gutt";"Kort utdanning";46,81653;-1,37528
"1987";"Spania";"50950110";"5095";8;"Gutt";"VGS";44,59585;1,56311
"1988";"Spania";"50950111";"5095";8;"Gutt";"Høyere utdanning";65,704;0,02807
"1989";"Spania";"50950112";"5095";8;"Jente";"Høyere utdanning";65,704;0,79747
"1990";"Spania";"50950114";"5095";8;"Jente";"Høyere utdanning";52,66245;-0,24515
"1991";"Spania";"50950116";"5095";8;"Gutt";"VGS";42,6371;-0,77456
"1992";"Spania";"50960401";"5096";8;"Jente";"VGS";65,704;-1,62559
"1993";"Spania";"50960402";"5096";8;"Gutt";"VGS";65,704;-0,81642
"1994";"Spania";"50960403";"5096";8;"Jente";"Høyere utdanning";65,704;-1,78607
"1995";"Spania";"50960404";"5096";8;"Jente";"Høyere utdanning";49,42491;0,66202
"1996";"Spania";"50960405";"5096";8;"Jente";"VGS";46,81653;-0,77637
"1997";"Spania";"50960406";"5096";8;"Gutt";"Kort utdanning";49,42491;-0,91444
"1998";"Spania";"50960407";"5096";8;"Gutt";"Ungdomsskole";40,85939;-1,60056
"1999";"Spania";"50960408";"5096";8;"Gutt";"Kort utdanning";46,81653;-1,21691
"2000";"Spania";"50960410";"5096";8;"Gutt";"Høyere utdanning";46,81653;-1,2148
"2001";"Spania";"50960411";"5096";8;"Jente";"VGS";65,704;1,08753
"2002";"Spania";"50960412";"5096";8;"Gutt";"Ungdomsskole";44,59585;-0,9645
"2003";"Spania";"50960414";"5096";8;"Gutt";"Kort utdanning";44,59585;-0,60588
"2004";"Spania";"50960415";"5096";8;"Gutt";"Kort utdanning";52,66245;-0,22223
"2005";"Spania";"50960416";"5096";8;"Gutt";"VGS";36,11853;-0,84145
"2006";"Spania";"50960417";"5096";8;"Gutt";"VGS";49,42491;0,14502
"2007";"Spania";"50960418";"5096";8;"Jente";"Kort utdanning";65,704;0,19298
"2008";"Spania";"50960419";"5096";8;"Jente";"VGS";65,704;-0,20539
"2009";"Spania";"50960420";"5096";8;"Jente";"Høyere utdanning";57,13913;-0,11391
"2010";"Spania";"50960421";"5096";8;"Jente";"VGS";44,59585;-1,37739
"2011";"Spania";"50960423";"5096";8;"Gutt";"Ungdomsskole";31,55703;-0,50576
"2012";"Spania";"50970102";"5097";8;"Jente";"VGS";49,42491;-1,76104
"2013";"Spania";"50970103";"5097";8;"Jente";"VGS";52,66245;0,60166
"2014";"Spania";"50970104";"5097";8;"Gutt";"Høyere utdanning";65,704;0,61406
"2015";"Spania";"50970105";"5097";8;"Jente";"Høyere utdanning";65,704;1,17293
"2016";"Spania";"50970106";"5097";8;"Gutt";"VGS";42,6371;0,72681
"2017";"Spania";"50970107";"5097";8;"Jente";"Høyere utdanning";65,704;0,38879
"2018";"Spania";"50970108";"5097";8;"Gutt";"Ungdomsskole";42,6371;-0,65594
"2019";"Spania";"50970109";"5097";8;"Jente";"Ungdomsskole";65,704;-1,39212
"2020";"Spania";"50970110";"5097";8;"Jente";"VGS";57,13913;-0,48073
"2021";"Spania";"50970112";"5097";8;"Gutt";"VGS";57,13913;0,65382
"2022";"Spania";"50970113";"5097";8;"Jente";"Ungdomsskole";65,704;-1,01666
"2023";"Spania";"50970114";"5097";8;"Gutt";"Høyere utdanning";42,6371;1,42323
"2024";"Spania";"50970115";"5097";8;"Gutt";"Høyere utdanning";46,81653;1,17946
"2025";"Spania";"50970116";"5097";8;"Jente";"Høyere utdanning";65,704;-0,60588
"2026";"Spania";"50970117";"5097";8;"Gutt";"VGS";42,6371;-0,30762
"2027";"Spania";"50970118";"5097";8;"Jente";"Høyere utdanning";65,704;-0,65804
"2028";"Spania";"50970119";"5097";8;"Gutt";"VGS";57,13913;-1,12498
"2029";"Spania";"50970120";"5097";8;"Jente";"VGS";65,704;-1,86116
"2030";"Spania";"50970121";"5097";8;"Gutt";"Kort utdanning";65,704;0,78928
"2031";"Spania";"50970122";"5097";8;"Gutt";"VGS";37,63793;0,73711
"2032";"Spania";"50970123";"5097";8;"Jente";"Ungdomsskole";49,42491;-0,50997
"2033";"Spania";"50970124";"5097";8;"Gutt";"Høyere utdanning";52,66245;-1,24194
"2034";"Spania";"50970125";"5097";8;"Jente";"VGS";57,13913;-1,45037
"2035";"Spania";"50970126";"5097";8;"Jente";"Høyere utdanning";49,42491;-0,82462
"2036";"Spania";"50970127";"5097";8;"Jente";"Høyere utdanning";65,704;-1,30019
"2037";"Spania";"50970128";"5097";8;"Jente";"VGS";65,704;-0,22012
"2038";"Spania";"50970129";"5097";8;"Gutt";"Kort utdanning";49,42491;-0,6288
"2039";"Spania";"50970130";"5097";8;"Gutt";"VGS";29,89724;-0,50576
"2040";"Spania";"50980301";"5098";8;"Gutt";"Høyere utdanning";42,6371;-0,20539
"2041";"Spania";"50980302";"5098";8;"Gutt";"Kort utdanning";46,81653;-0,00515
"2042";"Spania";"50980303";"5098";8;"Gutt";"Høyere utdanning";65,704;-0,43066
"2043";"Spania";"50980304";"5098";8;"Jente";"Høyere utdanning";49,42491;-1,04169
"2044";"Spania";"50980305";"5098";8;"Jente";"Høyere utdanning";65,704;-0,14714
"2045";"Spania";"50980306";"5098";8;"Gutt";"Høyere utdanning";49,42491;-0,24515
"2046";"Spania";"50980307";"5098";8;"Gutt";"Høyere utdanning";40,85939;-1,01456
"2047";"Spania";"50980308";"5098";8;"Jente";"Kort utdanning";65,704;-1,40031
"2048";"Spania";"50980309";"5098";8;"Gutt";"Kort utdanning";42,6371;-0,00726
"2049";"Spania";"50980310";"5098";8;"Jente";"VGS";65,704;-0,53079
"2050";"Spania";"50980311";"5098";8;"Gutt";"Kort utdanning";65,704;-0,50786
"2051";"Spania";"50980313";"5098";8;"Gutt";"Kort utdanning";46,81653;-1,20007
"2052";"Spania";"50980315";"5098";8;"Jente";"Kort utdanning";65,704;-1,27516
"2053";"Spania";"50980316";"5098";8;"Gutt";"Kort utdanning";52,66245;0,13029
"2054";"Spania";"50980317";"5098";8;"Gutt";"VGS";49,42491;-0,68097
"2055";"Spania";"50980318";"5098";8;"Jente";"VGS";65,704;-0,12211
"2056";"Spania";"50980319";"5098";8;"Jente";"Kort utdanning";65,704;-0,89151
"2057";"Spania";"50980320";"5098";8;"Jente";"VGS";65,704;0,22011
"2058";"Spania";"50980321";"5098";8;"Gutt";"Høyere utdanning";65,704;0,51394
"2059";"Spania";"50980322";"5098";8;"Jente";"Høyere utdanning";65,704;-0,63091
"2060";"Spania";"50980323";"5098";8;"Jente";"Høyere utdanning";65,704;-0,30551
"2061";"Spania";"50980324";"5098";8;"Jente";"VGS";65,704;-0,7245
"2062";"Spania";"50980325";"5098";8;"Jente";"Høyere utdanning";57,13913;0,38668
"2063";"Spania";"50980326";"5098";8;"Gutt";"VGS";44,59585;-1,52547
"2064";"Spania";"50980327";"5098";8;"Gutt";"VGS";42,6371;-1,66765
"2065";"Spania";"50990401";"5099";8;"Jente";"Kort utdanning";46,81653;-0,60798
"2066";"Spania";"50990402";"5099";8;"Gutt";"VGS";41,19522;0,27626
"2067";"Spania";"50990403";"5099";8;"Gutt";"VGS";46,81653;-0,60263
"2068";"Spania";"50990404";"5099";8;"Jente";"VGS";65,704;-0,60377
"2069";"Spania";"50990406";"5099";8;"Gutt";"Høyere utdanning";42,6371;0,17005
"2070";"Spania";"50990408";"5099";8;"Gutt";"VGS";65,704;-1,23964
"2071";"Spania";"50990409";"5099";8;"Jente";"VGS";65,704;0,28048
"2072";"Spania";"50990410";"5099";8;"Gutt";"VGS";65,704;0,27837
"2073";"Spania";"50990411";"5099";8;"Jente";"Høyere utdanning";65,12546;-0,75817
"2074";"Spania";"50990412";"5099";8;"Jente";"VGS";65,704;1,94887
"2075";"Spania";"50990414";"5099";8;"Gutt";"VGS";36,11853;0,08066
"2076";"Spania";"50990415";"5099";8;"Gutt";"VGS";40,85939;-1,38559
"2077";"Spania";"50990416";"5099";8;"Gutt";"Kort utdanning";49,42491;-2,16152
"2078";"Spania";"50990417";"5099";8;"Annet";"Kort utdanning";65,704;0,09075
"2079";"Spania";"50990418";"5099";8;"Annet";"Ungdomsskole";44,59585;-0,70157
"2080";"Spania";"50990419";"5099";8;"Gutt";"VGS";65,704;0,0264
"2081";"Spania";"50990421";"5099";8;"Gutt";"Kort utdanning";57,13913;-0,01988
"2082";"Spania";"50990422";"5099";8;"Gutt";"VGS";40,85939;-0,22012
"2083";"Spania";"50990423";"5099";8;"Jente";"Ungdomsskole";65,704;-1,86116
"2084";"Spania";"51010201";"5101";8;"Jente";"Ungdomsskole";49,42491;-0,67875
"2085";"Spania";"51010202";"5101";8;"Jente";"Høyere utdanning";65,704;-0,98953
"2086";"Spania";"51010203";"5101";8;"Jente";"Høyere utdanning";65,704;0,37849
"2087";"Spania";"51010204";"5101";8;"Gutt";"Ungdomsskole";52,66245;-0,37452
"2088";"Spania";"51010206";"5101";8;"Jente";"Høyere utdanning";57,13913;-0,76425
"2089";"Spania";"51010207";"5101";8;"Jente";"Høyere utdanning";65,704;0,52656
"2090";"Spania";"51010208";"5101";8;"Jente";"Høyere utdanning";65,704;-0,57874
"2091";"Spania";"51010209";"5101";8;"Jente";"Ungdomsskole";37,63793;0,16352
"2092";"Spania";"51010211";"5101";8;"Jente";"Ungdomsskole";39,20663;0,01123
"2093";"Spania";"51010212";"5101";8;"Gutt";"Ungdomsskole";33,11239;0,25178
"2094";"Spania";"51010213";"5101";8;"Jente";"Høyere utdanning";65,704;0,08632
"2095";"Spania";"51010214";"5101";8;"Jente";"Høyere utdanning";65,704;-0,98953
"2096";"Spania";"51010215";"5101";8;"Gutt";"Høyere utdanning";37,63793;0,21147
"2097";"Spania";"51010217";"5101";8;"Jente";"Høyere utdanning";65,704;-0,33874
"2098";"Spania";"51010218";"5101";8;"Gutt";"Høyere utdanning";44,59585;-1,61086
"2099";"Spania";"51010219";"5101";8;"Jente";"Kort utdanning";57,13913;-0,32024
"2100";"Spania";"51010220";"5101";8;"Jente";"Høyere utdanning";65,704;-1,01456
"2101";"Spania";"51010221";"5101";8;"Jente";"Høyere utdanning";65,704;-0,60377
"2102";"Spania";"51010222";"5101";8;"Gutt";"VGS";39,20663;-1,17504
"2103";"Spania";"51010223";"5101";8;"Gutt";"VGS";37,63793;-1,30019
"2104";"Spania";"51010224";"5101";8;"Jente";"Kort utdanning";65,704;-0,38482
"2105";"Spania";"51010225";"5101";8;"Jente";"Kort utdanning";46,81653;-1,15001
"2106";"Spania";"51010227";"5101";8;"Gutt";"Høyere utdanning";65,704;-0,40563
"2107";"Spania";"51010228";"5101";8;"Gutt";"VGS";65,704;0,00514
"2108";"Spania";"51010229";"5101";8;"Jente";"Høyere utdanning";40,85939;-0,43277
"2109";"Spania";"51010230";"5101";8;"Annet";"Høyere utdanning";44,59585;-1,37739
"2110";"Spania";"51020101";"5102";8;"Gutt";"VGS";52,66245;-1,4754
"2111";"Spania";"51020102";"5102";8;"Jente";"Kort utdanning";44,59585;-0,07205
"2112";"Spania";"51020103";"5102";8;"Jente";"Kort utdanning";65,704;-0,79139
"2113";"Spania";"51020104";"5102";8;"Jente";"Kort utdanning";65,704;-1,98631
"2114";"Spania";"51020107";"5102";8;"Gutt";"VGS";44,59585;-0,65971
"2115";"Spania";"51020108";"5102";8;"Gutt";"Høyere utdanning";65,704;1,49832
"2116";"Spania";"51020109";"5102";8;"Gutt";"Kort utdanning";44,59585;-0,02199
"2117";"Spania";"51020110";"5102";8;"Gutt";"Høyere utdanning";65,704;-0,3888
"2118";"Spania";"51020111";"5102";8;"Jente";"VGS";57,13913;-0,35557
"2119";"Spania";"51020113";"5102";8;"Gutt";"VGS";65,704;-1,01456
"2120";"Spania";"51020114";"5102";8;"Gutt";"VGS";44,59585;-0,91654
"2121";"Spania";"51020115";"5102";8;"Gutt";"VGS";34,6202;-1,25013
"2122";"Spania";"51020116";"5102";8;"Gutt";"VGS";65,704;-1,01666
"2123";"Spania";"51020117";"5102";8;"Gutt";"Ungdomsskole";39,20663;-1,15001
"2124";"Spania";"51020118";"5102";8;"Jente";"Kort utdanning";57,13913;0,66202
"2125";"Spania";"51020121";"5102";8;"Jente";"Høyere utdanning";65,704;0,94765
"2126";"Spania";"51020122";"5102";8;"Jente";"Høyere utdanning";52,66245;-0,91444
"2127";"Spania";"51020123";"5102";8;"Gutt";"Høyere utdanning";65,704;-0,50365
"2128";"Spania";"51020124";"5102";8;"Gutt";"VGS";37,63793;-0,706
"2129";"Spania";"51020125";"5102";8;"Gutt";"VGS";44,59585;-1,10534
"2130";"Spania";"51020126";"5102";8;"Gutt";"Høyere utdanning";39,20663;1,17735
"2131";"Spania";"51020127";"5102";8;"Jente";"Høyere utdanning";65,704;-0,79959
"2132";"Spania";"51020128";"5102";8;"Annet";"Høyere utdanning";15,93837;-1,2148
"2133";"Spania";"51020129";"5102";8;"Annet";"Kort utdanning";28,03514;-1,37528
"2134";"Spania";"51020130";"5102";8;"Annet";"Ungdomsskole";40,85939;0,23861
"2135";"Spania";"51030101";"5103";8;"Gutt";"Høyere utdanning";57,13913;0,00514
"2136";"Spania";"51030102";"5103";8;"Gutt";"Høyere utdanning";37,63793;0,26364
"2137";"Spania";"51030103";"5103";8;"Jente";"Ungdomsskole";65,704;-0,75395
"2138";"Spania";"51030104";"5103";8;"Gutt";"VGS";44,59585;-0,81431
"2139";"Spania";"51030105";"5103";8;"Jente";"Høyere utdanning";65,704;-1,08965
"2140";"Spania";"51030106";"5103";8;"Jente";"Høyere utdanning";42,6371;0,26153
"2141";"Spania";"51030107";"5103";8;"Gutt";"VGS";49,42491;-0,22012
"2142";"Spania";"51030108";"5103";8;"Jente";"Høyere utdanning";49,42491;-1,25013
"2143";"Spania";"51030110";"5103";8;"Gutt";"Ungdomsskole";37,63793;0,30129
"2144";"Spania";"51030111";"5103";8;"Jente";"Kort utdanning";42,6371;0,20328
"2145";"Spania";"51030112";"5103";8;"Gutt";"Høyere utdanning";65,704;-1,8111
"2146";"Spania";"51030113";"5103";8;"Jente";"Høyere utdanning";65,704;0,49711
"2147";"Spania";"51030114";"5103";8;"Jente";"Høyere utdanning";49,42491;-1,08965
"2148";"Spania";"51030116";"5103";8;"Gutt";"Ungdomsskole";37,63793;0,66413
"2149";"Spania";"51030118";"5103";8;"Gutt";"Ungdomsskole";44,59585;-0,21359
"2150";"Spania";"51030120";"5103";8;"Gutt";"Høyere utdanning";40,85939;0,13638
"2151";"Spania";"51030122";"5103";8;"Jente";"Høyere utdanning";49,42491;-0,22012
"2152";"Spania";"51030123";"5103";8;"Jente";"Høyere utdanning";44,59585;1,24802
"2153";"Spania";"51040201";"5104";8;"Jente";"Høyere utdanning";65,704;1,34814
"2154";"Spania";"51040203";"5104";8;"Gutt";"Høyere utdanning";65,704;0,0531
"2155";"Spania";"51040204";"5104";8;"Jente";"Høyere utdanning";65,704;-0,24515
"2156";"Spania";"51040205";"5104";8;"Jente";"Høyere utdanning";57,13913;1,52335
"2157";"Spania";"51040206";"5104";8;"Jente";"Høyere utdanning";65,704;0,51184
"2158";"Spania";"51040207";"5104";8;"Gutt";"Ungdomsskole";40,85939;1,04777
"2159";"Spania";"51040208";"5104";8;"Jente";"Høyere utdanning";65,704;0,96238
"2160";"Spania";"51040209";"5104";8;"Gutt";"VGS";36,11853;0,77244
"2161";"Spania";"51040210";"5104";8;"Jente";"Høyere utdanning";42,6371;-1,15212
"2162";"Spania";"51040212";"5104";8;"Jente";"Høyere utdanning";65,704;0,66413
"2163";"Spania";"51040213";"5104";8;"Jente";"Høyere utdanning";65,704;0,32843
"2164";"Spania";"51040214";"5104";8;"Jente";"Høyere utdanning";65,704;0,65593
"2165";"Spania";"51040215";"5104";8;"Gutt";"VGS";65,704;-0,53079
"2166";"Spania";"51040216";"5104";8;"Jente";"Høyere utdanning";57,13913;0,60376
"2167";"Spania";"51040217";"5104";8;"Jente";"Høyere utdanning";65,704;1,84874
"2168";"Spania";"51040218";"5104";8;"Jente";"Høyere utdanning";65,704;1,57341
"2169";"Spania";"51040219";"5104";8;"Jente";"Høyere utdanning";65,704;-0,10527
"2170";"Spania";"51040220";"5104";8;"Gutt";"VGS";37,63793;-1,04169
"2171";"Spania";"51040221";"5104";8;"Jente";"VGS";52,66245;0,47208
"2172";"Spania";"51040222";"5104";8;"Jente";"Høyere utdanning";65,704;1,46509
"2173";"Spania";"51040223";"5104";8;"Gutt";"Kort utdanning";39,20663;-0,09708
"2174";"Spania";"51040224";"5104";8;"Jente";"Kort utdanning";64,49352;0,32843
"2175";"Spania";"51050401";"5105";8;"Gutt";"Kort utdanning";52,66245;0,77244
"2176";"Spania";"51050402";"5105";8;"Jente";"VGS";65,704;0,02807
"2177";"Spania";"51050403";"5105";8;"Jente";"VGS";65,704;-1,63589
"2178";"Spania";"51050404";"5105";8;"Gutt";"Kort utdanning";37,63793;1,04777
"2179";"Spania";"51050405";"5105";8;"Gutt";"Høyere utdanning";49,42491;0,10982
"2180";"Spania";"51050406";"5105";8;"Gutt";"VGS";40,85939;0,65172
"2181";"Spania";"51050407";"5105";8;"Annet";"VGS";44,59585;-1,47751
"2182";"Spania";"51050408";"5105";8;"Gutt";"VGS";65,24834;-0,98953
"2183";"Spania";"51050409";"5105";8;"Gutt";"VGS";44,59585;1,57341
"2184";"Spania";"51050410";"5105";8;"Gutt";"Ungdomsskole";39,20663;-1,78607
"2185";"Spania";"51050411";"5105";8;"Jente";"VGS";57,13913;-0,76847
"2186";"Spania";"51050412";"5105";8;"Jente";"VGS";65,704;-0,49103
"2187";"Spania";"51050413";"5105";8;"Gutt";"VGS";65,704;-1,91122
"2188";"Spania";"51050414";"5105";8;"Jente";"Ungdomsskole";65,704;0,96238
"2189";"Spania";"51050415";"5105";8;"Gutt";"Høyere utdanning";40,85939;1,1479
"2190";"Spania";"51050416";"5105";8;"Jente";"Høyere utdanning";65,704;1,42323
"2191";"Spania";"51050417";"5105";8;"Gutt";"VGS";57,13913;-0,52868
"2192";"Spania";"51050418";"5105";8;"Gutt";"Høyere utdanning";36,11853;0,71208
"2193";"Spania";"51050419";"5105";8;"Gutt";"Høyere utdanning";65,704;1,56311
"2194";"Spania";"51050420";"5105";8;"Gutt";"Høyere utdanning";44,59585;1,23772
"2195";"Spania";"51050421";"5105";8;"Jente";"VGS";57,13913;-0,43066
"2196";"Spania";"51060301";"5106";8;"Jente";"Høyere utdanning";52,66245;1,3982
"2197";"Spania";"51060302";"5106";8;"Annet";"Høyere utdanning";57,13913;0,53897
"2198";"Spania";"51060303";"5106";8;"Jente";"Høyere utdanning";57,13913;-0,64776
"2199";"Spania";"51060304";"5106";8;"Jente";"Høyere utdanning";65,704;0,57873
"2200";"Spania";"51060305";"5106";8;"Jente";"Høyere utdanning";49,42491;0,70388
"2201";"Spania";"51060306";"5106";8;"Gutt";"Høyere utdanning";65,704;-0,02807
"2202";"Spania";"51060307";"5106";8;"Gutt";"Kort utdanning";43,14909;0,60376
"2203";"Spania";"51060309";"5106";8;"Jente";"Høyere utdanning";65,704;1,57341
"2204";"Spania";"51060310";"5106";8;"Jente";"VGS";49,42491;1,22299
"2205";"Spania";"51060311";"5106";8;"Gutt";"Høyere utdanning";42,6371;-0,43066
"2206";"Spania";"51060312";"5106";8;"Annet";"Kort utdanning";39,20663;0,43675
"2207";"Spania";"51060313";"5106";8;"Jente";"VGS";52,66245;1,92384
"2208";"Spania";"51060314";"5106";8;"Gutt";"VGS";37,63793;0,11135
"2209";"Spania";"51060315";"5106";8;"Gutt";"VGS";34,6202;-0,22012
"2210";"Spania";"51060316";"5106";8;"Gutt";"VGS";65,704;0,83934
"2211";"Spania";"51060317";"5106";8;"Gutt";"Kort utdanning";65,704;0,42644
"2212";"Spania";"51060318";"5106";8;"Jente";"Høyere utdanning";65,704;0,45569
"2213";"Spania";"51060319";"5106";8;"Jente";"Kort utdanning";39,20663;-0,60377
"2214";"Spania";"51060320";"5106";8;"Gutt";"Ungdomsskole";44,59585;1,72359
"2215";"Spania";"51060321";"5106";8;"Jente";"Ungdomsskole";52,66245;-0,02199
"2216";"Spania";"51060323";"5106";8;"Gutt";"Høyere utdanning";42,6371;1,04777
"2217";"Spania";"51060324";"5106";8;"Jente";"Høyere utdanning";65,704;-0,91444
"2218";"Spania";"51060325";"5106";8;"Jente";"Høyere utdanning";65,704;0,70388
"2219";"Spania";"51060327";"5106";8;"Jente";"Høyere utdanning";65,704;0,83934
"2220";"Spania";"51060328";"5106";8;"Jente";"Høyere utdanning";65,704;0,96238
"2221";"Spania";"51060329";"5106";8;"Annet";"VGS";65,704;0,97268
"2222";"Spania";"51060330";"5106";8;"Gutt";"Høyere utdanning";42,6371;-0,02199
"2223";"Spania";"51060331";"5106";8;"Gutt";"Kort utdanning";46,81653;1,11256
"2224";"Spania";"51070101";"5107";8;"Jente";"VGS";65,704;-1,41504
"2225";"Spania";"51070102";"5107";8;"Gutt";"Kort utdanning";37,63793;-1,14392
"2226";"Spania";"51070103";"5107";8;"Gutt";"Kort utdanning";65,704;-1,50043
"2227";"Spania";"51070104";"5107";8;"Gutt";"Høyere utdanning";65,704;-0,18856
"2228";"Spania";"51070105";"5107";8;"Gutt";"Høyere utdanning";65,704;1,3982
"2229";"Spania";"51070106";"5107";8;"Gutt";"Høyere utdanning";65,704;-0,86648
"2230";"Spania";"51070108";"5107";8;"Jente";"Ungdomsskole";33,11239;-0,69127
"2231";"Spania";"51070110";"5107";8;"Gutt";"Kort utdanning";39,20663;-1,39212
"2232";"Spania";"51070111";"5107";8;"Jente";"Høyere utdanning";65,704;0,19508
"2233";"Spania";"51070112";"5107";8;"Jente";"VGS";65,704;-0,40563
"2234";"Spania";"51070113";"5107";8;"Jente";"Høyere utdanning";65,704;-0,74133
"2235";"Spania";"51070114";"5107";8;"Gutt";"Høyere utdanning";52,66245;-1,41715
"2236";"Spania";"51070115";"5107";8;"Jente";"Kort utdanning";65,704;-1,61086
"2237";"Spania";"51070116";"5107";8;"Gutt";"Kort utdanning";52,66245;-1,15001
"2238";"Spania";"51070118";"5107";8;"Jente";"Høyere utdanning";65,704;1,30448
"2239";"Spania";"51070119";"5107";8;"Jente";"VGS";65,704;-1,54407
"2240";"Spania";"51070120";"5107";8;"Gutt";"Høyere utdanning";65,704;1,84874
"2241";"Spania";"51070121";"5107";8;"Jente";"VGS";54,18484;-0,77456
"2242";"Spania";"51070123";"5107";8;"Gutt";"Høyere utdanning";65,704;-0,41804
"2243";"Spania";"51070124";"5107";8;"Jente";"Høyere utdanning";65,704;1,34814
"2244";"Spania";"51070125";"5107";8;"Gutt";"Ungdomsskole";39,20663;-0,86648
"2245";"Spania";"51070126";"5107";8;"Gutt";"VGS";42,6371;-1,76104
"2246";"Spania";"51070128";"5107";8;"Jente";"VGS";49,42491;0,15322
"2247";"Spania";"51070129";"5107";8;"Gutt";"VGS";42,6371;-1,93625
"2248";"Spania";"51070130";"5107";8;"Jente";"VGS";65,704;0,87256
"2249";"Spania";"51080201";"5108";8;"Gutt";"VGS";42,6371;0,69569
"2250";"Spania";"51080202";"5108";8;"Gutt";"Høyere utdanning";46,81653;1,52335
"2251";"Spania";"51080203";"5108";8;"Jente";"Kort utdanning";57,13913;1,01455
"2252";"Spania";"51080204";"5108";8;"Jente";"Høyere utdanning";65,704;1,84874
"2253";"Spania";"51080206";"5108";8;"Gutt";"Høyere utdanning";40,85939;1,34814
"2254";"Spania";"51080207";"5108";8;"Gutt";"Høyere utdanning";52,66245;0,37849
"2255";"Spania";"51080208";"5108";8;"Jente";"Høyere utdanning";52,66245;1,84874
"2256";"Spania";"51080209";"5108";8;"Gutt";"Kort utdanning";44,59585;0,34526
"2257";"Spania";"51080210";"5108";8;"Gutt";"Ungdomsskole";46,81653;0,62669
"2258";"Spania";"51080211";"5108";8;"Gutt";"Kort utdanning";40,50111;1,23772
"2259";"Spania";"51080212";"5108";8;"Jente";"Høyere utdanning";65,704;0,40305
"2260";"Spania";"51080213";"5108";8;"Gutt";"Høyere utdanning";65,704;0,66202
"2261";"Spania";"51080214";"5108";8;"Gutt";"Kort utdanning";52,66245;0,96449
"2262";"Spania";"51080215";"5108";8;"Gutt";"Kort utdanning";57,13913;1,08964
"2263";"Spania";"51080216";"5108";8;"Gutt";"Høyere utdanning";65,704;0,71208
"2264";"Spania";"51080218";"5108";8;"Jente";"Kort utdanning";57,13913;0,804
"2265";"Spania";"51080219";"5108";8;"Gutt";"Kort utdanning";42,6371;1,46509
"2266";"Spania";"51080220";"5108";8;"Jente";"Høyere utdanning";65,704;1,07837
"2267";"Spania";"51080221";"5108";8;"Jente";"Høyere utdanning";65,704;-1,86116
"2268";"Spania";"51080222";"5108";8;"Jente";"VGS";65,704;0,37849
"2269";"Spania";"51080223";"5108";8;"Jente";"Høyere utdanning";65,704;0,48891
"2270";"Spania";"51080224";"5108";8;"Gutt";"Høyere utdanning";49,42491;0,06993
"2271";"Spania";"51080225";"5108";8;"Jente";"VGS";40,85939;-1,00636
"2272";"Spania";"51080227";"5108";8;"Gutt";"Høyere utdanning";65,704;1,1479
"2273";"Spania";"51080228";"5108";8;"Gutt";"Høyere utdanning";42,6371;0,51184
"2274";"Spania";"51080229";"5108";8;"Gutt";"Kort utdanning";65,704;0,78928
"2275";"Spania";"51080230";"5108";8;"Gutt";"VGS";65,704;-1,16474
"2276";"Spania";"51080231";"5108";8;"Gutt";"Ungdomsskole";65,704;0,71208
"2277";"Spania";"51090201";"5109";8;"Gutt";"Kort utdanning";65,704;1,15443
"2278";"Spania";"51090202";"5109";8;"Jente";"Ungdomsskole";65,704;1,94887
"2279";"Spania";"51090203";"5109";8;"Jente";"Høyere utdanning";57,13913;1,84874
"2280";"Spania";"51090204";"5109";8;"Jente";"Ungdomsskole";46,81653;0,98741
"2281";"Spania";"51090205";"5109";8;"Jente";"Høyere utdanning";65,704;0,8122
"2282";"Spania";"51090206";"5109";8;"Jente";"VGS";65,704;1,56311
"2283";"Spania";"51090209";"5109";8;"Jente";"Høyere utdanning";65,704;1,11256
"2284";"Spania";"51090210";"5109";8;"Jente";"Høyere utdanning";49,42491;1,94887
"2285";"Spania";"51090211";"5109";8;"Jente";"VGS";65,704;0,19508
"2286";"Spania";"51090212";"5109";8;"Gutt";"VGS";65,704;0,73102
"2287";"Spania";"51090213";"5109";8;"Jente";"Høyere utdanning";65,704;1,84874
"2288";"Spania";"51090214";"5109";8;"Gutt";"Høyere utdanning";65,704;1,92384
"2289";"Spania";"51090215";"5109";8;"Gutt";"Høyere utdanning";65,704;1,94887
"2290";"Spania";"51090216";"5109";8;"Jente";"Høyere utdanning";65,704;0,97268
"2291";"Spania";"51090217";"5109";8;"Gutt";"Høyere utdanning";65,704;1,22299
"2292";"Spania";"51090219";"5109";8;"Gutt";"Kort utdanning";44,59585;1,03958
"2293";"Spania";"51090220";"5109";8;"Gutt";"Høyere utdanning";37,63793;1,56311
"2294";"Spania";"51090222";"5109";8;"Gutt";"Høyere utdanning";48,04368;1,56311
"2295";"Spania";"51090223";"5109";8;"Jente";"Høyere utdanning";65,704;1,08753
"2296";"Spania";"51090224";"5109";8;"Gutt";"Høyere utdanning";65,704;1,56311
"2297";"Spania";"51100401";"5110";8;"Jente";"VGS";65,704;-0,9418
"2298";"Spania";"51100402";"5110";8;"Gutt";"Høyere utdanning";49,42491;-0,49251
"2299";"Spania";"51100403";"5110";8;"Jente";"VGS";52,66245;-0,79239
"2300";"Spania";"51100404";"5110";8;"Jente";"VGS";37,63793;-1,78607
"2301";"Spania";"51100406";"5110";8;"Jente";"Høyere utdanning";40,85939;-0,14924
"2302";"Spania";"51100407";"5110";8;"Jente";"VGS";57,13913;-0,30341
"2303";"Spania";"51100408";"5110";8;"Gutt";"Ungdomsskole";37,63793;0,07813
"2304";"Spania";"51100409";"5110";8;"Gutt";"Høyere utdanning";40,85939;0,82904
"2305";"Spania";"51100413";"5110";8;"Jente";"Høyere utdanning";65,704;-0,67886
"2306";"Spania";"51100414";"5110";8;"Gutt";"Ungdomsskole";40,85939;0,96449
"2307";"Spania";"51100415";"5110";8;"Jente";"Høyere utdanning";65,704;0,89759
"2308";"Spania";"51100418";"5110";8;"Jente";"Høyere utdanning";39,20663;-0,63091
"2309";"Spania";"51100419";"5110";8;"Gutt";"VGS";40,85939;1,07281
"2310";"Spania";"51100420";"5110";8;"Jente";"Høyere utdanning";57,13913;-0,54762
"2311";"Spania";"51100421";"5110";8;"Gutt";"Høyere utdanning";42,6371;0,36165
"2312";"Spania";"51100422";"5110";8;"Gutt";"VGS";37,63793;-2,11146
"2313";"Spania";"51100423";"5110";8;"Jente";"Ungdomsskole";36,11853;-1,52547
"2314";"Spania";"51100424";"5110";8;"Gutt";"Kort utdanning";39,20663;-0,95841
"2315";"Spania";"51100425";"5110";8;"Gutt";"Høyere utdanning";37,63793;-1,01666
"2316";"Spania";"51110101";"5111";8;"Gutt";"Høyere utdanning";57,13913;0,37638
"2317";"Spania";"51110102";"5111";8;"Jente";"Høyere utdanning";65,704;-0,7163
"2318";"Spania";"51110103";"5111";8;"Jente";"Høyere utdanning";65,704;-0,70811
"2319";"Spania";"51120401";"5112";8;"Annet";"Ungdomsskole";57,13913;-1,90497
"2320";"Spania";"51120402";"5112";8;"Gutt";"Høyere utdanning";49,42491;0,96238
"2321";"Spania";"51120403";"5112";8;"Gutt";"VGS";52,66245;-1,31446
"2322";"Spania";"51120404";"5112";8;"Gutt";"Høyere utdanning";65,704;-0,93947
"2323";"Spania";"51120406";"5112";8;"Gutt";"Høyere utdanning";65,704;-0,07415
"2324";"Spania";"51120407";"5112";8;"Gutt";"Høyere utdanning";65,704;0,96449
"2325";"Spania";"51120409";"5112";8;"Gutt";"Kort utdanning";36,11853;0,26153
"2326";"Spania";"51120410";"5112";8;"Gutt";"VGS";57,13913;0,32312
"2327";"Spania";"51120411";"5112";8;"Gutt";"Høyere utdanning";65,704;0,74741
"2328";"Spania";"51120412";"5112";8;"Annet";"Kort utdanning";52,66245;-1,76104
"2329";"Spania";"51120413";"5112";8;"Gutt";"VGS";46,81653;-1,4754
"2330";"Spania";"51120414";"5112";8;"Gutt";"VGS";57,13913;0,96449
"2331";"Spania";"51120415";"5112";8;"Jente";"VGS";57,13913;0,00304
"2332";"Spania";"51120416";"5112";8;"Gutt";"VGS";49,42491;0,804
"2333";"Spania";"51120417";"5112";8;"Jente";"VGS";52,66245;-0,83934
"2334";"Spania";"51120418";"5112";8;"Jente";"Kort utdanning";65,704;0,26153
"2335";"Spania";"51120419";"5112";8;"Gutt";"Kort utdanning";65,704;-1,01666
"2336";"Spania";"51120420";"5112";8;"Jente";"Høyere utdanning";65,704;1,07281
"2337";"Spania";"51120421";"5112";8;"Jente";"Høyere utdanning";65,704;-0,09708
"2338";"Spania";"51120422";"5112";8;"Gutt";"Kort utdanning";41,03779;-0,60798
"2339";"Spania";"51130201";"5113";8;"Gutt";"Ungdomsskole";52,66245;1,1479
"2340";"Spania";"51130202";"5113";8;"Gutt";"VGS";37,63793;-0,81431
"2341";"Spania";"51130203";"5113";8;"Gutt";"Ungdomsskole";36,11853;-0,04702
"2342";"Spania";"51130204";"5113";8;"Gutt";"Kort utdanning";49,42491;-1,37528
"2343";"Spania";"51130206";"5113";8;"Gutt";"VGS";37,63793;-1,01456
"2344";"Spania";"51130207";"5113";8;"Jente";"Høyere utdanning";46,81653;1,18765
"2345";"Spania";"51130209";"5113";8;"Gutt";"Ungdomsskole";39,20663;0,42855
"2346";"Spania";"51130212";"5113";8;"Jente";"Høyere utdanning";52,66245;1,08753
"2347";"Spania";"51130213";"5113";8;"Jente";"Høyere utdanning";64,49352;1,44826
"2348";"Spania";"51130214";"5113";8;"Gutt";"Ungdomsskole";41,03779;-1,42816
"2349";"Spania";"51130215";"5113";8;"Gutt";"Ungdomsskole";65,704;0,74741
"2350";"Spania";"51130216";"5113";8;"Jente";"Høyere utdanning";57,13913;-1,45037
"2351";"Spania";"51130217";"5113";8;"Gutt";"VGS";36,11853;0,42661
"2352";"Spania";"51130219";"5113";8;"Annet";"Kort utdanning";40,85939;-1,0713
"2353";"Spania";"51140502";"5114";8;"Jente";"Høyere utdanning";44,59585;-1,45037
"2354";"Spania";"51140503";"5114";8;"Gutt";"Høyere utdanning";39,29989;-1,01456
"2355";"Spania";"51140505";"5114";8;"Gutt";"Kort utdanning";42,6371;-1,52547
"2356";"Spania";"51140506";"5114";8;"Jente";"Høyere utdanning";63,8905;-0,81431
"2357";"Spania";"51140507";"5114";8;"Jente";"Høyere utdanning";40,85939;-1,292
"2358";"Spania";"51140508";"5114";8;"Gutt";"Kort utdanning";37,63793;-2,1195
"2359";"Spania";"51140509";"5114";8;"Jente";"Høyere utdanning";64,49352;-1,04169
"2360";"Spania";"51140510";"5114";8;"Gutt";"Høyere utdanning";36,11853;0,0264
"2361";"Spania";"51140511";"5114";8;"Jente";"Høyere utdanning";57,13913;0,94765
"2362";"Spania";"51140512";"5114";8;"Jente";"Høyere utdanning";65,704;0,98741
"2363";"Spania";"51140513";"5114";8;"Jente";"Høyere utdanning";42,6371;-1,40031
"2364";"Spania";"51140514";"5114";8;"Jente";"Høyere utdanning";65,704;-1,08965
"2365";"Spania";"51140515";"5114";8;"Jente";"Høyere utdanning";65,704;1,62347
"2366";"Spania";"51140516";"5114";8;"Jente";"Høyere utdanning";65,704;-0,91444
"2367";"Spania";"51140518";"5114";8;"Gutt";"Høyere utdanning";57,13913;0,36165
"2368";"Spania";"51140520";"5114";8;"Jente";"Høyere utdanning";65,704;-0,91444
"2369";"Spania";"51140521";"5114";8;"Gutt";"VGS";44,59585;0,62226
"2370";"Spania";"51140522";"5114";8;"Gutt";"VGS";39,20663;-1,17715
"2371";"Spania";"51140523";"5114";8;"Gutt";"Høyere utdanning";65,704;-0,66015
"2372";"Spania";"51150501";"5115";8;"Jente";"VGS";65,704;-0,9666
"2373";"Spania";"51150502";"5115";8;"Jente";"Høyere utdanning";57,13913;0,60587
"2374";"Spania";"51150503";"5115";8;"Gutt";"Høyere utdanning";65,704;0,8122
"2375";"Spania";"51150504";"5115";8;"Jente";"Høyere utdanning";65,704;-1,60056
"2376";"Spania";"51150506";"5115";8;"Jente";"VGS";57,13913;-1,13971
"2377";"Spania";"51150507";"5115";8;"Jente";"VGS";65,704;-0,52868
"2378";"Spania";"51150508";"5115";8;"Jente";"VGS";65,704;-0,75606
"2379";"Spania";"51150510";"5115";8;"Gutt";"Høyere utdanning";44,59585;-1,07492
"2380";"Spania";"51150511";"5115";8;"Jente";"Kort utdanning";65,704;-1,4754
"2381";"Spania";"51150512";"5115";8;"Jente";"Høyere utdanning";42,6371;-0,18856
"2382";"Spania";"51150513";"5115";8;"Jente";"Ungdomsskole";65,704;-1,4754
"2383";"Spania";"51150514";"5115";8;"Jente";"Kort utdanning";49,42491;1,1397
"2384";"Spania";"51150515";"5115";8;"Gutt";"Ungdomsskole";49,42491;-0,19509
"2385";"Spania";"51150516";"5115";8;"Jente";"VGS";65,704;0,38879
"2386";"Spania";"51150517";"5115";8;"Jente";"Høyere utdanning";65,704;0,25123
"2387";"Spania";"51150518";"5115";8;"Jente";"Høyere utdanning";65,704;0,07602
"2388";"Spania";"51150519";"5115";8;"Annet";"Kort utdanning";65,704;-1,01877
"2389";"Spania";"51150520";"5115";8;"Jente";"VGS";65,704;-0,03018
"2390";"Spania";"51150521";"5115";8;"Jente";"Kort utdanning";49,42491;0,57663
"2391";"Spania";"51150522";"5115";8;"Gutt";"VGS";46,81653;1,03747
"2392";"Spania";"51150523";"5115";8;"Gutt";"Høyere utdanning";52,66245;-0,31582
"2393";"Spania";"51150524";"5115";8;"Jente";"Høyere utdanning";57,13913;1,11256
"2394";"Spania";"51150525";"5115";8;"Gutt";"Kort utdanning";57,13913;-1,07963
"2395";"Spania";"51150526";"5115";8;"Gutt";"VGS";44,59585;-1,21691
"2396";"Spania";"51150527";"5115";8;"Jente";"Høyere utdanning";65,704;0,58084
"2397";"Spania";"51150528";"5115";8;"Jente";"VGS";44,59585;-2,16152
"2398";"Spania";"51150530";"5115";8;"Annet";"Høyere utdanning";65,704;-1,30019
"2399";"Spania";"51160201";"5116";8;"Gutt";"Høyere utdanning";57,13913;0,06129
"2400";"Spania";"51160203";"5116";8;"Jente";"Høyere utdanning";52,66245;-0,91444
"2401";"Spania";"51160204";"5116";8;"Jente";"VGS";49,42491;-0,48892
"2402";"Spania";"51160205";"5116";8;"Gutt";"VGS";65,704;-0,35557
"2403";"Spania";"51160206";"5116";8;"Jente";"Høyere utdanning";65,704;1,52335
"2404";"Spania";"51160207";"5116";8;"Gutt";"Høyere utdanning";65,704;1,37317
"2405";"Spania";"51160208";"5116";8;"Jente";"Ungdomsskole";31,55703;0,50364
"2406";"Spania";"51160209";"5116";8;"Gutt";"VGS";34,6202;-0,99374
"2407";"Spania";"51160210";"5116";8;"Jente";"Høyere utdanning";65,704;-0,45359
"2408";"Spania";"51160211";"5116";8;"Gutt";"Høyere utdanning";42,6371;1,1479
"2409";"Spania";"51160213";"5116";8;"Gutt";"Høyere utdanning";37,63793;-0,18856
"2410";"Spania";"51160214";"5116";8;"Jente";"Høyere utdanning";37,63793;-0,50365
"2411";"Spania";"51160215";"5116";8;"Gutt";"VGS";44,59585;-0,98953
"2412";"Spania";"51160216";"5116";8;"Gutt";"Ungdomsskole";39,20663;-0,14924
"2413";"Spania";"51160217";"5116";8;"Gutt";"Ungdomsskole";40,85939;-0,99163
"2414";"Spania";"51160218";"5116";8;"Jente";"Ungdomsskole";37,63793;-1,35025
"2415";"Spania";"51160219";"5116";8;"Jente";"Høyere utdanning";65,704;-1,03959
"2416";"Spania";"51160220";"5116";8;"Jente";"Ungdomsskole";65,704;-0,09918
"2417";"Spania";"51160221";"5116";8;"Jente";"Ungdomsskole";37,63793;1,23772
"2418";"Spania";"51160222";"5116";8;"Gutt";"Kort utdanning";39,20663;-0,89151
"2419";"Spania";"51170101";"5117";8;"Gutt";"VGS";37,63793;-0,91654
"2420";"Spania";"51170103";"5117";8;"Gutt";"VGS";42,6371;1,37317
"2421";"Spania";"51170104";"5117";8;"Jente";"VGS";65,704;-0,14714
"2422";"Spania";"51170106";"5117";8;"Jente";"Høyere utdanning";65,704;-0,88004
"2423";"Spania";"51170107";"5117";8;"Gutt";"Høyere utdanning";65,704;1,19796
"2424";"Spania";"51170108";"5117";8;"Jente";"Kort utdanning";49,42491;-0,62271
"2425";"Spania";"51170109";"5117";8;"Jente";"Høyere utdanning";65,704;-0,53079
"2426";"Spania";"51170110";"5117";8;"Jente";"Høyere utdanning";52,66245;0,92262
"2427";"Spania";"51170111";"5117";8;"Jente";"Høyere utdanning";42,6371;0,89759
"2428";"Spania";"51170113";"5117";8;"Gutt";"Høyere utdanning";44,59585;1,47329
"2429";"Spania";"51170114";"5117";8;"Gutt";"Kort utdanning";56,56141;-0,17523
"2430";"Spania";"51170116";"5117";8;"Jente";"VGS";57,13913;-0,48073
"2431";"Spania";"51170117";"5117";8;"Gutt";"VGS";44,59585;-0,89151
"2432";"Spania";"51170118";"5117";8;"Gutt";"VGS";52,66245;0,36376
"2433";"Spania";"51170119";"5117";8;"Jente";"Kort utdanning";65,704;1,01455
"2434";"Spania";"51170121";"5117";8;"Jente";"Høyere utdanning";49,42491;-0,68097
"2435";"Spania";"51170122";"5117";8;"Gutt";"VGS";39,20663;0,77244
"2436";"Spania";"51170123";"5117";8;"Gutt";"Høyere utdanning";44,59585;-0,54973
"2437";"Spania";"51180101";"5118";8;"Gutt";"Høyere utdanning";65,704;1,11256
"2438";"Spania";"51180103";"5118";8;"Gutt";"Høyere utdanning";57,13913;1,94887
"2439";"Spania";"51180104";"5118";8;"Jente";"VGS";65,704;0,33054
"2440";"Spania";"51180105";"5118";8;"Jente";"VGS";57,13913;-0,41594
"2441";"Spania";"51180106";"5118";8;"Gutt";"Kort utdanning";65,704;0,93946
"2442";"Spania";"51180107";"5118";8;"Jente";"Høyere utdanning";57,13913;1,11256
"2443";"Spania";"51180108";"5118";8;"Gutt";"VGS";46,81653;0,37483
"2444";"Spania";"51180109";"5118";8;"Gutt";"Høyere utdanning";42,6371;0,38668
"2445";"Spania";"51180110";"5118";8;"Jente";"VGS";65,704;-0,60588
"2446";"Spania";"51180111";"5118";8;"Jente";"Høyere utdanning";46,81653;-0,99163
"2447";"Spania";"51180112";"5118";8;"Gutt";"Høyere utdanning";57,13913;-0,69127
"2448";"Spania";"51180113";"5118";8;"Gutt";"VGS";65,704;-1,01456
"2449";"Spania";"51180115";"5118";8;"Gutt";"VGS";42,6371;0,73922
"2450";"Spania";"51180116";"5118";8;"Gutt";"Kort utdanning";57,13913;-0,60588
"2451";"Spania";"51180119";"5118";8;"Gutt";"Kort utdanning";42,6371;0,17825
"2452";"Spania";"51180121";"5118";8;"Jente";"Høyere utdanning";44,09532;0,17614
"2453";"Spania";"51180122";"5118";8;"Gutt";"Høyere utdanning";40,85939;0,71208
"2454";"Spania";"51180123";"5118";8;"Jente";"Høyere utdanning";65,704;-0,60377
"2455";"Spania";"51180125";"5118";8;"Jente";"Høyere utdanning";65,704;-1,00425
"2456";"Spania";"51190101";"5119";8;"Gutt";"Kort utdanning";65,704;-0,63091
"2457";"Spania";"51190102";"5119";8;"Gutt";"VGS";65,704;0,15322
"2458";"Spania";"51190103";"5119";8;"Gutt";"VGS";65,704;-0,75606
"2459";"Spania";"51190104";"5119";8;"Gutt";"VGS";65,704;1,08145
"2460";"Spania";"51190105";"5119";8;"Gutt";"VGS";42,6371;-0,27229
"2461";"Spania";"51190106";"5119";8;"Gutt";"Kort utdanning";57,13913;-0,09497
"2462";"Spania";"51190107";"5119";8;"Gutt";"Kort utdanning";46,81653;-0,53842
"2463";"Spania";"51190108";"5119";8;"Gutt";"Høyere utdanning";42,6371;-0,00726
"2464";"Spania";"51190109";"5119";8;"Jente";"Høyere utdanning";65,704;-0,81431
"2465";"Spania";"51190111";"5119";8;"Jente";"Ungdomsskole";65,704;-0,7245
"2466";"Spania";"51190112";"5119";8;"Gutt";"Ungdomsskole";37,63793;0,18644
"2467";"Spania";"51190113";"5119";8;"Gutt";"Ungdomsskole";49,42491;0,15111
"2468";"Spania";"51190114";"5119";8;"Jente";"VGS";65,704;-0,14714
"2469";"Spania";"51190115";"5119";8;"Gutt";"VGS";42,6371;-0,20719
"2470";"Spania";"51190116";"5119";8;"Gutt";"Kort utdanning";44,59585;-0,9666
"2471";"Spania";"51190117";"5119";8;"Gutt";"Høyere utdanning";65,704;0,17614
"2472";"Spania";"51190118";"5119";8;"Gutt";"VGS";42,6371;-0,27018
"2473";"Spania";"51190119";"5119";8;"Jente";"VGS";49,42491;0,18035
"2474";"Spania";"51190120";"5119";8;"Jente";"VGS";43,54259;-1,4754
"2475";"Spania";"51200301";"5120";8;"Jente";"Høyere utdanning";65,704;0,99992
"2476";"Spania";"51200303";"5120";8;"Gutt";"Ungdomsskole";52,66245;-0,22223
"2477";"Spania";"51200304";"5120";8;"Gutt";"Høyere utdanning";49,42491;1,07281
"2478";"Spania";"51200305";"5120";8;"Jente";"Høyere utdanning";65,704;-1,01456
"2479";"Spania";"51200306";"5120";8;"Jente";"Høyere utdanning";65,704;0,3137
"2480";"Spania";"51200307";"5120";8;"Jente";"Høyere utdanning";33,11239;0,15801
"2481";"Spania";"51200311";"5120";8;"Gutt";"Ungdomsskole";57,13913;0,86226
"2482";"Spania";"51200313";"5120";8;"Jente";"Høyere utdanning";65,704;-0,01988
"2483";"Spania";"51200314";"5120";8;"Gutt";"Høyere utdanning";65,704;-1,01456
"2484";"Spania";"51200315";"5120";8;"Gutt";"Høyere utdanning";40,85939;0,37849
"2485";"Spania";"51200316";"5120";8;"Annet";"Høyere utdanning";65,704;0,24093
"2486";"Spania";"51200317";"5120";8;"Gutt";"Ungdomsskole";65,704;-0,43066
"2487";"Spania";"51200318";"5120";8;"Jente";"Ungdomsskole";52,66245;-0,99374
"2488";"Spania";"51200320";"5120";8;"Jente";"VGS";65,704;0,16141
"2489";"Spania";"51200321";"5120";8;"Jente";"Høyere utdanning";49,42491;-0,22223
"2490";"Spania";"51210102";"5121";8;"Jente";"VGS";49,42491;0,79747
"2491";"Spania";"51210103";"5121";8;"Gutt";"Høyere utdanning";65,704;1,49832
"2492";"Spania";"51210105";"5121";8;"Gutt";"Høyere utdanning";49,42491;-0,40563
"2493";"Spania";"51210106";"5121";8;"Jente";"Høyere utdanning";65,704;-0,43277
"2494";"Spania";"51210107";"5121";8;"Gutt";"Ungdomsskole";57,13913;0,76425
"2495";"Spania";"51210108";"5121";8;"Gutt";"VGS";65,704;0,82904
"2496";"Spania";"51210109";"5121";8;"Jente";"Høyere utdanning";65,704;1,19796
"2497";"Spania";"51210110";"5121";8;"Gutt";"Høyere utdanning";39,20663;-0,09708
"2498";"Spania";"51210111";"5121";8;"Jente";"Høyere utdanning";49,42491;1,46299
"2499";"Spania";"51210112";"5121";8;"Gutt";"Ungdomsskole";57,13913;1,22299
"2500";"Spania";"51210113";"5121";8;"Jente";"Høyere utdanning";65,704;0,60376
"2501";"Spania";"51210114";"5121";8;"Gutt";"Ungdomsskole";65,704;0,74741
"2502";"Spania";"51210115";"5121";8;"Jente";"Høyere utdanning";65,704;0,35346
"2503";"Spania";"51210116";"5121";8;"Gutt";"Høyere utdanning";65,704;1,62347
"2504";"Spania";"51210118";"5121";8;"Gutt";"Høyere utdanning";65,704;1,59844
"2505";"Spania";"51210119";"5121";8;"Jente";"Høyere utdanning";65,704;1,56311
"2506";"Spania";"51210120";"5121";8;"Jente";"Høyere utdanning";65,704;-0,04491
"2507";"Spania";"51210121";"5121";8;"Jente";"Høyere utdanning";57,13913;1,84874
"2508";"Spania";"51210122";"5121";8;"Jente";"Høyere utdanning";65,704;-0,60588
"2509";"Spania";"51210123";"5121";8;"Jente";"Ungdomsskole";65,704;1,62347
"2510";"Spania";"51210124";"5121";8;"Jente";"Kort utdanning";65,704;1,19796
"2511";"Spania";"51210125";"5121";8;"Annet";"Høyere utdanning";65,704;0,5619
"2512";"Spania";"51210126";"5121";8;"Jente";"Høyere utdanning";65,704;1,11256
"2513";"Spania";"51210127";"5121";8;"Gutt";"Høyere utdanning";65,704;0,5619
"2514";"Spania";"51210128";"5121";8;"Jente";"Høyere utdanning";65,704;1,1479
"2515";"Spania";"51210129";"5121";8;"Jente";"Høyere utdanning";46,81653;1,23772
"2516";"Spania";"51220102";"5122";8;"Jente";"VGS";42,6371;0,00304
"2517";"Spania";"51220103";"5122";8;"Gutt";"Kort utdanning";39,20663;-0,24936
"2518";"Spania";"51220104";"5122";8;"Gutt";"Kort utdanning";65,704;-0,60588
"2519";"Spania";"51220107";"5122";8;"Jente";"VGS";34,6202;-1,80291
"2520";"Spania";"51220111";"5122";8;"Jente";"Høyere utdanning";49,42491;-0,79139
"2521";"Spania";"51220112";"5122";8;"Jente";"Høyere utdanning";62,87645;-0,7245
"2522";"Spania";"51220113";"5122";8;"Gutt";"Høyere utdanning";37,63793;-1,75945
"2523";"Spania";"51220114";"5122";8;"Gutt";"Ungdomsskole";37,63793;-1,40031
"2524";"Spania";"51220117";"5122";8;"Jente";"VGS";37,63793;-1,26775
"2525";"Spania";"51220119";"5122";8;"Gutt";"VGS";40,15258;-1,40031
"2526";"Spania";"51220121";"5122";8;"Gutt";"Høyere utdanning";57,13913;-1,39001
"2527";"Spania";"51220122";"5122";8;"Gutt";"Kort utdanning";52,66245;-0,63301
"2528";"Spania";"51220123";"5122";8;"Gutt";"Ungdomsskole";34,6202;-1,40242
"2529";"Spania";"51220125";"5122";8;"Gutt";"Høyere utdanning";52,66245;-0,49103
"2530";"Spania";"51220127";"5122";8;"Jente";"Kort utdanning";29,89724;-0,99374
"2531";"Spania";"51230402";"5123";8;"Gutt";"Høyere utdanning";36,11853;0,98741
"2532";"Spania";"51230403";"5123";8;"Gutt";"Ungdomsskole";39,20663;0,16141
"2533";"Spania";"51230405";"5123";8;"Jente";"Høyere utdanning";57,13913;1,56311
"2534";"Spania";"51230407";"5123";8;"Jente";"Høyere utdanning";65,704;1,1479
"2535";"Spania";"51230408";"5123";8;"Annet";"Ungdomsskole";52,66245;-0,55139
"2536";"Spania";"51230410";"5123";8;"Jente";"Høyere utdanning";65,704;1,84874
"2537";"Spania";"51230411";"5123";8;"Jente";"Høyere utdanning";65,704;0,70599
"2538";"Spania";"51230413";"5123";8;"Gutt";"Kort utdanning";37,63793;1,08753
"2539";"Spania";"51230414";"5123";8;"Gutt";"Høyere utdanning";46,81653;1,11256
"2540";"Spania";"51230415";"5123";8;"Gutt";"Høyere utdanning";44,59585;0,43675
"2541";"Spania";"51230416";"5123";8;"Gutt";"Høyere utdanning";49,42491;0,33054
"2542";"Spania";"51230417";"5123";8;"Jente";"Høyere utdanning";49,42491;0,94765
"2543";"Spania";"51230418";"5123";8;"Gutt";"VGS";44,59585;1,94887
"2544";"Spania";"51230419";"5123";8;"Jente";"Høyere utdanning";65,704;0,72681
"2545";"Spania";"51230420";"5123";8;"Jente";"Kort utdanning";37,63793;1,46299
"2546";"Spania";"51230421";"5123";8;"Jente";"Høyere utdanning";44,59585;0,74741
"2547";"Spania";"51230422";"5123";8;"Gutt";"Høyere utdanning";37,63793;0,8019
"2548";"Spania";"51230426";"5123";8;"Jente";"Høyere utdanning";65,704;-0,40774
"2549";"Spania";"51230427";"5123";8;"Jente";"Høyere utdanning";65,704;1,47329
"2550";"Spania";"51240103";"5124";8;"Gutt";"Høyere utdanning";36,11853;0,76214
"2551";"Spania";"51240104";"5124";8;"Gutt";"Høyere utdanning";65,704;0,66202
"2552";"Spania";"51240105";"5124";8;"Gutt";"Høyere utdanning";65,704;-0,79139
"2553";"Spania";"51240106";"5124";8;"Jente";"VGS";65,704;-0,65594
"2554";"Spania";"51240107";"5124";8;"Gutt";"VGS";37,63793;-1,15001
"2555";"Spania";"51240108";"5124";8;"Jente";"Kort utdanning";65,704;1,12287
"2556";"Spania";"51240109";"5124";8;"Jente";"Høyere utdanning";65,704;0,23068
"2557";"Spania";"51240110";"5124";8;"Gutt";"Høyere utdanning";65,704;1,62347
"2558";"Spania";"51240111";"5124";8;"Gutt";"VGS";39,20663;0,72681
"2559";"Spania";"51240112";"5124";8;"Gutt";"VGS";37,63793;-0,39091
"2560";"Spania";"51240113";"5124";8;"Gutt";"Høyere utdanning";65,704;0,46178
"2561";"Spania";"51240114";"5124";8;"Gutt";"Kort utdanning";51,67915;-0,78109
"2562";"Spania";"51240115";"5124";8;"Gutt";"VGS";15,93837;0,01123
"2563";"Spania";"51240116";"5124";8;"Gutt";"Kort utdanning";65,704;0,564
"2564";"Spania";"51240117";"5124";8;"Gutt";"Høyere utdanning";37,63793;1,52335
"2565";"Spania";"51240118";"5124";8;"Gutt";"Kort utdanning";31,55703;0,07813
"2566";"Spania";"51240119";"5124";8;"Gutt";"Kort utdanning";42,6371;1,20288
"2567";"Spania";"51240121";"5124";8;"Jente";"Kort utdanning";65,704;-0,99491
"2568";"Spania";"51240122";"5124";8;"Jente";"Høyere utdanning";65,704;-0,29898
"2569";"Spania";"51240124";"5124";8;"Gutt";"Høyere utdanning";42,6371;0,60376
"2570";"Spania";"51250202";"5125";8;"Gutt";"Kort utdanning";40,85939;-0,60588
"2571";"Spania";"51250203";"5125";8;"Jente";"Ungdomsskole";65,704;-0,42413
"2572";"Spania";"51250204";"5125";8;"Gutt";"Høyere utdanning";65,704;-1,00636
"2573";"Spania";"51250205";"5125";8;"Gutt";"Kort utdanning";42,6371;-0,91865
"2574";"Spania";"51250206";"5125";8;"Gutt";"Ungdomsskole";44,59585;-1,76104
"2575";"Spania";"51250207";"5125";8;"Jente";"VGS";65,704;-0,20329
"2576";"Spania";"51250208";"5125";8;"Gutt";"Kort utdanning";65,704;-1,77577
"2577";"Spania";"51250209";"5125";8;"Gutt";"Ungdomsskole";52,66245;-2,12753
"2578";"Spania";"51250210";"5125";8;"Jente";"VGS";57,13913;0,32843
"2579";"Spania";"51250211";"5125";8;"Gutt";"VGS";42,6371;0,16352
"2580";"Spania";"51250212";"5125";8;"Gutt";"Høyere utdanning";65,704;0,28656
"2581";"Spania";"51250213";"5125";8;"Gutt";"VGS";42,6371;-1,40031
"2582";"Spania";"51250214";"5125";8;"Gutt";"VGS";42,6371;-1,03959
"2583";"Spania";"51250216";"5125";8;"Gutt";"Ungdomsskole";49,42491;-1,91122
"2584";"Spania";"51250218";"5125";8;"Gutt";"Kort utdanning";57,13913;-0,48283
"2585";"Spania";"51250219";"5125";8;"Jente";"Høyere utdanning";49,42491;-0,43066
"2586";"Spania";"51250220";"5125";8;"Jente";"VGS";52,66245;-0,3269
"2587";"Spania";"51250221";"5125";8;"Jente";"Kort utdanning";65,704;-0,4557
"2588";"Spania";"51250222";"5125";8;"Annet";"Kort utdanning";49,42491;-0,28048
"2589";"Spania";"51250224";"5125";8;"Gutt";"VGS";40,85939;-1,45037
"2590";"Spania";"51250225";"5125";8;"Gutt";"VGS";57,13913;0,28048
"2591";"Spania";"51250229";"5125";8;"Gutt";"VGS";52,66245;-0,84145
"2592";"Spania";"51250230";"5125";8;"Gutt";"VGS";40,85939;-0,1118
"2593";"Spania";"51260301";"5126";8;"Jente";"Kort utdanning";65,704;-0,55139
"2594";"Spania";"51260302";"5126";8;"Jente";"VGS";65,704;0,804
"2595";"Spania";"51260303";"5126";8;"Jente";"VGS";65,704;-0,86438
"2596";"Spania";"51260304";"5126";8;"Jente";"Kort utdanning";65,704;0,41172
"2597";"Spania";"51260305";"5126";8;"Gutt";"Kort utdanning";49,42491;-1,16442
"2598";"Spania";"51260307";"5126";8;"Gutt";"Høyere utdanning";37,63793;-0,63091
"2599";"Spania";"51260308";"5126";8;"Gutt";"Kort utdanning";37,63793;1,37317
"2600";"Spania";"51260309";"5126";8;"Gutt";"Ungdomsskole";65,704;0,92262
"2601";"Spania";"51260310";"5126";8;"Jente";"Kort utdanning";65,704;-0,15322
"2602";"Spania";"51260311";"5126";8;"Gutt";"VGS";37,63793;-1,06672
"2603";"Spania";"51260312";"5126";8;"Gutt";"Kort utdanning";52,66245;-0,70389
"2604";"Spania";"51260313";"5126";8;"Jente";"Høyere utdanning";42,6371;-1,11025
"2605";"Spania";"51260314";"5126";8;"Gutt";"Høyere utdanning";57,13913;0,66413
"2606";"Spania";"51260315";"5126";8;"Gutt";"Høyere utdanning";49,42491;-0,6288
"2607";"Spania";"51260316";"5126";8;"Jente";"Høyere utdanning";65,704;0,11346
"2608";"Spania";"51260317";"5126";8;"Gutt";"Kort utdanning";40,85939;-0,2075
"2609";"Spania";"51260318";"5126";8;"Gutt";"Kort utdanning";65,704;-1,20007
"2610";"Spania";"51260320";"5126";8;"Jente";"Høyere utdanning";65,704;0,15322
"2611";"Spania";"51260321";"5126";8;"Jente";"VGS";37,63793;-0,10527
"2612";"Spania";"51260322";"5126";8;"Gutt";"Kort utdanning";39,20663;1,49832
"2613";"Spania";"51260323";"5126";8;"Jente";"Kort utdanning";44,59585;-0,86438
"2614";"Spania";"51260324";"5126";8;"Jente";"Kort utdanning";65,704;0,16141
"2615";"Spania";"51260325";"5126";8;"Jente";"VGS";37,63793;-0,57874
"2616";"Spania";"51260328";"5126";8;"Jente";"VGS";65,704;1,37317
"2617";"Spania";"51260330";"5126";8;"Gutt";"Kort utdanning";42,6371;0,29287
"2618";"Spania";"51260331";"5126";8;"Jente";"Kort utdanning";42,6371;-1,77577
"2619";"Spania";"51270101";"5127";8;"Gutt";"Høyere utdanning";65,704;-0,24726
"2620";"Spania";"51270103";"5127";8;"Jente";"VGS";44,59585;-0,75395
"2621";"Spania";"51270105";"5127";8;"Gutt";"Høyere utdanning";41,72966;-0,32235
"2622";"Spania";"51270107";"5127";8;"Jente";"Høyere utdanning";52,66245;1,32311
"2623";"Spania";"51270108";"5127";8;"Jente";"VGS";39,08448;1,24802
"2624";"Spania";"51270109";"5127";8;"Jente";"VGS";65,704;0,06993
"2625";"Spania";"51270110";"5127";8;"Jente";"VGS";65,704;-1,8008
"2626";"Spania";"51270111";"5127";8;"Jente";"Kort utdanning";65,704;-0,96007
"2627";"Spania";"51270112";"5127";8;"Jente";"Høyere utdanning";57,13913;-1,2148
"2628";"Spania";"51270114";"5127";8;"Jente";"Høyere utdanning";65,704;1,22299
"2629";"Spania";"51270115";"5127";8;"Gutt";"Høyere utdanning";42,6371;-0,06994
"2630";"Spania";"51270116";"5127";8;"Gutt";"Høyere utdanning";37,63793;0,12165
"2631";"Spania";"51270117";"5127";8;"Gutt";"Kort utdanning";52,66245;1,94887
"2632";"Spania";"51270118";"5127";8;"Jente";"Kort utdanning";65,704;-0,78928
"2633";"Spania";"51270119";"5127";8;"Gutt";"VGS";37,63793;1,32311
"2634";"Spania";"51270120";"5127";8;"Jente";"VGS";37,63793;-0,83115
"2635";"Spania";"51270121";"5127";8;"Jente";"Høyere utdanning";49,42491;0,91232
"2636";"Spania";"51270122";"5127";8;"Jente";"Kort utdanning";57,13913;-0,25545
"2637";"Spania";"51270123";"5127";8;"Gutt";"Høyere utdanning";42,6371;0,15111
"2638";"Spania";"51270124";"5127";8;"Jente";"Kort utdanning";65,704;-0,61407
"2639";"Spania";"51270125";"5127";8;"Jente";"Høyere utdanning";65,704;1,49832
"2640";"Spania";"51270126";"5127";8;"Gutt";"Kort utdanning";65,704;-1,40031
"2641";"Spania";"51270127";"5127";8;"Gutt";"VGS";39,20663;-0,61009
"2642";"Spania";"51280501";"5128";8;"Annet";"Kort utdanning";39,20663;1,19618
"2643";"Spania";"51280502";"5128";8;"Annet";"Høyere utdanning";33,11239;1,63479
"2644";"Spania";"51280503";"5128";8;"Jente";"Kort utdanning";42,6371;-0,63301
"2645";"Spania";"51280504";"5128";8;"Jente";"Høyere utdanning";37,63793;0,15532
"2646";"Spania";"51280506";"5128";8;"Annet";"Ungdomsskole";40,84617;-2,38951
"2647";"Spania";"51280508";"5128";8;"Jente";"Høyere utdanning";37,63793;-1,01106
"2648";"Spania";"51280509";"5128";8;"Jente";"Høyere utdanning";65,704;-0,40774
"2649";"Spania";"51280510";"5128";8;"Gutt";"VGS";57,13913;-1,40031
"2650";"Spania";"51280511";"5128";8;"Gutt";"Kort utdanning";36,11853;-0,40985
"2651";"Spania";"51280512";"5128";8;"Jente";"Høyere utdanning";65,704;1,32311
"2652";"Spania";"51280513";"5128";8;"Jente";"Kort utdanning";57,13913;0,27837
"2653";"Spania";"51280514";"5128";8;"Jente";"Høyere utdanning";65,704;1,44826
"2654";"Spania";"51280515";"5128";8;"Gutt";"VGS";36,11853;0,83723
"2655";"Spania";"51280516";"5128";8;"Jente";"Høyere utdanning";37,63793;0,66202
"2656";"Spania";"51280517";"5128";8;"Jente";"Høyere utdanning";37,63793;0,0634
"2657";"Spania";"51280519";"5128";8;"Jente";"Høyere utdanning";65,704;-0,85407
"2658";"Spania";"51280520";"5128";8;"Annet";"Kort utdanning";42,6371;0,8122
"2659";"Spania";"51280522";"5128";8;"Jente";"Høyere utdanning";39,20663;-0,56905
"2660";"Spania";"51290301";"5129";8;"Gutt";"Kort utdanning";65,704;-0,31582
"2661";"Spania";"51290302";"5129";8;"Gutt";"Høyere utdanning";65,704;1,03747
"2662";"Spania";"51290303";"5129";8;"Gutt";"Kort utdanning";43,58085;1,42004
"2663";"Spania";"51290304";"5129";8;"Jente";"Kort utdanning";46,81653;-0,22223
"2664";"Spania";"51290305";"5129";8;"Jente";"Høyere utdanning";65,704;0,76214
"2665";"Spania";"51290306";"5129";8;"Jente";"Kort utdanning";42,6371;-0,05732
"2666";"Spania";"51290307";"5129";8;"Jente";"Høyere utdanning";65,704;1,84874
"2667";"Spania";"51290308";"5129";8;"Gutt";"VGS";42,32974;-0,34904
"2668";"Spania";"51290309";"5129";8;"Jente";"Høyere utdanning";65,704;1,94887
"2669";"Spania";"51290311";"5129";8;"Gutt";"Høyere utdanning";65,704;1,57341
"2670";"Spania";"51290312";"5129";8;"Jente";"Høyere utdanning";65,704;0,77244
"2671";"Spania";"51290314";"5129";8;"Jente";"VGS";65,704;-1,50043
"2672";"Spania";"51290315";"5129";8;"Gutt";"Kort utdanning";65,704;0,07602
"2673";"Spania";"51290316";"5129";8;"Gutt";"VGS";46,87167;0,27626
"2674";"Spania";"51290317";"5129";8;"Gutt";"Kort utdanning";57,13913;1,94887
"2675";"Spania";"51290319";"5129";8;"Gutt";"VGS";52,66245;-0,82904
"2676";"Spania";"51290321";"5129";8;"Gutt";"Kort utdanning";49,42491;-1,45037
"2677";"Spania";"51290322";"5129";8;"Jente";"Høyere utdanning";65,704;-0,3785
"2678";"Spania";"51290324";"5129";8;"Gutt";"VGS";65,704;-1,45037
"2679";"Spania";"51290325";"5129";8;"Gutt";"Kort utdanning";36,11853;-1,02486
"2680";"Spania";"51290326";"5129";8;"Gutt";"Kort utdanning";46,81653;0,45358
"2681";"Spania";"51290327";"5129";8;"Gutt";"Høyere utdanning";65,704;0,32843
"2682";"Spania";"51290328";"5129";8;"Jente";"Høyere utdanning";65,704;-0,22223
"2683";"Spania";"51290329";"5129";8;"Gutt";"Høyere utdanning";65,704;0,29322
"2684";"Spania";"51290330";"5129";8;"Jente";"Høyere utdanning";49,42491;-0,02199
"2685";"Spania";"51290331";"5129";8;"Gutt";"Kort utdanning";49,42491;-0,39533
"2686";"Spania";"51290332";"5129";8;"Gutt";"VGS";65,704;1,22299
"2687";"Spania";"51300202";"5130";8;"Gutt";"VGS";37,63793;0,34526
"2688";"Spania";"51300203";"5130";8;"Gutt";"VGS";65,704;0,0552
"2689";"Spania";"51300204";"5130";8;"Jente";"Høyere utdanning";65,704;1,11256
"2690";"Spania";"51300205";"5130";8;"Jente";"Kort utdanning";49,42491;0,23861
"2691";"Spania";"51300206";"5130";8;"Gutt";"Kort utdanning";39,20663;0,16141
"2692";"Spania";"51300207";"5130";8;"Gutt";"Høyere utdanning";49,42491;0,71208
"2693";"Spania";"51300208";"5130";8;"Gutt";"Kort utdanning";42,6371;0,87048
"2694";"Spania";"51300210";"5130";8;"Gutt";"Høyere utdanning";40,85939;-0,58085
"2695";"Spania";"51300212";"5130";8;"Jente";"Høyere utdanning";65,704;-0,98953
"2696";"Spania";"51300214";"5130";8;"Jente";"Høyere utdanning";65,704;1,24802
"2697";"Spania";"51300215";"5130";8;"Gutt";"Ungdomsskole";49,42491;0,68705
"2698";"Spania";"51300216";"5130";8;"Gutt";"Kort utdanning";49,42491;0,66413
"2699";"Spania";"51300217";"5130";8;"Gutt";"Høyere utdanning";39,20663;1,46299
"2700";"Spania";"51300218";"5130";8;"Jente";"Høyere utdanning";65,704;1,49832
"2701";"Spania";"51300220";"5130";8;"Jente";"Kort utdanning";49,42491;-1,75074
"2702";"Spania";"51300221";"5130";8;"Gutt";"Kort utdanning";57,13913;-0,61618
"2703";"Spania";"51300222";"5130";8;"Jente";"Høyere utdanning";65,704;1,34814
"2704";"Spania";"51300223";"5130";8;"Gutt";"Høyere utdanning";44,59585;0,8122
"2705";"Spania";"51300224";"5130";8;"Gutt";"Høyere utdanning";52,66245;0,13638
"2706";"Spania";"51300225";"5130";8;"Jente";"Høyere utdanning";57,13913;-0,05521
"2707";"Spania";"51300226";"5130";8;"Jente";"Høyere utdanning";65,704;-0,14924
"2708";"Spania";"51300227";"5130";8;"Jente";"VGS";65,704;0,06993
"2709";"Spania";"51300228";"5130";8;"Jente";"Høyere utdanning";65,704;1,34814
"2710";"Spania";"51300229";"5130";8;"Jente";"Kort utdanning";39,20663;0,52214
"2711";"Spania";"51300230";"5130";8;"Gutt";"Høyere utdanning";65,12546;1,49832
"2712";"Spania";"51310301";"5131";8;"Gutt";"Høyere utdanning";65,704;0,58693
"2713";"Spania";"51310302";"5131";8;"Gutt";"Høyere utdanning";42,6371;0,12819
"2714";"Spania";"51310303";"5131";8;"Gutt";"Høyere utdanning";65,704;1,42323
"2715";"Spania";"51310304";"5131";8;"Jente";"Høyere utdanning";65,704;1,04777
"2716";"Spania";"51310306";"5131";8;"Jente";"Høyere utdanning";42,6371;0,17614
"2717";"Spania";"51310307";"5131";8;"Gutt";"VGS";42,6371;1,11256
"2718";"Spania";"51310308";"5131";8;"Gutt";"Høyere utdanning";46,81653;1,46299
"2719";"Spania";"51310309";"5131";8;"Jente";"Høyere utdanning";65,704;1,46299
"2720";"Spania";"51310310";"5131";8;"Jente";"Høyere utdanning";65,704;1,94887
"2721";"Spania";"51310311";"5131";8;"Jente";"VGS";65,704;0,3806
"2722";"Spania";"51310312";"5131";8;"Jente";"Kort utdanning";65,704;1,04777
"2723";"Spania";"51310313";"5131";8;"Jente";"Kort utdanning";52,66245;0,63699
"2724";"Spania";"51310314";"5131";8;"Gutt";"Høyere utdanning";57,13913;1,22299
"2725";"Spania";"51310315";"5131";8;"Jente";"Høyere utdanning";46,81653;1,46299
"2726";"Spania";"51310316";"5131";8;"Gutt";"Høyere utdanning";65,704;1,11256
"2727";"Spania";"51310317";"5131";8;"Gutt";"Høyere utdanning";37,63793;0,71208
"2728";"Spania";"51310318";"5131";8;"Jente";"Høyere utdanning";65,704;1,03747
"2729";"Spania";"51310319";"5131";8;"Jente";"Høyere utdanning";65,704;1,34814
"2730";"Spania";"51310320";"5131";8;"Jente";"VGS";65,704;-0,10527
"2731";"Spania";"51310321";"5131";8;"Gutt";"Høyere utdanning";46,81653;1,56311
"2732";"Spania";"51310322";"5131";8;"Jente";"Kort utdanning";65,704;0,51394
"2733";"Spania";"51310323";"5131";8;"Gutt";"Høyere utdanning";65,704;1,34814
"2734";"Spania";"51310324";"5131";8;"Jente";"Høyere utdanning";65,704;1,49832
"2735";"Spania";"51310325";"5131";8;"Gutt";"Høyere utdanning";46,81653;1,49832
"2736";"Spania";"51310326";"5131";8;"Gutt";"VGS";65,704;1,56522
"2737";"Spania";"51310327";"5131";8;"Gutt";"Høyere utdanning";65,704;1,49832
"2738";"Spania";"51310328";"5131";8;"Gutt";"Kort utdanning";65,704;0,70599
"2739";"Spania";"51310329";"5131";8;"Jente";"VGS";65,704;0,00304
"2740";"Spania";"51320201";"5132";8;"Gutt";"Kort utdanning";37,63793;-0,69127
"2741";"Spania";"51320203";"5132";8;"Gutt";"Ungdomsskole";37,63793;-0,65383
"2742";"Spania";"51320204";"5132";8;"Gutt";"Høyere utdanning";36,11853;-0,45991
"2743";"Spania";"51320205";"5132";8;"Gutt";"Ungdomsskole";46,81653;-1,174
"2744";"Spania";"51320206";"5132";8;"Jente";"VGS";31,55703;-1,06462
"2745";"Spania";"51320207";"5132";8;"Jente";"Ungdomsskole";65,704;0,62226
"2746";"Spania";"51320208";"5132";8;"Gutt";"Ungdomsskole";37,63793;-1,4754
"2747";"Spania";"51320209";"5132";8;"Jente";"VGS";65,704;0,0634
"2748";"Spania";"51320210";"5132";8;"Gutt";"Høyere utdanning";49,42491;-1,01456
"2749";"Spania";"51320211";"5132";8;"Jente";"Ungdomsskole";42,32974;-1,37739
"2750";"Spania";"51320212";"5132";8;"Gutt";"Ungdomsskole";37,63793;0,33054
"2751";"Spania";"51320213";"5132";8;"Jente";"Høyere utdanning";65,704;0,38879
"2752";"Spania";"51320215";"5132";8;"Jente";"Ungdomsskole";65,704;-0,83934
"2753";"Spania";"51320216";"5132";8;"Gutt";"VGS";65,704;-2,01134
"2754";"Spania";"51320217";"5132";8;"Jente";"Kort utdanning";65,704;-0,4578
"2755";"Spania";"51320218";"5132";8;"Gutt";"Høyere utdanning";42,6371;1,92384
"2756";"Spania";"51320219";"5132";8;"Jente";"VGS";57,13913;-1,78607
"2757";"Spania";"51320220";"5132";8;"Gutt";"VGS";65,704;-1,78607
"2758";"Spania";"51320221";"5132";8;"Annet";"Ungdomsskole";37,63793;0,90385
"2759";"Spania";"51320223";"5132";8;"Jente";"Ungdomsskole";36,11853;-0,26576
"2760";"Spania";"51330101";"5133";8;"Jente";"VGS";52,66245;0,13029
"2761";"Spania";"51330102";"5133";8;"Gutt";"Ungdomsskole";34,6202;-0,73922
"2762";"Spania";"51330103";"5133";8;"Jente";"Høyere utdanning";65,704;0,23861
"2763";"Spania";"51330104";"5133";8;"Gutt";"Høyere utdanning";36,11853;0,71208
"2764";"Spania";"51330107";"5133";8;"Gutt";"Ungdomsskole";29,89724;-0,63512
"2765";"Spania";"51330108";"5133";8;"Gutt";"Høyere utdanning";33,11239;-0,48543
"2766";"Spania";"51330109";"5133";8;"Jente";"Høyere utdanning";65,704;-0,26199
"2767";"Spania";"51330110";"5133";8;"Jente";"Ungdomsskole";37,63793;-1,76104
"2768";"Spania";"51330111";"5133";8;"Gutt";"Kort utdanning";37,63793;-0,3645
"2769";"Spania";"51330112";"5133";8;"Gutt";"VGS";37,63793;-0,60588
"2770";"Spania";"51330113";"5133";8;"Gutt";"Høyere utdanning";65,704;-0,27018
"2771";"Spania";"51330114";"5133";8;"Gutt";"Kort utdanning";50,88429;-1,77096
"2772";"Spania";"51340101";"5134";8;"Jente";"Høyere utdanning";65,704;0,60376
"2773";"Spania";"51340102";"5134";8;"Jente";"Høyere utdanning";65,704;0,96238
"2774";"Spania";"51340103";"5134";8;"Jente";"VGS";65,704;0,70599
"2775";"Spania";"51340104";"5134";8;"Gutt";"VGS";52,66245;0,43066
"2776";"Spania";"51340105";"5134";8;"Gutt";"VGS";39,20663;0,50369
"2777";"Spania";"51340106";"5134";8;"Gutt";"Høyere utdanning";44,59585;1,47329
"2778";"Spania";"51340107";"5134";8;"Jente";"Høyere utdanning";65,704;1,57341
"2779";"Spania";"51340108";"5134";8;"Gutt";"Høyere utdanning";57,13913;1,37317
"2780";"Spania";"51340109";"5134";8;"Jente";"Høyere utdanning";57,13913;0,65172
"2781";"Spania";"51340110";"5134";8;"Gutt";"Høyere utdanning";65,704;0,14291
"2782";"Spania";"51340111";"5134";8;"Gutt";"Høyere utdanning";46,81653;0,21801
"2783";"Spania";"51340112";"5134";8;"Jente";"Høyere utdanning";49,42491;1,84874
"2784";"Spania";"51340113";"5134";8;"Gutt";"Høyere utdanning";44,59585;1,94887
"2785";"Spania";"51340114";"5134";8;"Gutt";"Kort utdanning";44,59585;1,62347
"2786";"Spania";"51340115";"5134";8;"Gutt";"Høyere utdanning";65,704;0,3722
"2787";"Spania";"51340116";"5134";8;"Jente";"Høyere utdanning";65,704;-0,11557
"2788";"Spania";"51340117";"5134";8;"Jente";"Høyere utdanning";65,704;1,94887
"2789";"Spania";"51340118";"5134";8;"Jente";"Høyere utdanning";65,704;0,57663
"2790";"Spania";"51340120";"5134";8;"Gutt";"Høyere utdanning";65,704;0,8019
"2791";"Spania";"51340121";"5134";8;"Gutt";"VGS";36,11853;1,57341
"2792";"Spania";"51340122";"5134";8;"Gutt";"Høyere utdanning";65,704;1,42323
"2793";"Spania";"51340123";"5134";8;"Jente";"Kort utdanning";65,704;1,46509
"2794";"Spania";"51340124";"5134";8;"Jente";"Kort utdanning";65,704;1,52335
"2795";"Spania";"51350401";"5135";8;"Jente";"Kort utdanning";65,704;-0,4557
"2796";"Spania";"51350402";"5135";8;"Gutt";"VGS";34,6202;1,30307
"2797";"Spania";"51350403";"5135";8;"Gutt";"VGS";49,42491;-1,45037
"2798";"Spania";"51350404";"5135";8;"Gutt";"Høyere utdanning";65,704;-0,22433
"2799";"Spania";"51350405";"5135";8;"Gutt";"VGS";42,6371;1,10437
"2800";"Spania";"51350406";"5135";8;"Jente";"Høyere utdanning";52,66245;0,52214
"2801";"Spania";"51350407";"5135";8;"Jente";"Kort utdanning";49,42491;1,10437
"2802";"Spania";"51350408";"5135";8;"Jente";"Høyere utdanning";57,13913;-1,71098
"2803";"Spania";"51350409";"5135";8;"Jente";"Høyere utdanning";57,13913;0,8225
"2804";"Spania";"51350410";"5135";8;"Gutt";"Høyere utdanning";65,704;1,18765
"2805";"Spania";"51350412";"5135";8;"Jente";"Høyere utdanning";65,704;1,34814
"2806";"Spania";"51350413";"5135";8;"Gutt";"Kort utdanning";57,13913;0,86226
"2807";"Spania";"51350414";"5135";8;"Jente";"VGS";42,6371;-0,69127
"2808";"Spania";"51350415";"5135";8;"Jente";"Høyere utdanning";65,704;1,94887
"2809";"Spania";"51350416";"5135";8;"Jente";"Høyere utdanning";65,704;0,62226
"2810";"Spania";"51350417";"5135";8;"Gutt";"Kort utdanning";40,85939;-1,4651
"2811";"Spania";"51350418";"5135";8;"Jente";"Høyere utdanning";44,59585;-0,14924
"2812";"Spania";"51350419";"5135";8;"Jente";"Høyere utdanning";49,42491;1,49832
"2813";"Spania";"51350420";"5135";8;"Jente";"Høyere utdanning";52,66245;0,42644
"2814";"Spania";"51350421";"5135";8;"Jente";"Høyere utdanning";65,704;1,19796
"2815";"Spania";"51350422";"5135";8;"Gutt";"Høyere utdanning";46,81653;0,8122
"2816";"Spania";"51350423";"5135";8;"Gutt";"Høyere utdanning";57,13913;0,71208
"2817";"Spania";"51350424";"5135";8;"Gutt";"Høyere utdanning";44,59585;1,23772
"2818";"Spania";"51350426";"5135";8;"Jente";"Høyere utdanning";33,11239;1,49832
"2819";"Spania";"51350427";"5135";8;"Gutt";"Kort utdanning";42,6371;0,42855
"2820";"Spania";"51350428";"5135";8;"Jente";"VGS";65,704;0,69569
"2821";"Spania";"51350429";"5135";8;"Jente";"Kort utdanning";42,6371;-0,66624
"2822";"Spania";"51350430";"5135";8;"Jente";"Høyere utdanning";40,85939;-1,12709
"2823";"Spania";"51360401";"5136";8;"Jente";"Høyere utdanning";49,42491;1,57341
"2824";"Spania";"51360403";"5136";8;"Jente";"Høyere utdanning";52,66245;0,77244
"2825";"Spania";"51360406";"5136";8;"Gutt";"Høyere utdanning";42,6371;0,60166
"2826";"Spania";"51360408";"5136";8;"Jente";"Høyere utdanning";65,704;0,50575
"2827";"Spania";"51360409";"5136";8;"Gutt";"VGS";42,6371;1,23982
"2828";"Spania";"51360411";"5136";8;"Jente";"Høyere utdanning";65,704;1,33166
"2829";"Spania";"51360412";"5136";8;"Gutt";"Høyere utdanning";65,704;1,18765
"2830";"Spania";"51360413";"5136";8;"Jente";"Ungdomsskole";39,20663;-0,86438
"2831";"Spania";"51360414";"5136";8;"Jente";"Kort utdanning";65,704;-0,32024
"2832";"Spania";"51360415";"5136";8;"Gutt";"VGS";39,20663;-0,60588
"2833";"Spania";"51360416";"5136";8;"Gutt";"Høyere utdanning";42,6371;-1,5626
"2834";"Spania";"51360419";"5136";8;"Jente";"Høyere utdanning";65,704;1,19796
"2835";"Spania";"51360420";"5136";8;"Jente";"Kort utdanning";65,704;0,13029
"2836";"Spania";"51370401";"5137";8;"Jente";"Høyere utdanning";64,49352;0,27837
"2837";"Spania";"51370402";"5137";8;"Jente";"Høyere utdanning";65,704;1,52335
"2838";"Spania";"51370403";"5137";8;"Annet";"Høyere utdanning";52,66245;0,16141
"2839";"Spania";"51370404";"5137";8;"Annet";"VGS";49,42491;-0,00726
"2840";"Spania";"51370405";"5137";8;"Jente";"Høyere utdanning";65,704;0,96449
"2841";"Spania";"51370406";"5137";8;"Jente";"VGS";65,704;-1,3023
"2842";"Spania";"51370407";"5137";8;"Jente";"Høyere utdanning";65,704;0,57663
"2843";"Spania";"51370408";"5137";8;"Jente";"VGS";65,704;0,8122
"2844";"Spania";"51370409";"5137";8;"Gutt";"Høyere utdanning";46,81653;0,41825
"2845";"Spania";"51370410";"5137";8;"Jente";"Høyere utdanning";65,704;-1,36709
"2846";"Spania";"51370411";"5137";8;"Annet";"VGS";46,81653;1,94887
"2847";"Spania";"51370412";"5137";8;"Gutt";"Høyere utdanning";65,704;0,73711
"2848";"Spania";"51370413";"5137";8;"Jente";"VGS";52,66245;0,27837
"2849";"Spania";"51370414";"5137";8;"Jente";"VGS";65,704;0,28048
"2850";"Spania";"51370415";"5137";8;"Gutt";"Høyere utdanning";65,704;-1,08965
"2851";"Spania";"51370416";"5137";8;"Jente";"VGS";44,59585;-0,77456
"2852";"Spania";"51370417";"5137";8;"Jente";"VGS";65,704;0,15322
"2853";"Spania";"51370418";"5137";8;"Jente";"VGS";57,13913;-1,40031
"2854";"Spania";"51370419";"5137";8;"Annet";"Høyere utdanning";37,63793;1,09784
"2855";"Spania";"51370420";"5137";8;"Annet";"Høyere utdanning";52,66245;-1,25013
"2856";"Spania";"51370421";"5137";8;"Jente";"Høyere utdanning";65,704;-0,04702
"2857";"Spania";"51370422";"5137";8;"Jente";"Høyere utdanning";52,66245;1,11256
"2858";"Spania";"51370423";"5137";8;"Gutt";"Høyere utdanning";40,85939;0,60166
"2859";"Spania";"51370424";"5137";8;"Gutt";"Høyere utdanning";52,66245;1,04777
"2860";"Spania";"51370425";"5137";8;"Gutt";"Høyere utdanning";65,704;0,32843
"2861";"Spania";"51370426";"5137";8;"Gutt";"Høyere utdanning";65,704;1,19796
"2862";"Spania";"51370427";"5137";8;"Gutt";"Høyere utdanning";39,20663;-0,36588
"2863";"Spania";"51370428";"5137";8;"Gutt";"VGS";63,8905;0,27626
"2864";"Spania";"51370429";"5137";8;"Gutt";"Høyere utdanning";65,704;1,52335
"2865";"Spania";"51370430";"5137";8;"Gutt";"Ungdomsskole";49,42491;-1,98631
"2866";"Spania";"51380201";"5138";8;"Gutt";"Høyere utdanning";37,63793;-0,40774
"2867";"Spania";"51380205";"5138";8;"Gutt";"Høyere utdanning";37,63793;-0,1461
"2868";"Spania";"51380206";"5138";8;"Jente";"Høyere utdanning";52,66245;-0,73922
"2869";"Spania";"51380208";"5138";8;"Gutt";"Kort utdanning";57,13913;-1,91122
"2870";"Spania";"51380209";"5138";8;"Jente";"Høyere utdanning";65,704;-1,09175
"2871";"Spania";"51380211";"5138";8;"Jente";"Høyere utdanning";52,66245;0,79747
"2872";"Spania";"51380213";"5138";8;"Gutt";"Ungdomsskole";39,20663;-0,06994
"2873";"Spania";"51380214";"5138";8;"Gutt";"VGS";37,63793;-0,79139
"2874";"Spania";"51380216";"5138";8;"Gutt";"Høyere utdanning";57,13913;0,07204
"2875";"Spania";"51380217";"5138";8;"Gutt";"Høyere utdanning";52,66245;-0,47464
"2876";"Spania";"51380218";"5138";8;"Gutt";"Høyere utdanning";65,704;-0,09708
"2877";"Spania";"51380220";"5138";8;"Jente";"Høyere utdanning";49,42491;-1,40031
"2878";"Spania";"51380221";"5138";8;"Jente";"Ungdomsskole";57,13913;-1,66092
"2879";"Spania";"51380222";"5138";8;"Gutt";"Høyere utdanning";57,13913;0,35135
"2880";"Spania";"51380223";"5138";8;"Gutt";"VGS";57,13913;-1,76104
"2881";"Spania";"51380225";"5138";8;"Gutt";"Høyere utdanning";52,66245;-0,50576
"2882";"Spania";"51380226";"5138";8;"Gutt";"Høyere utdanning";42,6371;-0,70811
"2883";"Spania";"51380228";"5138";8;"Gutt";"VGS";62,87645;0,36165
"2884";"Spania";"51380229";"5138";8;"Jente";"VGS";46,81653;-1,76104
"2885";"Spania";"51380230";"5138";8;"Gutt";"Ungdomsskole";37,63793;-0,12211
"2886";"Spania";"51380231";"5138";8;"Jente";"Høyere utdanning";65,704;-0,77666
"2887";"Spania";"51390201";"5139";8;"Gutt";"Kort utdanning";44,59585;1,11256
"2888";"Spania";"51390202";"5139";8;"Jente";"Høyere utdanning";65,704;-0,20961
"2889";"Spania";"51390204";"5139";8;"Gutt";"Kort utdanning";57,13913;-0,09708
"2890";"Spania";"51390205";"5139";8;"Jente";"Høyere utdanning";52,66245;0,27837
"2891";"Spania";"51390207";"5139";8;"Gutt";"Høyere utdanning";44,59585;1,52335
"2892";"Spania";"51390208";"5139";8;"Jente";"Ungdomsskole";65,704;0,46178
"2893";"Spania";"51390211";"5139";8;"Jente";"Høyere utdanning";65,704;0,5619
"2894";"Spania";"51390212";"5139";8;"Gutt";"Kort utdanning";65,704;-0,24726
"2895";"Spania";"51390213";"5139";8;"Gutt";"VGS";49,42491;0,16141
"2896";"Spania";"51390214";"5139";8;"Gutt";"VGS";44,59585;0,78717
"2897";"Spania";"51390216";"5139";8;"Jente";"Høyere utdanning";65,704;0,96238
"2898";"Spania";"51390217";"5139";8;"Gutt";"Høyere utdanning";65,704;-0,63091
"2899";"Spania";"51390218";"5139";8;"Gutt";"Høyere utdanning";57,13913;0,38879
"2900";"Spania";"51390219";"5139";8;"Jente";"Høyere utdanning";65,704;1,42323
"2901";"Spania";"51390220";"5139";8;"Gutt";"Kort utdanning";65,704;-0,12
"2902";"Spania";"51390221";"5139";8;"Gutt";"Høyere utdanning";44,59585;1,10226
"2903";"Spania";"51390222";"5139";8;"Gutt";"Høyere utdanning";46,81653;1,19796
"2904";"Spania";"51390223";"5139";8;"Gutt";"Kort utdanning";65,704;1,1397
"2905";"Spania";"51400201";"5140";8;"Jente";"VGS";65,704;-0,99163
"2906";"Spania";"51400202";"5140";8;"Gutt";"Kort utdanning";44,59585;1,49832
"2907";"Spania";"51400203";"5140";8;"Gutt";"VGS";44,59585;-1,3023
"2908";"Spania";"51400204";"5140";8;"Gutt";"Ungdomsskole";42,6371;-0,53079
"2909";"Spania";"51400205";"5140";8;"Gutt";"VGS";39,20663;-0,49103
"2910";"Spania";"51400206";"5140";8;"Gutt";"Kort utdanning";44,59585;-1,3023
"2911";"Spania";"51400207";"5140";8;"Gutt";"VGS";46,81653;-1,30019
"2912";"Spania";"51400208";"5140";8;"Gutt";"VGS";40,85939;-1,60056
"2913";"Spania";"51400209";"5140";8;"Gutt";"VGS";49,42491;-1,01666
"2914";"Spania";"51400210";"5140";8;"Gutt";"VGS";49,42491;-0,99163
"2915";"Spania";"51400211";"5140";8;"Jente";"Høyere utdanning";65,704;-2,13649
"2916";"Spania";"51400212";"5140";8;"Jente";"Kort utdanning";65,704;1,22299
"2917";"Spania";"51400213";"5140";8;"Gutt";"VGS";52,66245;-1,88619
"2918";"Spania";"51400215";"5140";8;"Gutt";"Høyere utdanning";52,66245;-1,35236
"2919";"Spania";"51400216";"5140";8;"Gutt";"VGS";49,42491;-1,98631
"2920";"Spania";"51400217";"5140";8;"Gutt";"VGS";49,42491;-0,79139
"2921";"Spania";"51400218";"5140";8;"Jente";"VGS";65,704;0,13029
"2922";"Spania";"51400219";"5140";8;"Gutt";"VGS";52,66245;-1,00425
"2923";"Spania";"51400220";"5140";8;"Gutt";"Ungdomsskole";39,20663;-0,98133
"2924";"Spania";"51400221";"5140";8;"Jente";"Høyere utdanning";65,704;-0,57431
"2925";"Spania";"51400222";"5140";8;"Jente";"Høyere utdanning";65,704;-1,45248
"2926";"Spania";"51400223";"5140";8;"Gutt";"Høyere utdanning";57,13913;-1,8111
"2927";"Spania";"51400224";"5140";8;"Jente";"VGS";65,704;-2,13649
"2928";"Spania";"51400225";"5140";8;"Jente";"Høyere utdanning";57,13913;-1,85297
"2929";"Spania";"51400226";"5140";8;"Gutt";"Høyere utdanning";49,42491;-1,78607
"2930";"Spania";"51400227";"5140";8;"Gutt";"VGS";42,6371;-1,85297
"2931";"Spania";"51410202";"5141";8;"Jente";"VGS";65,704;1,64543
"2932";"Spania";"51410203";"5141";8;"Jente";"Høyere utdanning";65,704;1,13759
"2933";"Spania";"51410205";"5141";8;"Jente";"VGS";65,704;1,32311
"2934";"Spania";"51410206";"5141";8;"Gutt";"Høyere utdanning";65,704;1,47329
"2935";"Spania";"51410207";"5141";8;"Jente";"VGS";65,704;0,0346
"2936";"Spania";"51410208";"5141";8;"Jente";"VGS";65,704;0,10316
"2937";"Spania";"51410209";"5141";8;"Gutt";"Kort utdanning";44,59585;0,49711
"2938";"Spania";"51410210";"5141";8;"Gutt";"Høyere utdanning";65,704;1,11467
"2939";"Spania";"51410211";"5141";8;"Gutt";"Kort utdanning";52,66245;0,93735
"2940";"Spania";"51410212";"5141";8;"Jente";"Ungdomsskole";65,704;-0,41383
"2941";"Spania";"51410213";"5141";8;"Gutt";"Høyere utdanning";52,66245;1,94887
"2942";"Spania";"51410214";"5141";8;"Jente";"Høyere utdanning";65,704;1,1479
"2943";"Spania";"51410215";"5141";8;"Gutt";"Høyere utdanning";65,704;1,04777
"2944";"Spania";"51410216";"5141";8;"Jente";"VGS";65,704;0,75605
"2945";"Spania";"51410217";"5141";8;"Gutt";"Høyere utdanning";49,42491;0,96238
"2946";"Spania";"51410218";"5141";8;"Gutt";"VGS";65,704;0,00514
"2947";"Spania";"51410219";"5141";8;"Jente";"VGS";52,66245;-0,7935
"2948";"Spania";"51410220";"5141";8;"Gutt";"Høyere utdanning";65,704;1,57341
"2949";"Spania";"51410221";"5141";8;"Gutt";"Kort utdanning";49,42491;1,47329
"2950";"Spania";"51410222";"5141";8;"Jente";"Høyere utdanning";65,704;1,42323
"2951";"Spania";"51410224";"5141";8;"Jente";"VGS";42,6371;-0,65383
"2952";"Spania";"51420106";"5142";8;"Jente";"VGS";65,704;-1,37528
"2953";"Spania";"51420107";"5142";8;"Gutt";"VGS";42,6371;0,12819
"2954";"Spania";"51420108";"5142";8;"Jente";"Høyere utdanning";65,704;0,77244
"2955";"Spania";"51420109";"5142";8;"Jente";"VGS";52,66245;0,00304
"2956";"Spania";"51420110";"5142";8;"Gutt";"VGS";42,6371;0,76214
"2957";"Spania";"51420115";"5142";8;"Gutt";"Kort utdanning";43,14909;0,04279
"2958";"Spania";"51420117";"5142";8;"Gutt";"Høyere utdanning";46,81653;0,49711
"2959";"Spania";"51420118";"5142";8;"Gutt";"Høyere utdanning";65,704;1,84874
"2960";"Spania";"51420119";"5142";8;"Jente";"Høyere utdanning";65,704;-0,23042
"2961";"Spania";"51420121";"5142";8;"Gutt";"Høyere utdanning";49,42491;0,24681
"2962";"Spania";"51420122";"5142";8;"Gutt";"Høyere utdanning";37,63793;1,11256
"2963";"Spania";"51420126";"5142";8;"Gutt";"VGS";65,704;-0,24224
"2964";"Spania";"51420127";"5142";8;"Gutt";"Høyere utdanning";39,20663;1,09784
"2965";"Spania";"51430101";"5143";8;"Jente";"Høyere utdanning";49,42491;0,68916
"2966";"Spania";"51430102";"5143";8;"Gutt";"Kort utdanning";42,6371;-1,29577
"2967";"Spania";"51430103";"5143";8;"Jente";"VGS";65,704;-0,19509
"2968";"Spania";"51430105";"5143";8;"Gutt";"VGS";52,66245;-1,37528
"2969";"Spania";"51430106";"5143";8;"Gutt";"Kort utdanning";65,704;-1,11468
"2970";"Spania";"51430107";"5143";8;"Gutt";"VGS";42,6371;-0,75606
"2971";"Spania";"51430108";"5143";8;"Jente";"VGS";49,42491;0,57663
"2972";"Spania";"51430109";"5143";8;"Jente";"VGS";65,704;-1,30019
"2973";"Spania";"51430110";"5143";8;"Gutt";"Høyere utdanning";57,13913;0,16352
"2974";"Spania";"51430111";"5143";8;"Gutt";"Kort utdanning";65,704;0,92262
"2975";"Spania";"51430112";"5143";8;"Gutt";"Kort utdanning";42,6371;-0,12211
"2976";"Spania";"51430113";"5143";8;"Jente";"VGS";49,42491;-0,52868
"2977";"Spania";"51430114";"5143";8;"Jente";"Kort utdanning";65,704;-1,30019
"2978";"Spania";"51430115";"5143";8;"Gutt";"VGS";39,20663;-0,1972
"2979";"Spania";"51430117";"5143";8;"Gutt";"Kort utdanning";49,42491;-0,3806
"2980";"Spania";"51430118";"5143";8;"Gutt";"VGS";65,704;0,0346
"2981";"Spania";"51430119";"5143";8;"Jente";"VGS";65,704;-0,83536
"2982";"Spania";"51430120";"5143";8;"Jente";"Kort utdanning";65,704;-1,3023
"2983";"Spania";"51430121";"5143";8;"Jente";"Kort utdanning";65,704;-0,58085
"2984";"Spania";"51430122";"5143";8;"Gutt";"VGS";44,59585;0,45427
"2985";"Spania";"51430123";"5143";8;"Jente";"Kort utdanning";52,66245;-1,24797
"2986";"Spania";"51430124";"5143";8;"Gutt";"Ungdomsskole";33,11239;0,55581
"2987";"Spania";"51430126";"5143";8;"Jente";"VGS";57,13913;0,73102
"2988";"Spania";"51430127";"5143";8;"Jente";"VGS";42,6371;0,42855
"2989";"Spania";"51430128";"5143";8;"Gutt";"Ungdomsskole";37,63793;-0,09497
"2990";"Spania";"51430129";"5143";8;"Jente";"VGS";49,42491;-1,25013
"2991";"Spania";"51440201";"5144";8;"Jente";"Høyere utdanning";65,704;0,53897
"2992";"Spania";"51440203";"5144";8;"Gutt";"Kort utdanning";39,20663;1,19796
"2993";"Spania";"51440204";"5144";8;"Jente";"Kort utdanning";65,704;0,02596
"2994";"Spania";"51440207";"5144";8;"Jente";"Høyere utdanning";65,704;1,29808
"2995";"Spania";"51440208";"5144";8;"Gutt";"Høyere utdanning";65,704;0,96238
"2996";"Spania";"51440209";"5144";8;"Jente";"Høyere utdanning";65,704;0,04279
"2997";"Spania";"51440211";"5144";8;"Gutt";"VGS";39,20663;-0,65594
"2998";"Spania";"51440212";"5144";8;"Gutt";"Høyere utdanning";65,704;0,73711
"2999";"Spania";"51440213";"5144";8;"Jente";"Høyere utdanning";65,704;0,0634
"3000";"Spania";"51440214";"5144";8;"Gutt";"Kort utdanning";46,81653;0,60376
"3001";"Spania";"51440215";"5144";8;"Jente";"Kort utdanning";44,59585;1,1479
"3002";"Spania";"51440216";"5144";8;"Jente";"Høyere utdanning";42,6371;1,23789
"3003";"Spania";"51440217";"5144";8;"Jente";"Kort utdanning";57,13913;0,57873
"3004";"Spania";"51440219";"5144";8;"Gutt";"Høyere utdanning";40,85939;1,11467
"3005";"Spania";"51440220";"5144";8;"Jente";"VGS";65,704;0,28048
"3006";"Spania";"51440221";"5144";8;"Gutt";"Høyere utdanning";39,20663;1,94887
"3007";"Spania";"51450101";"5145";8;"Jente";"Høyere utdanning";65,704;-1,41062
"3008";"Spania";"51450104";"5145";8;"Jente";"VGS";65,704;-0,83115
"3009";"Spania";"51450105";"5145";8;"Gutt";"Kort utdanning";52,66245;0,2159
"3010";"Spania";"51450106";"5145";8;"Jente";"Kort utdanning";40,85939;-1,00847
"3011";"Spania";"51450107";"5145";8;"Jente";"Høyere utdanning";52,66245;0,68705
"3012";"Spania";"51450108";"5145";8;"Jente";"Høyere utdanning";65,704;0,72891
"3013";"Spania";"51450109";"5145";8;"Gutt";"Kort utdanning";65,704;-0,48073
"3014";"Spania";"51450110";"5145";8;"Jente";"VGS";52,66245;-0,3703
"3015";"Spania";"51450112";"5145";8;"Gutt";"VGS";65,704;-0,0334
"3016";"Spania";"51450113";"5145";8;"Gutt";"Høyere utdanning";39,20663;-0,14503
"3017";"Spania";"51450114";"5145";8;"Gutt";"Kort utdanning";39,20663;-1,40242
"3018";"Spania";"51450115";"5145";8;"Gutt";"VGS";65,704;-0,48283
"3019";"Spania";"51450116";"5145";8;"Jente";"Høyere utdanning";65,704;0,35346
"3020";"Spania";"51450117";"5145";8;"Jente";"VGS";65,704;-0,43886
"3021";"Spania";"51450118";"5145";8;"Gutt";"VGS";65,704;-1,58583
"3022";"Spania";"51450119";"5145";8;"Gutt";"VGS";52,66245;-1,66092
"3023";"Spania";"51450120";"5145";8;"Jente";"VGS";65,704;0,00514
"3024";"Spania";"51450122";"5145";8;"Gutt";"VGS";37,63793;-0,49545
"3025";"Spania";"51450123";"5145";8;"Gutt";"VGS";65,704;-1,45037
"3026";"Spania";"51450126";"5145";8;"Gutt";"VGS";57,13913;-1,40031
"3027";"Spania";"51460301";"5146";8;"Gutt";"Høyere utdanning";65,704;1,42323
"3028";"Spania";"51460302";"5146";8;"Jente";"Høyere utdanning";65,704;1,56311
"3029";"Spania";"51460303";"5146";8;"Gutt";"Høyere utdanning";40,85939;1,23772
"3030";"Spania";"51460304";"5146";8;"Gutt";"Høyere utdanning";57,13913;0,76214
"3031";"Spania";"51460305";"5146";8;"Jente";"Kort utdanning";65,704;0,73922
"3032";"Spania";"51460307";"5146";8;"Gutt";"Høyere utdanning";65,704;1,62347
"3033";"Spania";"51460308";"5146";8;"Gutt";"Kort utdanning";41,19522;0,01566
"3034";"Spania";"51460309";"5146";8;"Jente";"Høyere utdanning";65,704;1,49832
"3035";"Spania";"51460310";"5146";8;"Gutt";"Høyere utdanning";65,704;0,98741
"3036";"Spania";"51460311";"5146";8;"Gutt";"Kort utdanning";49,42491;-0,09497
"3037";"Spania";"51460312";"5146";8;"Jente";"Kort utdanning";65,704;1,62347
"3038";"Spania";"51460313";"5146";8;"Gutt";"Høyere utdanning";65,704;1,04777
"3039";"Spania";"51460314";"5146";8;"Gutt";"Høyere utdanning";65,704;-0,79139
"3040";"Spania";"51460315";"5146";8;"Jente";"VGS";65,704;-0,49103
"3041";"Spania";"51460316";"5146";8;"Jente";"Høyere utdanning";65,704;1,62347
"3042";"Spania";"51460317";"5146";8;"Jente";"Høyere utdanning";57,13913;-0,08235
"3043";"Spania";"51460318";"5146";8;"Jente";"VGS";57,13913;0,3806
"3044";"Spania";"51460319";"5146";8;"Jente";"Høyere utdanning";65,704;1,11256
"3045";"Spania";"51460320";"5146";8;"Jente";"Kort utdanning";49,42491;0,96449
"3046";"Spania";"51460321";"5146";8;"Jente";"Høyere utdanning";65,704;1,37317
"3047";"Spania";"51460322";"5146";8;"Gutt";"Kort utdanning";40,85939;0,8122
"3048";"Spania";"51460323";"5146";8;"Jente";"Høyere utdanning";57,13913;1,62347
"3049";"Spania";"51460324";"5146";8;"Gutt";"Høyere utdanning";65,704;0,98741
"3050";"Spania";"51460325";"5146";8;"Jente";"VGS";40,85939;-0,45127
"3051";"Spania";"51460326";"5146";8;"Jente";"Høyere utdanning";65,704;1,34814
"3052";"Spania";"51460327";"5146";8;"Jente";"Ungdomsskole";65,704;0,60376
"3053";"Spania";"51470203";"5147";8;"Gutt";"Høyere utdanning";39,20663;0,16141
"3054";"Spania";"51470204";"5147";8;"Gutt";"Høyere utdanning";37,63793;-0,0681
"3055";"Spania";"51470205";"5147";8;"Jente";"Høyere utdanning";65,704;-0,81642
"3056";"Spania";"51470207";"5147";8;"Gutt";"VGS";37,63793;-1,40242
"3057";"Spania";"51470210";"5147";8;"Gutt";"Ungdomsskole";65,704;-1,8111
"3058";"Spania";"51470211";"5147";8;"Jente";"Høyere utdanning";37,63793;-0,91865
"3059";"Spania";"51470212";"5147";8;"Jente";"Ungdomsskole";40,85939;-0,84145
"3060";"Spania";"51470213";"5147";8;"Jente";"VGS";46,81653;-0,8884
"3061";"Spania";"51470214";"5147";8;"Jente";"VGS";34,6202;-1,73601
"3062";"Spania";"51470216";"5147";8;"Jente";"VGS";37,63793;-1,2084
"3063";"Spania";"51470218";"5147";8;"Gutt";"Høyere utdanning";37,63793;-2,16152
"3064";"Spania";"51480202";"5148";8;"Gutt";"Ungdomsskole";42,6371;0,69763
"3065";"Spania";"51480203";"5148";8;"Annet";"Høyere utdanning";38,13827;1,11467
"3066";"Spania";"51480204";"5148";8;"Jente";"Høyere utdanning";63,8905;1,49832
"3067";"Spania";"51480206";"5148";8;"Jente";"Høyere utdanning";57,13913;1,49832
"3068";"Spania";"51480207";"5148";8;"Gutt";"Ungdomsskole";42,6371;-0,98953
"3069";"Spania";"51480208";"5148";8;"Gutt";"Kort utdanning";42,6371;-0,60588
"3070";"Spania";"51480209";"5148";8;"Jente";"Høyere utdanning";65,704;-0,40774
"3071";"Spania";"51480210";"5148";8;"Jente";"Høyere utdanning";65,704;0,0449
"3072";"Spania";"51480211";"5148";8;"Gutt";"Kort utdanning";37,63793;-1,38559
"3073";"Spania";"51480212";"5148";8;"Annet";"Høyere utdanning";52,66245;0,32234
"3074";"Spania";"51480214";"5148";8;"Gutt";"Høyere utdanning";65,704;0,38879
"3075";"Spania";"51480215";"5148";8;"Gutt";"Høyere utdanning";62,87645;0,53897
"3076";"Spania";"51480217";"5148";8;"Jente";"Høyere utdanning";52,66245;0,76214
"3077";"Spania";"51480223";"5148";8;"Jente";"Ungdomsskole";65,704;1,23772
"3078";"Spania";"51490102";"5149";8;"Jente";"Høyere utdanning";48,27511;-1,75074
"3079";"Spania";"51490103";"5149";8;"Jente";"Høyere utdanning";65,704;1,12287
"3080";"Spania";"51490104";"5149";8;"Gutt";"Ungdomsskole";52,66245;0,0243
"3081";"Spania";"51490106";"5149";8;"Gutt";"VGS";37,63793;-1,63589
"3082";"Spania";"51490107";"5149";8;"Jente";"Høyere utdanning";65,704;-0,98953
"3083";"Spania";"51490110";"5149";8;"Gutt";"VGS";39,20663;-0,91444
"3084";"Spania";"51490114";"5149";8;"Gutt";"Høyere utdanning";52,66245;0,18855
"3085";"Spania";"51490116";"5149";8;"Gutt";"VGS";37,63793;0,73922
"3086";"Spania";"51490118";"5149";8;"Annet";"Høyere utdanning";37,63793;0,76214
"3087";"Spania";"51490120";"5149";8;"Jente";"Høyere utdanning";65,704;1,49832
"3088";"Spania";"51490121";"5149";8;"Jente";"Høyere utdanning";65,704;-0,87468
"3089";"Spania";"51490122";"5149";8;"Gutt";"Høyere utdanning";40,85939;-0,14503
"3090";"Spania";"51500301";"5150";8;"Gutt";"Kort utdanning";65,704;-0,02199
"3091";"Spania";"51500302";"5150";8;"Gutt";"Høyere utdanning";65,704;1,19796
"3092";"Spania";"51500303";"5150";8;"Gutt";"Høyere utdanning";65,704;1,49832
"3093";"Spania";"51500305";"5150";8;"Gutt";"Høyere utdanning";49,42491;-0,24936
"3094";"Spania";"51500306";"5150";8;"Gutt";"Høyere utdanning";46,81653;0,05099
"3095";"Spania";"51500307";"5150";8;"Jente";"Høyere utdanning";57,13913;1,94887
"3096";"Spania";"51500308";"5150";8;"Jente";"VGS";65,704;0,06993
"3097";"Spania";"51500309";"5150";8;"Jente";"Høyere utdanning";65,704;0,00514
"3098";"Spania";"51500310";"5150";8;"Jente";"VGS";42,6371;0,96238
"3099";"Spania";"51500311";"5150";8;"Gutt";"Høyere utdanning";65,704;0,70388
"3100";"Spania";"51500312";"5150";8;"Jente";"Høyere utdanning";65,704;-1,76104
"3101";"Spania";"51500313";"5150";8;"Jente";"VGS";65,704;0,8122
"3102";"Spania";"51500314";"5150";8;"Jente";"Høyere utdanning";65,704;-1,37739
"3103";"Spania";"51500315";"5150";8;"Gutt";"Høyere utdanning";49,42491;1,11256
"3104";"Spania";"51500316";"5150";8;"Jente";"VGS";52,66245;-0,48073
"3105";"Spania";"51500317";"5150";8;"Jente";"VGS";46,81653;-0,53289
"3106";"Spania";"51500319";"5150";8;"Jente";"Høyere utdanning";57,13913;1,84874
"3107";"Spania";"51500320";"5150";8;"Gutt";"Ungdomsskole";37,63793;0,67232
"3108";"Spania";"51500321";"5150";8;"Gutt";"Ungdomsskole";65,704;1,09784
"3109";"Spania";"51500322";"5150";8;"Gutt";"Høyere utdanning";65,704;1,84874
"3110";"Spania";"51500325";"5150";8;"Gutt";"VGS";65,704;0,3806
"3111";"Spania";"51500326";"5150";8;"Gutt";"VGS";46,81653;-1,02697
"3112";"Spania";"51500327";"5150";8;"Gutt";"VGS";37,63793;-0,77389
"3113";"Spania";"51510101";"5151";8;"Annet";"Høyere utdanning";57,13913;1,03958
"3114";"Spania";"51510102";"5151";8;"Jente";"Høyere utdanning";65,704;1,94887
"3115";"Spania";"51510104";"5151";8;"Jente";"Høyere utdanning";57,13913;0,27626
"3116";"Spania";"51510105";"5151";8;"Gutt";"Ungdomsskole";39,20663;0,36165
"3117";"Spania";"51510106";"5151";8;"Jente";"Høyere utdanning";65,704;0,08023
"3118";"Spania";"51510107";"5151";8;"Annet";"Høyere utdanning";65,704;-1,8008
"3119";"Spania";"51510109";"5151";8;"Jente";"Høyere utdanning";65,704;0,77244
"3120";"Spania";"51510110";"5151";8;"Jente";"Høyere utdanning";40,85939;0,8122
"3121";"Spania";"51510111";"5151";8;"Annet";"Ungdomsskole";37,63793;0,04852
"3122";"Spania";"51510112";"5151";8;"Gutt";"Kort utdanning";40,85939;-1,00636
"3123";"Spania";"51510113";"5151";8;"Gutt";"Høyere utdanning";52,66245;0,64729
"3124";"Spania";"51510114";"5151";8;"Jente";"VGS";65,704;0,55581
"3125";"Spania";"51510115";"5151";8;"Jente";"VGS";49,42491;1,56311
"3126";"Spania";"51510116";"5151";8;"Gutt";"Kort utdanning";52,66245;1,42323
"3127";"Spania";"51510117";"5151";8;"Gutt";"Høyere utdanning";65,704;-0,32446
"3128";"Spania";"51510118";"5151";8;"Jente";"Høyere utdanning";52,66245;1,84874
"3129";"Spania";"51510119";"5151";8;"Gutt";"Ungdomsskole";37,63793;0,31602
"3130";"Spania";"51510120";"5151";8;"Jente";"Høyere utdanning";65,704;-0,99163
"3131";"Spania";"51510121";"5151";8;"Gutt";"Kort utdanning";44,59585;-0,53079
"3132";"Spania";"51510122";"5151";8;"Gutt";"Høyere utdanning";57,13913;0,36819
"3133";"Spania";"51510123";"5151";8;"Gutt";"VGS";44,59585;-0,22433
"3134";"Spania";"51510127";"5151";8;"Gutt";"Høyere utdanning";52,66245;-0,00515
"3135";"Spania";"51510128";"5151";8;"Gutt";"Høyere utdanning";39,20663;-1,76104
"3136";"Spania";"51510129";"5151";8;"Jente";"VGS";65,704;0,00093
"3137";"Spania";"51510130";"5151";8;"Gutt";"Kort utdanning";52,66245;-0,0531
"3138";"Spania";"51520401";"5152";8;"Gutt";"VGS";46,81653;0,38668
"3139";"Spania";"51520402";"5152";8;"Gutt";"Kort utdanning";44,59585;0,35542
"3140";"Spania";"51520403";"5152";8;"Gutt";"VGS";37,63793;-0,50786
"3141";"Spania";"51520404";"5152";8;"Gutt";"Kort utdanning";44,59585;0,19298
"3142";"Spania";"51520405";"5152";8;"Gutt";"Høyere utdanning";37,63793;1,46299
"3143";"Spania";"51520406";"5152";8;"Gutt";"Høyere utdanning";65,704;1,84874
"3144";"Spania";"51520407";"5152";8;"Gutt";"VGS";36,11853;-0,95694
"3145";"Spania";"51520408";"5152";8;"Gutt";"VGS";36,11853;0,98952
"3146";"Spania";"51520409";"5152";8;"Gutt";"VGS";40,85939;1,52335
"3147";"Spania";"51520410";"5152";8;"Gutt";"Kort utdanning";44,59585;1,56311
"3148";"Spania";"51520411";"5152";8;"Gutt";"Kort utdanning";39,20663;0,27837
"3149";"Spania";"51520412";"5152";8;"Gutt";"VGS";33,11239;-0,70811
"3150";"Spania";"51520413";"5152";8;"Gutt";"VGS";36,11853;-0,16563
"3151";"Spania";"51520414";"5152";8;"Gutt";"VGS";52,66245;0,19298
"3152";"Spania";"51520415";"5152";8;"Gutt";"Kort utdanning";42,6371;0,33054
"3153";"Spania";"51520416";"5152";8;"Gutt";"Ungdomsskole";44,59585;0,69147
"3154";"Spania";"51520417";"5152";8;"Gutt";"Høyere utdanning";42,6371;-0,20961
"3155";"Spania";"51520418";"5152";8;"Gutt";"Kort utdanning";42,6371;-0,34085
"3156";"Spania";"51520419";"5152";8;"Gutt";"VGS";57,13913;-0,60588
"3157";"Spania";"51520420";"5152";8;"Gutt";"Kort utdanning";36,11853;0,03114
"3158";"Spania";"51520422";"5152";8;"Gutt";"Ungdomsskole";37,63793;-1,10206
"3159";"Spania";"51520423";"5152";8;"Gutt";"Kort utdanning";39,20663;0,19298
"3160";"Spania";"51520425";"5152";8;"Gutt";"Ungdomsskole";37,72168;1,15654
"3161";"Spania";"51530201";"5153";8;"Jente";"Kort utdanning";42,6371;-1,63589
"3162";"Spania";"51530202";"5153";8;"Jente";"Ungdomsskole";48,04368;-1,88619
"3163";"Spania";"51530204";"5153";8;"Jente";"Kort utdanning";65,704;-1,01456
"3164";"Spania";"51530205";"5153";8;"Jente";"VGS";65,704;-2,33674
"3165";"Spania";"51530208";"5153";8;"Jente";"Kort utdanning";65,704;-1,85086
"3166";"Spania";"51530210";"5153";8;"Gutt";"Kort utdanning";39,20663;-0,66835
"3167";"Spania";"51530211";"5153";8;"Jente";"Høyere utdanning";65,704;-1,16474
"3168";"Spania";"51530213";"5153";8;"Gutt";"Ungdomsskole";49,42491;-1,78607
"3169";"Spania";"51530214";"5153";8;"Gutt";"VGS";46,81653;-1,40031
"3170";"Spania";"51530215";"5153";8;"Jente";"VGS";65,704;-1,40242
"3171";"Spania";"51530216";"5153";8;"Jente";"VGS";65,704;-0,96007
"3172";"Spania";"51530219";"5153";8;"Jente";"VGS";57,13913;-1,53577
"3173";"Spania";"51530221";"5153";8;"Jente";"Kort utdanning";56,56141;-1,09175
"3174";"Spania";"51530222";"5153";8;"Gutt";"VGS";65,704;-0,41383
"3175";"Spania";"51530223";"5153";8;"Annet";"Høyere utdanning";44,59585;-1,42745
"3176";"Spania";"51530224";"5153";8;"Jente";"Kort utdanning";65,704;-0,68097
"3177";"Spania";"51540201";"5154";8;"Jente";"Høyere utdanning";63,8905;0,84315
"3178";"Spania";"51540202";"5154";8;"Jente";"Høyere utdanning";37,63793;-1,58583
"3179";"Spania";"51540203";"5154";8;"Jente";"VGS";56,40653;1,11256
"3180";"Spania";"51540204";"5154";8;"Jente";"Høyere utdanning";65,704;1,62347
"3181";"Spania";"51540205";"5154";8;"Gutt";"Kort utdanning";36,11853;-1,00847
"3182";"Spania";"51540206";"5154";8;"Gutt";"Kort utdanning";42,6371;-0,3806
"3183";"Spania";"51540207";"5154";8;"Jente";"VGS";37,63793;-0,52048
"3184";"Spania";"51540208";"5154";8;"Jente";"Høyere utdanning";42,6371;-1,24994
"3185";"Spania";"51540209";"5154";8;"Gutt";"Høyere utdanning";65,704;1,11256
"3186";"Spania";"51540210";"5154";8;"Jente";"Høyere utdanning";65,704;1,19796
"3187";"Spania";"51540211";"5154";8;"Gutt";"Høyere utdanning";65,704;0,81431
"3188";"Spania";"51540212";"5154";8;"Jente";"Høyere utdanning";49,42491;-0,53079
"3189";"Spania";"51540214";"5154";8;"Gutt";"Kort utdanning";37,63793;-1,14182
"3190";"Spania";"51540215";"5154";8;"Jente";"Kort utdanning";65,704;0,34669
"3191";"Spania";"51540216";"5154";8;"Annet";"Høyere utdanning";42,6371;-0,62648
"3192";"Spania";"51540217";"5154";8;"Gutt";"Høyere utdanning";65,704;1,11256
"3193";"Spania";"51540218";"5154";8;"Annet";"Kort utdanning";63,8905;-0,30551
"3194";"Spania";"51540220";"5154";8;"Jente";"Høyere utdanning";49,42491;1,11256
"3195";"Spania";"51540222";"5154";8;"Gutt";"Høyere utdanning";44,59585;-2,16152
"3196";"Spania";"51540223";"5154";8;"Gutt";"Høyere utdanning";44,59585;-1,4754
"3197";"Spania";"51550101";"5155";8;"Gutt";"Høyere utdanning";49,42491;1,62347
"3198";"Spania";"51550102";"5155";8;"Annet";"Høyere utdanning";65,704;0,43066
"3199";"Spania";"51550103";"5155";8;"Jente";"Høyere utdanning";65,704;1,57341
"3200";"Spania";"51550104";"5155";8;"Jente";"Ungdomsskole";52,66245;1,49832
"3201";"Spania";"51550105";"5155";8;"Gutt";"Høyere utdanning";65,704;1,32311
"3202";"Spania";"51550106";"5155";8;"Gutt";"Høyere utdanning";65,704;1,42323
"3203";"Spania";"51550107";"5155";8;"Gutt";"Kort utdanning";65,704;1,94887
"3204";"Spania";"51550108";"5155";8;"Jente";"Kort utdanning";52,66245;1,37317
"3205";"Spania";"51550109";"5155";8;"Gutt";"Høyere utdanning";40,85939;1,84874
"3206";"Spania";"51550110";"5155";8;"Jente";"Høyere utdanning";65,704;1,37317
"3207";"Spania";"51550112";"5155";8;"Jente";"Høyere utdanning";65,704;1,62347
"3208";"Spania";"51550113";"5155";8;"Jente";"Høyere utdanning";65,704;1,62347
"3209";"Spania";"51550114";"5155";8;"Gutt";"Høyere utdanning";49,42491;1,11256
"3210";"Spania";"51550115";"5155";8;"Jente";"Høyere utdanning";49,42491;-1,91122
"3211";"Spania";"51550117";"5155";8;"Gutt";"Høyere utdanning";57,13913;1,94887
"3212";"Spania";"51550118";"5155";8;"Gutt";"Høyere utdanning";49,42491;1,11256
"3213";"Spania";"51550119";"5155";8;"Jente";"Høyere utdanning";57,13913;0,16352
"3214";"Spania";"51550120";"5155";8;"Jente";"Høyere utdanning";65,704;1,24802
"3215";"Spania";"51550121";"5155";8;"Gutt";"Høyere utdanning";65,704;1,37317
"3216";"Spania";"51550122";"5155";8;"Gutt";"Høyere utdanning";52,66245;1,42184
"3217";"Spania";"51550123";"5155";8;"Gutt";"Høyere utdanning";42,6371;1,84874
"3218";"Spania";"51550124";"5155";8;"Jente";"VGS";36,11853;1,11256
"3219";"Spania";"51560302";"5156";8;"Gutt";"VGS";49,42491;-0,66624
"3220";"Spania";"51560303";"5156";8;"Jente";"VGS";42,6371;0,36376
"3221";"Spania";"51560304";"5156";8;"Gutt";"VGS";42,6371;0,42644
"3222";"Spania";"51560305";"5156";8;"Gutt";"Høyere utdanning";65,704;1,84874
"3223";"Spania";"51560306";"5156";8;"Gutt";"VGS";49,42491;-1,16685
"3224";"Spania";"51560307";"5156";8;"Gutt";"Kort utdanning";40,85939;0,01334
"3225";"Spania";"51560308";"5156";8;"Jente";"Høyere utdanning";65,704;0,37849
"3226";"Spania";"51560309";"5156";8;"Gutt";"VGS";39,29989;1,49832
"3227";"Spania";"51560310";"5156";8;"Jente";"VGS";65,704;-1,12709
"3228";"Spania";"51560311";"5156";8;"Jente";"VGS";65,704;1,19796
"3229";"Spania";"51560312";"5156";8;"Jente";"Høyere utdanning";44,59585;0,28656
"3230";"Spania";"51560313";"5156";8;"Jente";"Høyere utdanning";65,704;0,83723
"3231";"Spania";"51560314";"5156";8;"Jente";"Høyere utdanning";65,704;0,76214
"3232";"Spania";"51560315";"5156";8;"Gutt";"Høyere utdanning";37,63793;-1,01666
"3233";"Spania";"51560316";"5156";8;"Gutt";"VGS";57,13913;1,11829
"3234";"Spania";"51560317";"5156";8;"Jente";"Kort utdanning";65,704;0,2931
"3235";"Spania";"51560318";"5156";8;"Gutt";"Høyere utdanning";65,704;-0,63512
"3236";"Spania";"51560319";"5156";8;"Gutt";"Kort utdanning";52,66245;-0,15744
"3237";"Spania";"51560320";"5156";8;"Gutt";"Høyere utdanning";46,81653;-0,60588
"3238";"Spania";"51560321";"5156";8;"Gutt";"Kort utdanning";36,11853;0,33873
"3239";"Spania";"51560323";"5156";8;"Annet";"VGS";57,13913;-1,58583
"3240";"Spania";"51560324";"5156";8;"Jente";"Høyere utdanning";65,704;-1,68595
"3241";"Spania";"51560325";"5156";8;"Jente";"Høyere utdanning";44,74846;-2,33674
"3242";"Spania";"51570202";"5157";8;"Jente";"VGS";65,704;-0,01988
"3243";"Spania";"51570203";"5157";8;"Jente";"Kort utdanning";44,59585;0,76425
"3244";"Spania";"51570204";"5157";8;"Jente";"Høyere utdanning";65,704;-1,52547
"3245";"Spania";"51570205";"5157";8;"Annet";"Ungdomsskole";15,93837;-0,10949
"3246";"Spania";"51570206";"5157";8;"Jente";"Høyere utdanning";57,13913;0,12608
"3247";"Spania";"51570207";"5157";8;"Jente";"Kort utdanning";65,704;-1,06462
"3248";"Spania";"51570208";"5157";8;"Jente";"Kort utdanning";65,704;0,89759
"3249";"Spania";"51570209";"5157";8;"Jente";"Høyere utdanning";65,704;1,03747
"3250";"Spania";"51570210";"5157";8;"Jente";"Høyere utdanning";65,704;1,49832
"3251";"Spania";"51570211";"5157";8;"Gutt";"Høyere utdanning";52,66245;1,37317
"3252";"Spania";"51570212";"5157";8;"Gutt";"Høyere utdanning";57,13913;-0,86648
"3253";"Spania";"51570213";"5157";8;"Gutt";"VGS";42,6371;1,01357
"3254";"Spania";"51570214";"5157";8;"Gutt";"Høyere utdanning";65,704;0,38668
"3255";"Spania";"51570215";"5157";8;"Jente";"Høyere utdanning";65,704;1,47329
"3256";"Spania";"51570216";"5157";8;"Jente";"Høyere utdanning";65,704;-1,37739
"3257";"Spania";"51570217";"5157";8;"Gutt";"Ungdomsskole";42,6371;0,71419
"3258";"Spania";"51570218";"5157";8;"Jente";"Høyere utdanning";65,704;-1,47751
"3259";"Spania";"51570219";"5157";8;"Gutt";"Kort utdanning";40,85939;1,52335
"3260";"Spania";"51570220";"5157";8;"Gutt";"Høyere utdanning";37,63793;-0,52868
"3261";"Spania";"51570221";"5157";8;"Jente";"VGS";65,704;-1,01456
"3262";"Spania";"51570222";"5157";8;"Gutt";"VGS";39,20663;-1,64501
"3263";"Spania";"51570224";"5157";8;"Jente";"Høyere utdanning";52,66245;-0,43066
"3264";"Spania";"51570225";"5157";8;"Gutt";"Kort utdanning";65,704;0,10316
"3265";"Spania";"51570226";"5157";8;"Jente";"VGS";65,704;-1,36498
"3266";"Spania";"51570229";"5157";8;"Gutt";"VGS";40,85939;0,46178
"3267";"Spania";"51570230";"5157";8;"Gutt";"Høyere utdanning";57,13913;1,37317
"3268";"Spania";"51570232";"5157";8;"Gutt";"VGS";40,15258;-1,76104
"3269";"Spania";"51580301";"5158";8;"Gutt";"Kort utdanning";65,704;0,66202
"3270";"Spania";"51580302";"5158";8;"Gutt";"VGS";49,42491;1,09784
"3271";"Spania";"51580303";"5158";8;"Gutt";"Høyere utdanning";65,704;0,66202
"3272";"Spania";"51580304";"5158";8;"Jente";"Høyere utdanning";65,704;0,62879
"3273";"Spania";"51580305";"5158";8;"Jente";"Kort utdanning";65,704;1,11256
"3274";"Spania";"51580306";"5158";8;"Jente";"VGS";65,704;-0,32844
"3275";"Spania";"51580307";"5158";8;"Gutt";"Høyere utdanning";44,59585;0,564
"3276";"Spania";"51580308";"5158";8;"Jente";"Høyere utdanning";65,704;0,3806
"3277";"Spania";"51580309";"5158";8;"Gutt";"Høyere utdanning";57,13913;-1,01666
"3278";"Spania";"51580310";"5158";8;"Jente";"Høyere utdanning";43,47529;0,28048
"3279";"Spania";"51580311";"5158";8;"Jente";"VGS";49,42491;0,28048
"3280";"Spania";"51580312";"5158";8;"Jente";"VGS";65,704;0,66202
"3281";"Spania";"51580313";"5158";8;"Jente";"VGS";65,704;0,47861
"3282";"Spania";"51580314";"5158";8;"Jente";"Høyere utdanning";65,704;-0,27018
"3283";"Spania";"51580315";"5158";8;"Jente";"Høyere utdanning";46,81653;1,13759
"3284";"Spania";"51580316";"5158";8;"Gutt";"Kort utdanning";65,704;1,01244
"3285";"Spania";"51580317";"5158";8;"Gutt";"Høyere utdanning";65,704;1,49832
"3286";"Spania";"51580318";"5158";8;"Jente";"Høyere utdanning";65,704;0,564
"3287";"Spania";"51580319";"5158";8;"Jente";"Høyere utdanning";65,704;1,49832
"3288";"Spania";"51580320";"5158";8;"Jente";"Høyere utdanning";65,704;-0,53079
"3289";"Spania";"51580321";"5158";8;"Jente";"Høyere utdanning";52,66245;-0,75606
"3290";"Spania";"51580323";"5158";8;"Jente";"Høyere utdanning";65,704;-0,81431
"3291";"Spania";"51580324";"5158";8;"Gutt";"Kort utdanning";33,11239;1,56311
"3292";"Spania";"51580326";"5158";8;"Gutt";"Kort utdanning";42,6371;1,56311
"3293";"Spania";"51580327";"5158";8;"Jente";"Høyere utdanning";65,704;1,13759
"3294";"Spania";"51580328";"5158";8;"Gutt";"Høyere utdanning";49,42491;-1,04169
"3295";"Spania";"51580329";"5158";8;"Gutt";"VGS";42,6371;1,62347
"3296";"Spania";"51580330";"5158";8;"Gutt";"Høyere utdanning";42,6371;1,24802
"3297";"Spania";"51590501";"5159";8;"Jente";"Ungdomsskole";15,93837;-0,73922
"3298";"Spania";"51590503";"5159";8;"Gutt";"Kort utdanning";65,704;0,66202
"3299";"Spania";"51590504";"5159";8;"Jente";"VGS";65,704;-0,68307
"3300";"Spania";"51590505";"5159";8;"Gutt";"Ungdomsskole";42,6371;-1,52757
"3301";"Spania";"51590506";"5159";8;"Gutt";"Kort utdanning";25,77277;0,05099
"3302";"Spania";"51590508";"5159";8;"Jente";"VGS";65,12546;-0,68916
"3303";"Spania";"51590509";"5159";8;"Jente";"VGS";65,704;-0,17217
"3304";"Spania";"51590510";"5159";8;"Jente";"VGS";57,13913;-0,93947
"3305";"Spania";"51590511";"5159";8;"Gutt";"VGS";42,6371;-0,41594
"3306";"Spania";"51590512";"5159";8;"Gutt";"VGS";44,59585;-0,99163
"3307";"Spania";"51590513";"5159";8;"Jente";"Høyere utdanning";65,704;-0,09497
"3308";"Spania";"51590514";"5159";8;"Jente";"VGS";65,704;-0,46389
"3309";"Spania";"51590515";"5159";8;"Jente";"Høyere utdanning";65,704;-0,75606
"3310";"Spania";"51590516";"5159";8;"Jente";"Høyere utdanning";65,704;0,8122
"3311";"Spania";"51590517";"5159";8;"Gutt";"Høyere utdanning";65,704;1,34814
"3312";"Spania";"51590518";"5159";8;"Gutt";"Høyere utdanning";57,13913;0,38668
"3313";"Spania";"51590519";"5159";8;"Gutt";"VGS";49,42491;-0,4578
"3314";"Spania";"51590520";"5159";8;"Gutt";"VGS";40,85939;-1,22721
"3315";"Spania";"51600202";"5160";8;"Jente";"Høyere utdanning";65,704;1,11256
"3316";"Spania";"51600204";"5160";8;"Jente";"Ungdomsskole";65,704;1,34814
"3317";"Spania";"51600205";"5160";8;"Gutt";"Høyere utdanning";37,63793;0,82904
"3318";"Spania";"51600206";"5160";8;"Gutt";"Høyere utdanning";65,704;1,48802
"3319";"Spania";"51600207";"5160";8;"Gutt";"Høyere utdanning";52,66245;1,47329
"3320";"Spania";"51600208";"5160";8;"Jente";"Høyere utdanning";52,66245;0,73711
"3321";"Spania";"51600209";"5160";8;"Jente";"Ungdomsskole";49,42491;1,57341
"3322";"Spania";"51600211";"5160";8;"Gutt";"Høyere utdanning";65,704;0,70178
"3323";"Spania";"51600212";"5160";8;"Jente";"Høyere utdanning";57,13913;-0,98735
"3324";"Spania";"51600213";"5160";8;"Jente";"Høyere utdanning";65,704;1,49832
"3325";"Spania";"51600214";"5160";8;"Jente";"Ungdomsskole";65,704;0,42855
"3326";"Spania";"51600215";"5160";8;"Jente";"Høyere utdanning";65,704;0,94765
"3327";"Spania";"51600216";"5160";8;"Jente";"Høyere utdanning";65,704;0,96238
"3328";"Spania";"51600217";"5160";8;"Annet";"Høyere utdanning";65,704;1,94887
"3329";"Spania";"51600218";"5160";8;"Gutt";"Høyere utdanning";52,66245;0,28867
"3330";"Spania";"51600219";"5160";8;"Gutt";"Høyere utdanning";42,6371;1,94887
"3331";"Spania";"51600220";"5160";8;"Annet";"Ungdomsskole";39,20663;0,48681
"3332";"Spania";"51600221";"5160";8;"Jente";"Høyere utdanning";65,704;1,37317
"3333";"Spania";"51600222";"5160";8;"Gutt";"Høyere utdanning";46,81653;0,86226
"3334";"Spania";"51600223";"5160";8;"Gutt";"Høyere utdanning";49,42491;1,04777
"3335";"Spania";"51600225";"5160";8;"Jente";"Høyere utdanning";65,704;0,80726
"3336";"Spania";"51600226";"5160";8;"Jente";"Høyere utdanning";65,704;1,84874
"3337";"Spania";"51600228";"5160";8;"Jente";"Høyere utdanning";33,11239;0,7916
"3338";"Spania";"51600229";"5160";8;"Jente";"Ungdomsskole";39,20663;-1,13971
"3339";"Norge";"50010101";"5001";9;"Gutt";"VGS";49,42491;-0,19319
"3340";"Norge";"50010103";"5001";9;"Gutt";"Høyere utdanning";44,59585;-0,00542
"3341";"Norge";"50010104";"5001";9;"Gutt";"Ungdomsskole";37,63793;-0,90487
"3342";"Norge";"50010105";"5001";9;"Jente";"Kort utdanning";65,704;0,50591
"3343";"Norge";"50010106";"5001";9;"Gutt";"VGS";40,85939;0,3622
"3344";"Norge";"50010107";"5001";9;"Gutt";"VGS";44,59585;0,42193
"3345";"Norge";"50010108";"5001";9;"Gutt";"VGS";44,59585;-0,00542
"3346";"Norge";"50010109";"5001";9;"Gutt";"VGS";39,20663;-1,7461
"3347";"Norge";"50020101";"5002";9;"Gutt";"Kort utdanning";57,13913;-0,10922
"3348";"Norge";"50020102";"5002";9;"Jente";"Ungdomsskole";65,704;0,41818
"3349";"Norge";"50020103";"5002";9;"Jente";"Kort utdanning";46,81653;0,41818
"3350";"Norge";"50020104";"5002";9;"Jente";"Kort utdanning";37,63793;0,95376
"3351";"Norge";"50020105";"5002";9;"Jente";"Høyere utdanning";65,704;-0,64479
"3352";"Norge";"50020106";"5002";9;"Jente";"Høyere utdanning";57,13913;0,58988
"3353";"Norge";"50020107";"5002";9;"Gutt";"VGS";37,63793;-0,33689
"3354";"Norge";"50020108";"5002";9;"Jente";"Ungdomsskole";41,30992;0,47417
"3355";"Norge";"50020109";"5002";9;"Gutt";"VGS";36,11853;-1,20448
"3356";"Norge";"50020111";"5002";9;"Jente";"Kort utdanning";65,704;-0,0539
"3357";"Norge";"50020112";"5002";9;"Gutt";"Kort utdanning";65,704;0,36595
"3358";"Norge";"50020113";"5002";9;"Jente";"Ungdomsskole";65,704;-1,59582
"3359";"Norge";"50020114";"5002";9;"Gutt";"Høyere utdanning";44,59585;-0,86568
"3360";"Norge";"50020115";"5002";9;"Gutt";"Høyere utdanning";37,63793;-1,41298
"3361";"Norge";"50020116";"5002";9;"Gutt";"VGS";37,63793;-1,20902
"3362";"Norge";"50020119";"5002";9;"Jente";"Høyere utdanning";65,704;0,08229
"3363";"Norge";"50020120";"5002";9;"Gutt";"Høyere utdanning";44,59585;-0,05765
"3364";"Norge";"50020123";"5002";9;"Gutt";"Høyere utdanning";37,63793;0,08229
"3365";"Norge";"50020124";"5002";9;"Jente";"VGS";37,63793;-1,23635
"3366";"Norge";"50020126";"5002";9;"Gutt";"VGS";37,63793;0,12758
"3367";"Norge";"50020127";"5002";9;"Gutt";"Kort utdanning";65,704;-0,9247
"3368";"Norge";"50020201";"5002";9;"Jente";"Ungdomsskole";49,42491;-0,3693
"3369";"Norge";"50020202";"5002";9;"Gutt";"Kort utdanning";42,6371;-0,73318
"3370";"Norge";"50020203";"5002";9;"Jente";"Ungdomsskole";65,704;0,89778
"3371";"Norge";"50020204";"5002";9;"Gutt";"Høyere utdanning";40,85939;-0,33248
"3372";"Norge";"50020205";"5002";9;"Jente";"Ungdomsskole";65,704;0,92577
"3373";"Norge";"50020206";"5002";9;"Jente";"VGS";37,63793;-0,16454
"3374";"Norge";"50020208";"5002";9;"Gutt";"VGS";57,13913;0,08745
"3375";"Norge";"50020209";"5002";9;"Gutt";"Kort utdanning";37,63793;0,00274
"3376";"Norge";"50020210";"5002";9;"Gutt";"Høyere utdanning";49,42491;0,72608
"3377";"Norge";"50020211";"5002";9;"Jente";"Ungdomsskole";37,63793;0,33421
"3378";"Norge";"50020212";"5002";9;"Gutt";"Ungdomsskole";57,13913;1,03773
"3379";"Norge";"50020213";"5002";9;"Gutt";"VGS";37,63793;-0,92911
"3380";"Norge";"50020214";"5002";9;"Gutt";"Kort utdanning";37,63793;-0,05765
"3381";"Norge";"50020215";"5002";9;"Jente";"Høyere utdanning";65,704;0,33796
"3382";"Norge";"50020216";"5002";9;"Jente";"Høyere utdanning";65,704;0,89778
"3383";"Norge";"50020217";"5002";9;"Jente";"Høyere utdanning";46,81653;-0,22118
"3384";"Norge";"50020218";"5002";9;"Gutt";"VGS";15,93837;0,8418
"3385";"Norge";"50020219";"5002";9;"Jente";"Høyere utdanning";57,13913;0,78581
"3386";"Norge";"50020221";"5002";9;"Jente";"Høyere utdanning";49,42491;0,89778
"3387";"Norge";"50020222";"5002";9;"Gutt";"Ungdomsskole";37,63793;-0,20135
"3388";"Norge";"50020223";"5002";9;"Gutt";"Ungdomsskole";34,6202;-0,82024
"3389";"Norge";"50020225";"5002";9;"Jente";"Høyere utdanning";65,704;0,08229
"3390";"Norge";"50020226";"5002";9;"Jente";"Høyere utdanning";65,704;0,81381
"3391";"Norge";"50030101";"5003";9;"Gutt";"Høyere utdanning";65,704;0,41818
"3392";"Norge";"50030103";"5003";9;"Gutt";"Høyere utdanning";46,81653;0,05805
"3393";"Norge";"50030104";"5003";9;"Jente";"Høyere utdanning";65,704;0,64586
"3394";"Norge";"50030105";"5003";9;"Gutt";"Høyere utdanning";65,704;0,08605
"3395";"Norge";"50030106";"5003";9;"Jente";"Kort utdanning";65,704;0,61787
"3396";"Norge";"50030107";"5003";9;"Jente";"Høyere utdanning";65,704;1,31764
"3397";"Norge";"50030108";"5003";9;"Gutt";"Høyere utdanning";65,704;0,30622
"3398";"Norge";"50030109";"5003";9;"Jente";"Kort utdanning";65,704;-0,19694
"3399";"Norge";"50030110";"5003";9;"Jente";"Høyere utdanning";65,704;0,44993
"3400";"Norge";"50030111";"5003";9;"Jente";"Høyere utdanning";65,704;0,28264
"3401";"Norge";"50030401";"5003";9;"Jente";"Høyere utdanning";65,704;1,14594
"3402";"Norge";"50030403";"5003";9;"Gutt";"Høyere utdanning";57,13913;1,31764
"3403";"Norge";"50030404";"5003";9;"Jente";"Høyere utdanning";65,704;0,58988
"3404";"Norge";"50030405";"5003";9;"Jente";"VGS";57,13913;0,16627
"3405";"Norge";"50030406";"5003";9;"Jente";"Høyere utdanning";49,42491;0,47417
"3406";"Norge";"50030409";"5003";9;"Annet";"Høyere utdanning";37,63793;1,14594
"3407";"Norge";"50030410";"5003";9;"Jente";"Ungdomsskole";65,704;1,31764
"3408";"Norge";"50030411";"5003";9;"Jente";"Høyere utdanning";65,704;0,92577
"3409";"Norge";"50030414";"5003";9;"Jente";"Høyere utdanning";65,704;0,72608
"3410";"Norge";"50040302";"5004";9;"Jente";"Høyere utdanning";65,704;1,65353
"3411";"Norge";"50040305";"5004";9;"Annet";"VGS";57,13913;-1,59515
"3412";"Norge";"50040306";"5004";9;"Gutt";"VGS";39,20663;1,27817
"3413";"Norge";"50040307";"5004";9;"Gutt";"Høyere utdanning";40,85939;0,05055
"3414";"Norge";"50040308";"5004";9;"Gutt";"Høyere utdanning";52,66245;0,08229
"3415";"Norge";"50040309";"5004";9;"Gutt";"VGS";37,63793;-0,70894
"3416";"Norge";"50040310";"5004";9;"Gutt";"Høyere utdanning";65,704;1,03773
"3417";"Norge";"50040312";"5004";9;"Jente";"VGS";65,704;-0,44444
"3418";"Norge";"50040315";"5004";9;"Gutt";"Kort utdanning";65,704;-0,81274
"3419";"Norge";"50040316";"5004";9;"Jente";"Høyere utdanning";65,704;-0,3693
"3420";"Norge";"50040318";"5004";9;"Gutt";"VGS";40,85939;0,30622
"3421";"Norge";"50040319";"5004";9;"Gutt";"Kort utdanning";37,63793;0,50657
"3422";"Norge";"50040320";"5004";9;"Jente";"Høyere utdanning";65,704;-2,04742
"3423";"Norge";"50040322";"5004";9;"Gutt";"VGS";40,85939;-0,33248
"3424";"Norge";"50040324";"5004";9;"Jente";"Ungdomsskole";65,704;1,59755
"3425";"Norge";"50040325";"5004";9;"Gutt";"Høyere utdanning";65,704;0,64211
"3426";"Norge";"50040701";"5004";9;"Jente";"Høyere utdanning";65,704;0,83805
"3427";"Norge";"50040702";"5004";9;"Gutt";"Høyere utdanning";52,66245;1,09371
"3428";"Norge";"50040703";"5004";9;"Gutt";"Kort utdanning";37,63793;-1,15238
"3429";"Norge";"50040704";"5004";9;"Gutt";"Ungdomsskole";52,66245;0,08229
"3430";"Norge";"50040705";"5004";9;"Jente";"Kort utdanning";65,704;-0,14096
"3431";"Norge";"50040706";"5004";9;"Jente";"Kort utdanning";65,704;1,03773
"3432";"Norge";"50040707";"5004";9;"Gutt";"Høyere utdanning";42,6371;0,27823
"3433";"Norge";"50040708";"5004";9;"Jente";"Høyere utdanning";65,704;0,89778
"3434";"Norge";"50040709";"5004";9;"Gutt";"Kort utdanning";49,42491;-0,36864
"3435";"Norge";"50040710";"5004";9;"Jente";"Høyere utdanning";65,704;0,56189
"3436";"Norge";"50040711";"5004";9;"Jente";"Høyere utdanning";65,704;0,50591
"3437";"Norge";"50040712";"5004";9;"Jente";"Høyere utdanning";57,13913;-1,48827
"3438";"Norge";"50040713";"5004";9;"Jente";"Høyere utdanning";65,704;-0,513
"3439";"Norge";"50040714";"5004";9;"Gutt";"Ungdomsskole";65,704;-1,63131
"3440";"Norge";"50040715";"5004";9;"Gutt";"Kort utdanning";43,47529;-1,14796
"3441";"Norge";"50040716";"5004";9;"Gutt";"Kort utdanning";44,59585;-1,04041
"3442";"Norge";"50040717";"5004";9;"Gutt";"Høyere utdanning";52,66245;0,95376
"3443";"Norge";"50040718";"5004";9;"Jente";"Kort utdanning";65,704;-0,1652
"3444";"Norge";"50040719";"5004";9;"Gutt";"Høyere utdanning";37,63793;-0,87688
"3445";"Norge";"50040720";"5004";9;"Gutt";"Kort utdanning";65,704;1,26166
"3446";"Norge";"50040721";"5004";9;"Jente";"Høyere utdanning";65,704;-0,42903
"3447";"Norge";"50040722";"5004";9;"Jente";"Kort utdanning";65,704;1,26166
"3448";"Norge";"50040723";"5004";9;"Jente";"Høyere utdanning";65,704;0,02256
"3449";"Norge";"50040724";"5004";9;"Gutt";"Høyere utdanning";52,66245;-1,93987
"3450";"Norge";"50040725";"5004";9;"Gutt";"Høyere utdanning";65,704;1,40161
"3451";"Norge";"50040726";"5004";9;"Jente";"Høyere utdanning";65,704;0,89778
"3452";"Norge";"50040727";"5004";9;"Jente";"Ungdomsskole";65,704;-1,43604
"3453";"Norge";"50060103";"5006";9;"Gutt";"Høyere utdanning";46,81653;1,14969
"3454";"Norge";"50060104";"5006";9;"Gutt";"Høyere utdanning";49,42491;-0,59322
"3455";"Norge";"50060105";"5006";9;"Gutt";"VGS";37,63793;-1,57599
"3456";"Norge";"50060106";"5006";9;"Jente";"Høyere utdanning";65,704;1,00974
"3457";"Norge";"50060107";"5006";9;"Gutt";"Kort utdanning";52,66245;0,41818
"3458";"Norge";"50060108";"5006";9;"Jente";"Kort utdanning";65,704;0,41818
"3459";"Norge";"50060109";"5006";9;"Gutt";"VGS";49,42491;1,1217
"3460";"Norge";"50060110";"5006";9;"Gutt";"Høyere utdanning";65,704;0,72786
"3461";"Norge";"50060111";"5006";9;"Gutt";"VGS";52,66245;1,03773
"3462";"Norge";"50060112";"5006";9;"Gutt";"Høyere utdanning";65,704;1,09371
"3463";"Norge";"50060113";"5006";9;"Jente";"Høyere utdanning";65,704;-3,05443
"3464";"Norge";"50060115";"5006";9;"Jente";"Høyere utdanning";36,11853;-1,38005
"3465";"Norge";"50060117";"5006";9;"Gutt";"Høyere utdanning";49,42491;-1,48385
"3466";"Norge";"50060120";"5006";9;"Annet";"VGS";42,6371;0,89778
"3467";"Norge";"50060121";"5006";9;"Jente";"Kort utdanning";52,66245;-0,48126
"3468";"Norge";"50060122";"5006";9;"Jente";"Høyere utdanning";65,704;-0,33314
"3469";"Norge";"50060124";"5006";9;"Gutt";"Kort utdanning";52,66245;-1,45211
"3470";"Norge";"50060126";"5006";9;"Gutt";"VGS";37,63793;0,41818
"3471";"Norge";"50060127";"5006";9;"Jente";"Kort utdanning";57,13913;1,1217
"3472";"Norge";"50060301";"5006";9;"Gutt";"Ungdomsskole";36,11853;-1,07282
"3473";"Norge";"50060302";"5006";9;"Jente";"Høyere utdanning";65,704;0,72983
"3474";"Norge";"50060303";"5006";9;"Jente";"VGS";42,6371;-1,74018
"3475";"Norge";"50060304";"5006";9;"Gutt";"Ungdomsskole";37,63793;-0,44713
"3476";"Norge";"50060305";"5006";9;"Jente";"Høyere utdanning";65,704;-1,57158
"3477";"Norge";"50060306";"5006";9;"Jente";"Høyere utdanning";65,704;1,1217
"3478";"Norge";"50060307";"5006";9;"Gutt";"Kort utdanning";52,66245;0,17068
"3479";"Norge";"50060309";"5006";9;"Jente";"Høyere utdanning";65,704;0,41818
"3480";"Norge";"50060310";"5006";9;"Jente";"Høyere utdanning";65,704;-0,68433
"3481";"Norge";"50060313";"5006";9;"Jente";"Høyere utdanning";65,704;1,56956
"3482";"Norge";"50060314";"5006";9;"Jente";"Høyere utdanning";65,704;-1,15238
"3483";"Norge";"50060315";"5006";9;"Gutt";"VGS";29,89724;-0,64479
"3484";"Norge";"50060316";"5006";9;"Jente";"Høyere utdanning";65,704;1,31764
"3485";"Norge";"50060317";"5006";9;"Jente";"Høyere utdanning";65,704;0,8418
"3486";"Norge";"50060319";"5006";9;"Jente";"VGS";65,704;0,41068
"3487";"Norge";"50060320";"5006";9;"Gutt";"Kort utdanning";37,63793;-1,40429
"3488";"Norge";"50060321";"5006";9;"Jente";"Høyere utdanning";65,704;0,70184
"3489";"Norge";"50060323";"5006";9;"Jente";"Høyere utdanning";65,704;-0,14537
"3490";"Norge";"50060324";"5006";9;"Gutt";"VGS";38,06981;-0,9247
"3491";"Norge";"50060325";"5006";9;"Gutt";"Høyere utdanning";65,704;0,89778
"3492";"Norge";"50060326";"5006";9;"Gutt";"VGS";52,66245;-0,64921
"3493";"Norge";"50060327";"5006";9;"Gutt";"Høyere utdanning";37,63793;-0,6168
"3494";"Norge";"50070201";"5007";9;"Gutt";"Høyere utdanning";52,66245;1,56956
"3495";"Norge";"50070202";"5007";9;"Annet";"Ungdomsskole";65,704;-0,0539
"3496";"Norge";"50070203";"5007";9;"Jente";"VGS";65,704;0,92577
"3497";"Norge";"50070204";"5007";9;"Gutt";"Høyere utdanning";52,66245;1,14594
"3498";"Norge";"50070205";"5007";9;"Gutt";"Høyere utdanning";39,20663;0,61412
"3499";"Norge";"50070206";"5007";9;"Gutt";"VGS";57,13913;1,12237
"3500";"Norge";"50070207";"5007";9;"Jente";"Høyere utdanning";65,704;-0,05765
"3501";"Norge";"50070208";"5007";9;"Gutt";"Kort utdanning";65,704;0,89778
"3502";"Norge";"50070209";"5007";9;"Gutt";"Høyere utdanning";65,704;1,28965
"3503";"Norge";"50070210";"5007";9;"Annet";"Ungdomsskole";65,704;-0,2436
"3504";"Norge";"50070211";"5007";9;"Gutt";"Høyere utdanning";44,59585;0,50216
"3505";"Norge";"50070212";"5007";9;"Jente";"Høyere utdanning";65,704;1,14969
"3506";"Norge";"50070215";"5007";9;"Jente";"Høyere utdanning";65,704;1,28965
"3507";"Norge";"50070216";"5007";9;"Gutt";"VGS";42,6371;-0,22493
"3508";"Norge";"50070217";"5007";9;"Jente";"Høyere utdanning";65,704;0,05872
"3509";"Norge";"50070218";"5007";9;"Gutt";"Høyere utdanning";46,81653;1,14969
"3510";"Norge";"50070219";"5007";9;"Gutt";"Høyere utdanning";65,704;1,03773
"3511";"Norge";"50070220";"5007";9;"Gutt";"Høyere utdanning";37,63793;0,64586
"3512";"Norge";"50070221";"5007";9;"Gutt";"VGS";44,59585;-0,05765
"3513";"Norge";"50070222";"5007";9;"Jente";"Kort utdanning";65,704;0,39019
"3514";"Norge";"50070223";"5007";9;"Gutt";"Høyere utdanning";57,13913;1,34563
"3515";"Norge";"50070224";"5007";9;"Jente";"Høyere utdanning";65,704;1,68152
"3516";"Norge";"50070225";"5007";9;"Gutt";"Høyere utdanning";39,20663;0,8418
"3517";"Norge";"50070226";"5007";9;"Gutt";"Høyere utdanning";52,66245;0,8418
"3518";"Norge";"50070227";"5007";9;"Jente";"Høyere utdanning";65,704;1,17769
"3519";"Norge";"50070301";"5007";9;"Jente";"Høyere utdanning";65,704;0,8418
"3520";"Norge";"50070302";"5007";9;"Gutt";"VGS";37,63793;-0,11738
"3521";"Norge";"50070303";"5007";9;"Gutt";"VGS";49,42491;0,36595
"3522";"Norge";"50070304";"5007";9;"Jente";"Høyere utdanning";65,704;0,47792
"3523";"Norge";"50070305";"5007";9;"Gutt";"Høyere utdanning";65,704;0,61853
"3524";"Norge";"50070307";"5007";9;"Jente";"Høyere utdanning";65,704;0,95376
"3525";"Norge";"50070308";"5007";9;"Jente";"VGS";57,13913;0,75782
"3526";"Norge";"50070310";"5007";9;"Jente";"VGS";65,704;-0,42903
"3527";"Norge";"50070311";"5007";9;"Jente";"Høyere utdanning";65,704;-0,08123
"3528";"Norge";"50070312";"5007";9;"Gutt";"Kort utdanning";46,81653;0,3622
"3529";"Norge";"50070313";"5007";9;"Gutt";"VGS";57,13913;0,89778
"3530";"Norge";"50070314";"5007";9;"Gutt";"Høyere utdanning";57,13913;1,00974
"3531";"Norge";"50070315";"5007";9;"Jente";"Høyere utdanning";65,704;0,70184
"3532";"Norge";"50070316";"5007";9;"Gutt";"Høyere utdanning";42,6371;1,26166
"3533";"Norge";"50070318";"5007";9;"Gutt";"Høyere utdanning";65,704;1,00974
"3534";"Norge";"50070319";"5007";9;"Gutt";"Kort utdanning";65,704;0,6701
"3535";"Norge";"50070320";"5007";9;"Jente";"Høyere utdanning";65,704;1,03773
"3536";"Norge";"50070322";"5007";9;"Gutt";"Høyere utdanning";42,6371;1,14969
"3537";"Norge";"50070323";"5007";9;"Gutt";"Høyere utdanning";65,704;1,00974
"3538";"Norge";"50070326";"5007";9;"Jente";"VGS";57,13913;-0,64479
"3539";"Norge";"50090101";"5009";9;"Gutt";"Høyere utdanning";44,59585;0,53015
"3540";"Norge";"50090102";"5009";9;"Gutt";"Høyere utdanning";52,66245;0,50591
"3541";"Norge";"50090103";"5009";9;"Jente";"VGS";65,704;1,31764
"3542";"Norge";"50090104";"5009";9;"Jente";"Kort utdanning";65,704;-0,83698
"3543";"Norge";"50090105";"5009";9;"Gutt";"Kort utdanning";37,63793;-0,44511
"3544";"Norge";"50090107";"5009";9;"Gutt";"Ungdomsskole";37,63793;-1,2077
"3545";"Norge";"50090108";"5009";9;"Gutt";"Høyere utdanning";49,42491;0,64586
"3546";"Norge";"50090109";"5009";9;"Jente";"VGS";65,704;-1,54425
"3547";"Norge";"50090110";"5009";9;"Annet";"Ungdomsskole";46,81653;-1,18412
"3548";"Norge";"50090111";"5009";9;"Jente";"Høyere utdanning";65,704;0,95376
"3549";"Norge";"50090112";"5009";9;"Jente";"VGS";65,704;0,39461
"3550";"Norge";"50090114";"5009";9;"Jente";"Høyere utdanning";52,66245;0,36595
"3551";"Norge";"50090115";"5009";9;"Jente";"VGS";65,704;-0,36047
"3552";"Norge";"50090116";"5009";9;"Gutt";"Høyere utdanning";49,42491;-0,19694
"3553";"Norge";"50090117";"5009";9;"Gutt";"Høyere utdanning";42,6371;0,22225
"3554";"Norge";"50090118";"5009";9;"Jente";"VGS";52,66245;-1,31591
"3555";"Norge";"50090119";"5009";9;"Gutt";"Ungdomsskole";37,63793;0,67385
"3556";"Norge";"50090120";"5009";9;"Gutt";"Kort utdanning";65,704;-0,48126
"3557";"Norge";"50090301";"5009";9;"Jente";"VGS";65,704;-0,6168
"3558";"Norge";"50090302";"5009";9;"Gutt";"Kort utdanning";65,704;0,25024
"3559";"Norge";"50090303";"5009";9;"Gutt";"Ungdomsskole";65,704;-0,11363
"3560";"Norge";"50090304";"5009";9;"Jente";"Høyere utdanning";65,704;0,36595
"3561";"Norge";"50090305";"5009";9;"Jente";"VGS";65,704;-0,08123
"3562";"Norge";"50090306";"5009";9;"Jente";"Høyere utdanning";65,704;-1,06024
"3563";"Norge";"50090307";"5009";9;"Jente";"Høyere utdanning";65,704;0,89778
"3564";"Norge";"50090308";"5009";9;"Jente";"Høyere utdanning";52,66245;0,65462
"3565";"Norge";"50090309";"5009";9;"Jente";"Høyere utdanning";65,704;1,06572
"3566";"Norge";"50090310";"5009";9;"Jente";"Høyere utdanning";65,704;1,26166
"3567";"Norge";"50090311";"5009";9;"Gutt";"VGS";65,704;1,17769
"3568";"Norge";"50090312";"5009";9;"Jente";"Høyere utdanning";65,704;0,50591
"3569";"Norge";"50090313";"5009";9;"Gutt";"VGS";37,63793;-0,02783
"3570";"Norge";"50090314";"5009";9;"Jente";"VGS";49,42491;-0,08123
"3571";"Norge";"50090315";"5009";9;"Jente";"Høyere utdanning";49,42491;-0,53283
"3572";"Norge";"50090317";"5009";9;"Gutt";"Høyere utdanning";49,42491;0,95376
"3573";"Norge";"50090318";"5009";9;"Gutt";"Ungdomsskole";49,42491;0,47417
"3574";"Norge";"50090319";"5009";9;"Gutt";"Høyere utdanning";65,704;0,55814
"3575";"Norge";"50090320";"5009";9;"Gutt";"Kort utdanning";37,63793;-0,30957
"3576";"Norge";"50090321";"5009";9;"Gutt";"Kort utdanning";42,6371;0,41818
"3577";"Norge";"50090322";"5009";9;"Gutt";"VGS";46,81653;-0,30957
"3578";"Norge";"50090323";"5009";9;"Jente";"Høyere utdanning";65,704;0,39019
"3579";"Norge";"50100101";"5010";9;"Gutt";"Høyere utdanning";49,42491;0,75407
"3580";"Norge";"50100102";"5010";9;"Gutt";"Kort utdanning";39,20663;0,61412
"3581";"Norge";"50100103";"5010";9;"Jente";"Kort utdanning";57,13913;-1,17596
"3582";"Norge";"50100104";"5010";9;"Jente";"Høyere utdanning";65,704;0,64586
"3583";"Norge";"50100105";"5010";9;"Gutt";"Kort utdanning";41,03779;-0,72075
"3584";"Norge";"50100106";"5010";9;"Jente";"Høyere utdanning";65,704;1,09371
"3585";"Norge";"50100108";"5010";9;"Jente";"Ungdomsskole";65,704;1,31764
"3586";"Norge";"50100109";"5010";9;"Gutt";"Høyere utdanning";44,59585;-0,59256
"3587";"Norge";"50100110";"5010";9;"Gutt";"Kort utdanning";52,66245;0,36595
"3588";"Norge";"50100111";"5010";9;"Jente";"VGS";65,704;0,41818
"3589";"Norge";"50100112";"5010";9;"Gutt";"Ungdomsskole";42,6371;0,58613
"3590";"Norge";"50100113";"5010";9;"Jente";"VGS";46,81653;-1,3439
"3591";"Norge";"50100114";"5010";9;"Jente";"Høyere utdanning";65,704;0,8418
"3592";"Norge";"50100115";"5010";9;"Jente";"Kort utdanning";42,6371;-0,08189
"3593";"Norge";"50100116";"5010";9;"Gutt";"VGS";34,6202;-0,92029
"3594";"Norge";"50100117";"5010";9;"Gutt";"VGS";39,20663;-1,12372
"3595";"Norge";"50100118";"5010";9;"Gutt";"Ungdomsskole";37,63793;-2,98495
"3596";"Norge";"50100119";"5010";9;"Jente";"Ungdomsskole";42,6371;0,02631
"3597";"Norge";"50100120";"5010";9;"Jente";"Kort utdanning";40,85939;-1,90747
"3598";"Norge";"50100122";"5010";9;"Jente";"Høyere utdanning";52,66245;-0,10922
"3599";"Norge";"50100124";"5010";9;"Jente";"Høyere utdanning";52,66245;0,08229
"3600";"Norge";"50100125";"5010";9;"Jente";"Høyere utdanning";57,13913;-0,47685
"3601";"Norge";"50100126";"5010";9;"Jente";"Høyere utdanning";65,704;0,72983
"3602";"Norge";"50100302";"5010";9;"Gutt";"VGS";31,55703;-1,37564
"3603";"Norge";"50100303";"5010";9;"Gutt";"Høyere utdanning";42,6371;-0,86872
"3604";"Norge";"50100304";"5010";9;"Jente";"Kort utdanning";49,42491;-1,99144
"3605";"Norge";"50100305";"5010";9;"Jente";"Høyere utdanning";65,704;0,36595
"3606";"Norge";"50100306";"5010";9;"Jente";"Høyere utdanning";65,704;1,68152
"3607";"Norge";"50100307";"5010";9;"Jente";"VGS";65,704;-0,42903
"3608";"Norge";"50100308";"5010";9;"Gutt";"Høyere utdanning";49,42491;0,02631
"3609";"Norge";"50100311";"5010";9;"Jente";"Kort utdanning";37,63793;-0,86806
"3610";"Norge";"50100312";"5010";9;"Gutt";"VGS";39,20663;1,03773
"3611";"Norge";"50100313";"5010";9;"Gutt";"Høyere utdanning";49,42491;0,89778
"3612";"Norge";"50100316";"5010";9;"Gutt";"Høyere utdanning";65,704;-0,05765
"3613";"Norge";"50100317";"5010";9;"Jente";"Kort utdanning";65,704;-0,20135
"3614";"Norge";"50100319";"5010";9;"Jente";"Høyere utdanning";65,704;0,67385
"3615";"Norge";"50100320";"5010";9;"Jente";"VGS";49,42491;-1,15304
"3616";"Norge";"50100321";"5010";9;"Jente";"Høyere utdanning";65,704;-1,43604
"3617";"Norge";"50100322";"5010";9;"Jente";"Høyere utdanning";65,704;0,56189
"3618";"Norge";"50100323";"5010";9;"Jente";"Høyere utdanning";65,704;-0,16586
"3619";"Norge";"50100325";"5010";9;"Jente";"Høyere utdanning";65,704;1,34563
"3620";"Norge";"50100326";"5010";9;"Gutt";"VGS";49,42491;-0,08056
"3621";"Norge";"50100327";"5010";9;"Jente";"VGS";65,704;-0,029
"3622";"Norge";"50100328";"5010";9;"Jente";"VGS";57,13913;-0,59114
"3623";"Norge";"50100329";"5010";9;"Gutt";"Ungdomsskole";35,71837;-0,28909
"3624";"Norge";"50100330";"5010";9;"Jente";"Høyere utdanning";65,704;-1,70337
"3625";"Norge";"50100332";"5010";9;"Jente";"Høyere utdanning";57,13913;0,95376
"3626";"Norge";"50120101";"5012";9;"Gutt";"Kort utdanning";49,42491;0,72608
"3627";"Norge";"50120102";"5012";9;"Jente";"Høyere utdanning";65,704;0,98175
"3628";"Norge";"50120103";"5012";9;"Jente";"Høyere utdanning";65,704;-1,17596
"3629";"Norge";"50120105";"5012";9;"Gutt";"Kort utdanning";37,63793;0,47417
"3630";"Norge";"50120106";"5012";9;"Gutt";"Høyere utdanning";37,72168;0,41818
"3631";"Norge";"50120107";"5012";9;"Gutt";"Høyere utdanning";65,704;1,17769
"3632";"Norge";"50120111";"5012";9;"Gutt";"Høyere utdanning";37,63793;0,3622
"3633";"Norge";"50120112";"5012";9;"Jente";"Kort utdanning";65,704;0,70184
"3634";"Norge";"50120114";"5012";9;"Jente";"Høyere utdanning";65,704;1,06572
"3635";"Norge";"50120115";"5012";9;"Jente";"Høyere utdanning";49,42491;0,25966
"3636";"Norge";"50120116";"5012";9;"Jente";"Ungdomsskole";65,704;-0,0539
"3637";"Norge";"50120122";"5012";9;"Jente";"Høyere utdanning";65,704;0,86979
"3638";"Norge";"50120124";"5012";9;"Jente";"Høyere utdanning";65,704;1,03773
"3639";"Norge";"50120125";"5012";9;"Jente";"Høyere utdanning";65,704;0,89778
"3640";"Norge";"50120126";"5012";9;"Jente";"Høyere utdanning";65,704;0,00274
"3641";"Norge";"50120127";"5012";9;"Gutt";"Høyere utdanning";37,63793;0,43123
"3642";"Norge";"50120128";"5012";9;"Jente";"Høyere utdanning";65,704;-0,25734
"3643";"Norge";"50120129";"5012";9;"Gutt";"Ungdomsskole";40,85939;0,41818
"3644";"Norge";"50120130";"5012";9;"Gutt";"Kort utdanning";64,49352;-0,25292
"3645";"Norge";"50120131";"5012";9;"Gutt";"Kort utdanning";40,85939;-0,21292
"3646";"Norge";"50120202";"5012";9;"Jente";"Høyere utdanning";65,704;-1,2077
"3647";"Norge";"50120203";"5012";9;"Gutt";"Høyere utdanning";44,59585;0,64586
"3648";"Norge";"50120204";"5012";9;"Jente";"Høyere utdanning";57,13913;0,41818
"3649";"Norge";"50120205";"5012";9;"Jente";"Høyere utdanning";65,704;0,41818
"3650";"Norge";"50120207";"5012";9;"Gutt";"VGS";49,42491;0,58613
"3651";"Norge";"50120208";"5012";9;"Gutt";"Kort utdanning";37,63793;0,03006
"3652";"Norge";"50120209";"5012";9;"Gutt";"Kort utdanning";39,20663;0,45059
"3653";"Norge";"50120210";"5012";9;"Gutt";"VGS";46,81653;0,8418
"3654";"Norge";"50120211";"5012";9;"Gutt";"Kort utdanning";46,81653;-0,79225
"3655";"Norge";"50120213";"5012";9;"Gutt";"Kort utdanning";37,63793;-0,5055
"3656";"Norge";"50120214";"5012";9;"Gutt";"VGS";39,20663;-0,51548
"3657";"Norge";"50120215";"5012";9;"Jente";"Høyere utdanning";65,704;0,72608
"3658";"Norge";"50120216";"5012";9;"Jente";"VGS";65,704;0,05805
"3659";"Norge";"50120217";"5012";9;"Jente";"Høyere utdanning";65,704;-0,00542
"3660";"Norge";"50120219";"5012";9;"Jente";"Høyere utdanning";49,42491;0,51827
"3661";"Norge";"50120221";"5012";9;"Gutt";"VGS";37,63793;-2,0297
"3662";"Norge";"50120222";"5012";9;"Jente";"Ungdomsskole";39,20663;-0,96086
"3663";"Norge";"50120223";"5012";9;"Jente";"Høyere utdanning";65,704;0,41818
"3664";"Norge";"50120226";"5012";9;"Gutt";"Kort utdanning";49,42491;-0,90487
"3665";"Norge";"50120227";"5012";9;"Gutt";"Ungdomsskole";37,63793;0,19801
"3666";"Norge";"50120228";"5012";9;"Gutt";"Høyere utdanning";49,42491;1,06572
"3667";"Norge";"50120229";"5012";9;"Gutt";"Kort utdanning";37,63793;0,50591
"3668";"Norge";"50130101";"5013";9;"Gutt";"Ungdomsskole";37,63793;1,31764
"3669";"Norge";"50130103";"5013";9;"Jente";"Kort utdanning";57,13913;0,64211
"3670";"Norge";"50130104";"5013";9;"Gutt";"VGS";37,63793;1,03773
"3671";"Norge";"50130108";"5013";9;"Gutt";"VGS";37,63793;0,64876
"3672";"Norge";"50130109";"5013";9;"Gutt";"VGS";46,81653;-0,17336
"3673";"Norge";"50130110";"5013";9;"Gutt";"Høyere utdanning";65,704;0,72983
"3674";"Norge";"50130111";"5013";9;"Jente";"Høyere utdanning";65,704;0,72983
"3675";"Norge";"50130112";"5013";9;"Gutt";"Høyere utdanning";46,81653;0,41818
"3676";"Norge";"50150101";"5015";9;"Jente";"Kort utdanning";37,63793;-0,86817
"3677";"Norge";"50150102";"5015";9;"Jente";"Kort utdanning";65,704;-0,9247
"3678";"Norge";"50150103";"5015";9;"Gutt";"Kort utdanning";37,63793;0,95376
"3679";"Norge";"50150104";"5015";9;"Jente";"Høyere utdanning";37,63793;0,978
"3680";"Norge";"50150105";"5015";9;"Jente";"Høyere utdanning";65,704;-0,47685
"3681";"Norge";"50150106";"5015";9;"Gutt";"Kort utdanning";65,704;-0,6168
"3682";"Norge";"50150107";"5015";9;"Gutt";"Ungdomsskole";37,63793;-0,22559
"3683";"Norge";"50150108";"5015";9;"Gutt";"Kort utdanning";57,13913;-0,75676
"3684";"Norge";"50150109";"5015";9;"Gutt";"Ungdomsskole";37,63793;-0,92845
"3685";"Norge";"50150110";"5015";9;"Gutt";"Kort utdanning";37,63793;-1,20395
"3686";"Norge";"50150112";"5015";9;"Jente";"VGS";65,704;0,22225
"3687";"Norge";"50150113";"5015";9;"Jente";"Høyere utdanning";41,03779;-0,50925
"3688";"Norge";"50150114";"5015";9;"Gutt";"Høyere utdanning";37,63793;-1,04821
"3689";"Norge";"50150115";"5015";9;"Jente";"Ungdomsskole";42,6371;-1,07282
"3690";"Norge";"50150117";"5015";9;"Gutt";"Ungdomsskole";52,66245;0,03139
"3691";"Norge";"50150118";"5015";9;"Annet";"Kort utdanning";65,704;0,08671
"3692";"Norge";"50150119";"5015";9;"Jente";"Ungdomsskole";35,98351;-1,77193
"3693";"Norge";"50150120";"5015";9;"Jente";"Høyere utdanning";65,704;0,02631
"3694";"Norge";"50150302";"5015";9;"Jente";"Kort utdanning";65,704;0,36595
"3695";"Norge";"50150303";"5015";9;"Gutt";"Ungdomsskole";44,59585;1,56956
"3696";"Norge";"50150304";"5015";9;"Gutt";"VGS";37,63793;-2,13514
"3697";"Norge";"50150305";"5015";9;"Jente";"Høyere utdanning";65,704;0,39019
"3698";"Norge";"50150306";"5015";9;"Gutt";"VGS";65,704;-0,95203
"3699";"Norge";"50150307";"5015";9;"Jente";"VGS";65,704;-0,16961
"3700";"Norge";"50150308";"5015";9;"Gutt";"Ungdomsskole";40,85939;-1,03225
"3701";"Norge";"50150309";"5015";9;"Jente";"Kort utdanning";65,704;0,19051
"3702";"Norge";"50150310";"5015";9;"Gutt";"Høyere utdanning";16,71745;0,33796
"3703";"Norge";"50150311";"5015";9;"Jente";"Høyere utdanning";65,704;1,03773
"3704";"Norge";"50150312";"5015";9;"Jente";"Høyere utdanning";49,42491;0,89778
"3705";"Norge";"50150313";"5015";9;"Jente";"Høyere utdanning";65,704;-0,14096
"3706";"Norge";"50150314";"5015";9;"Jente";"Høyere utdanning";65,704;-0,36113
"3707";"Norge";"50150315";"5015";9;"Gutt";"VGS";65,704;-1,1722
"3708";"Norge";"50150316";"5015";9;"Gutt";"VGS";65,704;-0,513
"3709";"Norge";"50150318";"5015";9;"Jente";"VGS";57,13913;-1,65114
"3710";"Norge";"50150319";"5015";9;"Jente";"Høyere utdanning";57,13913;0,61787
"3711";"Norge";"50150320";"5015";9;"Gutt";"VGS";65,704;0,28264
"3712";"Norge";"50150321";"5015";9;"Jente";"VGS";57,13913;-2,13514
"3713";"Norge";"50160102";"5016";9;"Jente";"Høyere utdanning";65,704;0,8418
"3714";"Norge";"50160103";"5016";9;"Jente";"VGS";65,704;1,68152
"3715";"Norge";"50160104";"5016";9;"Gutt";"Høyere utdanning";57,13913;0,89778
"3716";"Norge";"50160105";"5016";9;"Gutt";"Kort utdanning";65,704;0,41818
"3717";"Norge";"50160108";"5016";9;"Jente";"Kort utdanning";65,704;-0,36555
"3718";"Norge";"50160109";"5016";9;"Jente";"Kort utdanning";65,704;0,70184
"3719";"Norge";"50160110";"5016";9;"Gutt";"Høyere utdanning";65,704;-0,4731
"3720";"Norge";"50160111";"5016";9;"Jente";"VGS";49,42491;0,05055
"3721";"Norge";"50160112";"5016";9;"Gutt";"Kort utdanning";65,704;0,95376
"3722";"Norge";"50160113";"5016";9;"Gutt";"VGS";40,85939;0,83149
"3723";"Norge";"50160114";"5016";9;"Gutt";"Høyere utdanning";49,42491;0,47137
"3724";"Norge";"50160115";"5016";9;"Gutt";"Kort utdanning";57,13913;-1,32032
"3725";"Norge";"50160116";"5016";9;"Jente";"VGS";65,704;-0,08123
"3726";"Norge";"50160117";"5016";9;"Gutt";"VGS";57,13913;0,56189
"3727";"Norge";"50160118";"5016";9;"Jente";"Høyere utdanning";65,704;-0,76117
"3728";"Norge";"50160119";"5016";9;"Jente";"Høyere utdanning";65,704;0,19051
"3729";"Norge";"50160121";"5016";9;"Gutt";"Kort utdanning";65,704;-1,23635
"3730";"Norge";"50160122";"5016";9;"Jente";"VGS";65,704;0,89778
"3731";"Norge";"50160124";"5016";9;"Jente";"Høyere utdanning";65,704;0,50591
"3732";"Norge";"50160125";"5016";9;"Jente";"Høyere utdanning";49,42491;0,53015
"3733";"Norge";"50160126";"5016";9;"Jente";"Høyere utdanning";65,704;1,31764
"3734";"Norge";"50160127";"5016";9;"Gutt";"Høyere utdanning";49,42491;0,47417
"3735";"Norge";"50160128";"5016";9;"Gutt";"Ungdomsskole";29,89724;0,8418
"3736";"Norge";"50160130";"5016";9;"Jente";"Høyere utdanning";65,704;0,92577
"3737";"Norge";"50160132";"5016";9;"Jente";"VGS";65,704;0,41763
"3738";"Norge";"50160133";"5016";9;"Gutt";"Kort utdanning";65,704;0,61853
"3739";"Norge";"50160301";"5016";9;"Gutt";"VGS";52,66245;0,70184
"3740";"Norge";"50160302";"5016";9;"Jente";"Kort utdanning";65,704;0,89403
"3741";"Norge";"50160303";"5016";9;"Jente";"Høyere utdanning";65,704;-0,67212
"3742";"Norge";"50160304";"5016";9;"Jente";"Ungdomsskole";65,704;-0,05765
"3743";"Norge";"50160305";"5016";9;"Jente";"Høyere utdanning";65,704;1,03773
"3744";"Norge";"50160306";"5016";9;"Jente";"VGS";57,13913;1,00974
"3745";"Norge";"50160307";"5016";9;"Gutt";"Høyere utdanning";49,42491;0,58988
"3746";"Norge";"50160308";"5016";9;"Jente";"VGS";37,63793;-1,59957
"3747";"Norge";"50160309";"5016";9;"Gutt";"Ungdomsskole";49,42491;0,33862
"3748";"Norge";"50160310";"5016";9;"Gutt";"Høyere utdanning";42,6371;0,70184
"3749";"Norge";"50160311";"5016";9;"Gutt";"VGS";40,85939;-0,19628
"3750";"Norge";"50160312";"5016";9;"Jente";"Kort utdanning";65,704;-1,91188
"3751";"Norge";"50160314";"5016";9;"Jente";"Ungdomsskole";65,704;-0,75234
"3752";"Norge";"50160315";"5016";9;"Gutt";"Høyere utdanning";52,66245;1,14969
"3753";"Norge";"50160316";"5016";9;"Gutt";"VGS";34,6202;-0,42903
"3754";"Norge";"50160317";"5016";9;"Gutt";"Høyere utdanning";37,63793;0,89778
"3755";"Norge";"50160318";"5016";9;"Gutt";"Kort utdanning";65,704;-0,30515
"3756";"Norge";"50160319";"5016";9;"Gutt";"Kort utdanning";49,42491;0,72608
"3757";"Norge";"50160320";"5016";9;"Jente";"VGS";49,42491;1,09371
"3758";"Norge";"50160321";"5016";9;"Jente";"Høyere utdanning";65,704;0,30622
"3759";"Norge";"50160322";"5016";9;"Gutt";"Høyere utdanning";39,20663;0,30997
"3760";"Norge";"50160323";"5016";9;"Jente";"Høyere utdanning";37,63793;-0,76051
"3761";"Norge";"50160324";"5016";9;"Jente";"Høyere utdanning";65,704;0,22225
"3762";"Norge";"50160325";"5016";9;"Jente";"Høyere utdanning";37,63793;0,39394
"3763";"Norge";"50160326";"5016";9;"Jente";"Høyere utdanning";65,704;1,00974
"3764";"Norge";"50160328";"5016";9;"Gutt";"Ungdomsskole";49,42491;-0,7465
"3765";"Norge";"50160329";"5016";9;"Jente";"Høyere utdanning";65,704;0,56189
"3766";"Norge";"50160330";"5016";9;"Gutt";"VGS";57,13913;-0,2765
"3767";"Norge";"50170101";"5017";9;"Gutt";"VGS";40,85939;-1,2002
"3768";"Norge";"50170102";"5017";9;"Jente";"Høyere utdanning";65,704;-0,02966
"3769";"Norge";"50170103";"5017";9;"Gutt";"Høyere utdanning";57,13913;0,92577
"3770";"Norge";"50170104";"5017";9;"Jente";"Høyere utdanning";52,66245;0,00274
"3771";"Norge";"50170105";"5017";9;"Gutt";"VGS";65,704;0,89778
"3772";"Norge";"50170107";"5017";9;"Gutt";"VGS";46,81653;-1,01176
"3773";"Norge";"50170110";"5017";9;"Jente";"Høyere utdanning";65,704;1,06572
"3774";"Norge";"50170111";"5017";9;"Gutt";"Høyere utdanning";57,13913;0,27823
"3775";"Norge";"50170112";"5017";9;"Jente";"Kort utdanning";65,704;0,44617
"3776";"Norge";"50170113";"5017";9;"Gutt";"VGS";65,704;-0,92029
"3777";"Norge";"50170114";"5017";9;"Jente";"Kort utdanning";49,42491;-1,04041
"3778";"Norge";"50170202";"5017";9;"Jente";"Høyere utdanning";57,13913;1,29455
"3779";"Norge";"50170203";"5017";9;"Jente";"Høyere utdanning";65,704;0,91569
"3780";"Norge";"50170206";"5017";9;"Gutt";"VGS";37,63793;0,39394
"3781";"Norge";"50170208";"5017";9;"Annet";"VGS";33,11239;-1,02416
"3782";"Norge";"50170209";"5017";9;"Jente";"Ungdomsskole";65,704;-2,26828
"3783";"Norge";"50170210";"5017";9;"Jente";"Høyere utdanning";42,6371;-2,89023
"3784";"Norge";"50170211";"5017";9;"Jente";"Ungdomsskole";37,63793;-1,12064
"3785";"Norge";"50170213";"5017";9;"Gutt";"Ungdomsskole";39,20663;-0,50418
"3786";"Norge";"50190101";"5019";9;"Jente";"Ungdomsskole";65,704;1,00041
"3787";"Norge";"50190102";"5019";9;"Gutt";"Høyere utdanning";15,93837;-0,48126
"3788";"Norge";"50190103";"5019";9;"Gutt";"Ungdomsskole";49,42491;0,27889
"3789";"Norge";"50190104";"5019";9;"Gutt";"Ungdomsskole";52,66245;-0,14096
"3790";"Norge";"50190105";"5019";9;"Jente";"Høyere utdanning";65,704;1,68152
"3791";"Norge";"50190106";"5019";9;"Jente";"Høyere utdanning";65,704;0,50591
"3792";"Norge";"50190107";"5019";9;"Jente";"Høyere utdanning";62,87645;1,25791
"3793";"Norge";"50190108";"5019";9;"Jente";"VGS";65,704;-0,1976
"3794";"Norge";"50190109";"5019";9;"Gutt";"Høyere utdanning";65,704;0,33046
"3795";"Norge";"50190110";"5019";9;"Jente";"Høyere utdanning";65,704;1,31764
"3796";"Norge";"50190111";"5019";9;"Jente";"Høyere utdanning";52,66245;-0,05765
"3797";"Norge";"50190112";"5019";9;"Jente";"Høyere utdanning";65,704;0,89778
"3798";"Norge";"50190114";"5019";9;"Jente";"Kort utdanning";65,704;1,31764
"3799";"Norge";"50190115";"5019";9;"Jente";"Ungdomsskole";65,704;0,67385
"3800";"Norge";"50190116";"5019";9;"Jente";"Ungdomsskole";65,704;-0,05765
"3801";"Norge";"50190117";"5019";9;"Gutt";"Høyere utdanning";65,704;1,56956
"3802";"Norge";"50190118";"5019";9;"Gutt";"VGS";65,704;-0,6168
"3803";"Norge";"50190121";"5019";9;"Gutt";"Høyere utdanning";65,704;-1,87948
"3804";"Norge";"50190122";"5019";9;"Gutt";"Høyere utdanning";52,66245;-0,56148
"3805";"Norge";"50190123";"5019";9;"Gutt";"Høyere utdanning";65,704;0,53015
"3806";"Norge";"50190124";"5019";9;"Gutt";"Høyere utdanning";37,63793;0,8418
"3807";"Norge";"50190125";"5019";9;"Gutt";"Høyere utdanning";65,704;0,89403
"3808";"Norge";"50190126";"5019";9;"Gutt";"Høyere utdanning";57,13913;0,89778
"3809";"Norge";"50190127";"5019";9;"Jente";"Høyere utdanning";65,704;0,81381
"3810";"Norge";"50190128";"5019";9;"Gutt";"Høyere utdanning";49,42491;1,09371
"3811";"Norge";"50190129";"5019";9;"Jente";"Høyere utdanning";49,42491;-0,25292
"3812";"Norge";"50190130";"5019";9;"Annet";"Høyere utdanning";36,11853;1,31764
"3813";"Norge";"50190201";"5019";9;"Jente";"Høyere utdanning";65,704;0,75407
"3814";"Norge";"50190202";"5019";9;"Annet";"Høyere utdanning";52,66245;-0,12408
"3815";"Norge";"50190203";"5019";9;"Jente";"Høyere utdanning";65,704;0,69809
"3816";"Norge";"50190204";"5019";9;"Gutt";"VGS";49,42491;-0,16454
"3817";"Norge";"50190205";"5019";9;"Gutt";"Høyere utdanning";65,704;1,31764
"3818";"Norge";"50190206";"5019";9;"Gutt";"Høyere utdanning";57,13913;0,14661
"3819";"Norge";"50190208";"5019";9;"Jente";"Høyere utdanning";65,704;1,14969
"3820";"Norge";"50190210";"5019";9;"Jente";"VGS";65,704;-0,16454
"3821";"Norge";"50190211";"5019";9;"Jente";"VGS";65,704;0,52169
"3822";"Norge";"50190212";"5019";9;"Jente";"VGS";65,704;-1,46403
"3823";"Norge";"50190213";"5019";9;"Jente";"Høyere utdanning";44,59585;1,03773
"3824";"Norge";"50190214";"5019";9;"Gutt";"Høyere utdanning";65,704;0,70184
"3825";"Norge";"50190215";"5019";9;"Gutt";"Høyere utdanning";37,63793;0,59731
"3826";"Norge";"50190216";"5019";9;"Jente";"VGS";65,704;-1,35206
"3827";"Norge";"50190218";"5019";9;"Annet";"Høyere utdanning";49,42491;-0,00917
"3828";"Norge";"50190219";"5019";9;"Gutt";"Høyere utdanning";49,42491;0,44993
"3829";"Norge";"50190220";"5019";9;"Jente";"Kort utdanning";65,704;0,17068
"3830";"Norge";"50190221";"5019";9;"Jente";"Høyere utdanning";65,704;0,72608
"3831";"Norge";"50190222";"5019";9;"Gutt";"Høyere utdanning";65,704;0,83805
"3832";"Norge";"50190223";"5019";9;"Jente";"Kort utdanning";49,42491;1,14969
"3833";"Norge";"50190224";"5019";9;"Jente";"Ungdomsskole";37,63793;0,14203
"3834";"Norge";"50190226";"5019";9;"Jente";"Kort utdanning";65,704;1,26166
"3835";"Norge";"50190227";"5019";9;"Gutt";"Kort utdanning";65,704;1,00974
"3836";"Norge";"50190228";"5019";9;"Jente";"Høyere utdanning";65,704;1,56956
"3837";"Norge";"50190229";"5019";9;"Jente";"Høyere utdanning";65,704;0,58679
"3838";"Norge";"50190230";"5019";9;"Gutt";"Ungdomsskole";65,704;0,0543
"3839";"Norge";"50200201";"5020";9;"Jente";"Høyere utdanning";65,704;-0,34131
"3840";"Norge";"50200202";"5020";9;"Jente";"Ungdomsskole";65,704;-0,75234
"3841";"Norge";"50200203";"5020";9;"Gutt";"VGS";34,6202;-0,59322
"3842";"Norge";"50200204";"5020";9;"Jente";"VGS";42,6371;-0,87181
"3843";"Norge";"50200205";"5020";9;"Gutt";"VGS";42,6371;-1,42787
"3844";"Norge";"50200206";"5020";9;"Jente";"Høyere utdanning";57,13913;-0,28533
"3845";"Norge";"50200207";"5020";9;"Annet";"VGS";31,55703;0,41818
"3846";"Norge";"50200208";"5020";9;"Gutt";"Kort utdanning";42,6371;0,27823
"3847";"Norge";"50200209";"5020";9;"Gutt";"Ungdomsskole";42,6371;-0,14096
"3848";"Norge";"50200210";"5020";9;"Jente";"Ungdomsskole";57,13913;-2,32667
"3849";"Norge";"50200211";"5020";9;"Gutt";"Kort utdanning";39,20663;0,89778
"3850";"Norge";"50200212";"5020";9;"Jente";"Høyere utdanning";65,704;-2,2751
"3851";"Norge";"50200213";"5020";9;"Jente";"Høyere utdanning";65,704;-0,58506
"3852";"Norge";"50200214";"5020";9;"Jente";"Høyere utdanning";65,704;-0,75234
"3853";"Norge";"50200215";"5020";9;"Jente";"Høyere utdanning";65,704;-0,86431
"3854";"Norge";"50200216";"5020";9;"Gutt";"VGS";37,63793;-1,28792
"3855";"Norge";"50200217";"5020";9;"Gutt";"Kort utdanning";65,704;-0,84823
"3856";"Norge";"50200218";"5020";9;"Jente";"Kort utdanning";65,704;-1,20836
"3857";"Norge";"50200219";"5020";9;"Gutt";"Kort utdanning";15,93837;-0,05765
"3858";"Norge";"50200220";"5020";9;"Jente";"Kort utdanning";57,13913;-0,50484
"3859";"Norge";"50200222";"5020";9;"Gutt";"Høyere utdanning";39,20663;0,22225
"3860";"Norge";"50200223";"5020";9;"Jente";"Høyere utdanning";57,13913;-0,36113
"3861";"Norge";"50200224";"5020";9;"Gutt";"VGS";39,20663;-1,85148
"3862";"Norge";"50200225";"5020";9;"Gutt";"Ungdomsskole";34,6202;0,50591
"3863";"Norge";"50200226";"5020";9;"Gutt";"VGS";42,6371;-1,3514
"3864";"Norge";"50200227";"5020";9;"Gutt";"VGS";65,704;-0,92779
"3865";"Norge";"50200402";"5020";9;"Jente";"VGS";52,66245;-2,1034
"3866";"Norge";"50200403";"5020";9;"Jente";"Høyere utdanning";65,704;0,72608
"3867";"Norge";"50200405";"5020";9;"Gutt";"VGS";65,704;0,28264
"3868";"Norge";"50200406";"5020";9;"Jente";"Høyere utdanning";57,13913;-0,56016
"3869";"Norge";"50200407";"5020";9;"Gutt";"Høyere utdanning";65,704;0,6701
"3870";"Norge";"50200408";"5020";9;"Jente";"Høyere utdanning";65,704;0,39019
"3871";"Norge";"50200409";"5020";9;"Jente";"Høyere utdanning";65,704;0,47417
"3872";"Norge";"50200410";"5020";9;"Gutt";"VGS";28,03514;-1,46403
"3873";"Norge";"50200411";"5020";9;"Jente";"Høyere utdanning";65,704;1,20568
"3874";"Norge";"50200412";"5020";9;"Gutt";"VGS";40,85939;-0,47685
"3875";"Norge";"50200415";"5020";9;"Jente";"Høyere utdanning";37,63793;1,82284
"3876";"Norge";"50200416";"5020";9;"Jente";"Høyere utdanning";65,704;1,03773
"3877";"Norge";"50200417";"5020";9;"Gutt";"Kort utdanning";42,6371;0,08229
"3878";"Norge";"50200418";"5020";9;"Gutt";"Høyere utdanning";44,59585;-0,02966
"3879";"Norge";"50200419";"5020";9;"Annet";"VGS";57,13913;0,64586
"3880";"Norge";"50200420";"5020";9;"Jente";"Høyere utdanning";65,704;0,95376
"3881";"Norge";"50200421";"5020";9;"Gutt";"VGS";57,13913;0,02631
"3882";"Norge";"50200424";"5020";9;"Gutt";"VGS";65,704;0,05055
"3883";"Norge";"50200425";"5020";9;"Gutt";"Kort utdanning";40,85939;0,02631
"3884";"Norge";"50210101";"5021";9;"Jente";"Ungdomsskole";52,66245;0,22225
"3885";"Norge";"50210102";"5021";9;"Jente";"Høyere utdanning";65,704;-1,26434
"3886";"Norge";"50210103";"5021";9;"Gutt";"Ungdomsskole";49,42491;-0,9851
"3887";"Norge";"50210104";"5021";9;"Jente";"Høyere utdanning";65,704;1,59755
"3888";"Norge";"50210105";"5021";9;"Gutt";"Høyere utdanning";49,42491;0,58613
"3889";"Norge";"50210106";"5021";9;"Gutt";"Høyere utdanning";37,63793;-0,08939
"3890";"Norge";"50210107";"5021";9;"Jente";"Høyere utdanning";65,704;1,45759
"3891";"Norge";"50210108";"5021";9;"Gutt";"Kort utdanning";42,6371;-1,35206
"3892";"Norge";"50210109";"5021";9;"Gutt";"Kort utdanning";52,66245;0,05055
"3893";"Norge";"50210110";"5021";9;"Jente";"Høyere utdanning";65,704;0,86979
"3894";"Norge";"50210111";"5021";9;"Gutt";"VGS";37,63793;0,19492
"3895";"Norge";"50210112";"5021";9;"Gutt";"Høyere utdanning";65,704;0,61412
"3896";"Norge";"50210113";"5021";9;"Gutt";"Høyere utdanning";37,63793;1,26166
"3897";"Norge";"50210114";"5021";9;"Jente";"Høyere utdanning";57,13913;0,17002
"3898";"Norge";"50210116";"5021";9;"Gutt";"Høyere utdanning";28,03514;-1,29233
"3899";"Norge";"50210118";"5021";9;"Jente";"Høyere utdanning";52,66245;0,58613
"3900";"Norge";"50210120";"5021";9;"Jente";"Høyere utdanning";65,704;-0,1976
"3901";"Norge";"50210122";"5021";9;"Gutt";"VGS";34,18812;0,64586
"3902";"Norge";"50210123";"5021";9;"Jente";"VGS";49,58883;-0,11738
"3903";"Norge";"50210125";"5021";9;"Gutt";"Høyere utdanning";65,704;0,61412
"3904";"Norge";"50210126";"5021";9;"Gutt";"Kort utdanning";52,66245;-0,48126
"3905";"Norge";"50210127";"5021";9;"Jente";"Høyere utdanning";65,704;0,47858
"3906";"Norge";"50210128";"5021";9;"Gutt";"Høyere utdanning";42,6371;0,3622
"3907";"Norge";"50210130";"5021";9;"Jente";"Høyere utdanning";65,704;0,78581
"3908";"Norge";"50210131";"5021";9;"Gutt";"VGS";37,63793;-1,49202
"3909";"Norge";"50210201";"5021";9;"Gutt";"Ungdomsskole";44,59585;0,83429
"3910";"Norge";"50210202";"5021";9;"Jente";"Kort utdanning";65,704;0,30622
"3911";"Norge";"50210204";"5021";9;"Jente";"Høyere utdanning";65,704;1,68152
"3912";"Norge";"50210205";"5021";9;"Gutt";"Høyere utdanning";65,704;1,56956
"3913";"Norge";"50210206";"5021";9;"Gutt";"VGS";44,59585;1,17393
"3914";"Norge";"50210207";"5021";9;"Jente";"Høyere utdanning";65,704;0,36595
"3915";"Norge";"50210209";"5021";9;"Jente";"Høyere utdanning";65,704;-0,10922
"3916";"Norge";"50210210";"5021";9;"Gutt";"Høyere utdanning";39,20663;1,26166
"3917";"Norge";"50210211";"5021";9;"Gutt";"Høyere utdanning";40,85939;-0,22559
"3918";"Norge";"50210212";"5021";9;"Gutt";"VGS";42,6371;-0,30957
"3919";"Norge";"50210213";"5021";9;"Gutt";"Høyere utdanning";49,42491;-0,43686
"3920";"Norge";"50210214";"5021";9;"Jente";"Høyere utdanning";65,704;0,83805
"3921";"Norge";"50210215";"5021";9;"Jente";"Høyere utdanning";65,704;0,41443
"3922";"Norge";"50210218";"5021";9;"Jente";"Kort utdanning";65,704;0,8418
"3923";"Norge";"50210219";"5021";9;"Gutt";"VGS";42,6371;-1,01242
"3924";"Norge";"50210220";"5021";9;"Gutt";"Kort utdanning";57,13913;0,39461
"3925";"Norge";"50210221";"5021";9;"Jente";"Høyere utdanning";65,704;0,19867
"3926";"Norge";"50210222";"5021";9;"Jente";"Høyere utdanning";65,704;-0,56457
"3927";"Norge";"50210223";"5021";9;"Jente";"Høyere utdanning";65,704;-1,15679
"3928";"Norge";"50210224";"5021";9;"Gutt";"VGS";57,13913;-0,39729
"3929";"Norge";"50210226";"5021";9;"Gutt";"Kort utdanning";34,6202;-1,48827
"3930";"Norge";"50210227";"5021";9;"Gutt";"Høyere utdanning";65,704;1,14969
"3931";"Norge";"50210228";"5021";9;"Jente";"Ungdomsskole";65,704;-2,30309
"3932";"Norge";"50210229";"5021";9;"Jente";"Høyere utdanning";65,704;1,03839
"3933";"Norge";"50210230";"5021";9;"Jente";"Høyere utdanning";65,704;-1,03666
"3934";"Norge";"50210231";"5021";9;"Jente";"Kort utdanning";65,704;-0,47685
"3935";"Norge";"50210232";"5021";9;"Gutt";"Kort utdanning";25,77277;0,39461
"3936";"Norge";"50210233";"5021";9;"Gutt";"Høyere utdanning";65,704;0,41818
"3937";"Norge";"50220201";"5022";9;"Jente";"Høyere utdanning";65,704;0,41818
"3938";"Norge";"50220202";"5022";9;"Gutt";"Kort utdanning";40,85939;0,95376
"3939";"Norge";"50220203";"5022";9;"Jente";"Ungdomsskole";65,704;0,33046
"3940";"Norge";"50220204";"5022";9;"Gutt";"Høyere utdanning";65,704;0,33046
"3941";"Norge";"50220205";"5022";9;"Gutt";"Ungdomsskole";37,63793;-2,94041
"3942";"Norge";"50220206";"5022";9;"Jente";"Høyere utdanning";65,704;0,30622
"3943";"Norge";"50220207";"5022";9;"Gutt";"VGS";65,704;-0,44511
"3944";"Norge";"50220208";"5022";9;"Gutt";"VGS";40,85939;-0,47685
"3945";"Norge";"50220209";"5022";9;"Gutt";"Høyere utdanning";65,704;0,98203
"3946";"Norge";"50220212";"5022";9;"Gutt";"Kort utdanning";49,42491;-0,22118
"3947";"Norge";"50220213";"5022";9;"Jente";"Høyere utdanning";65,704;0,39019
"3948";"Norge";"50220214";"5022";9;"Gutt";"Høyere utdanning";42,6371;-0,28441
"3949";"Norge";"50220215";"5022";9;"Gutt";"VGS";37,63793;0,75407
"3950";"Norge";"50220216";"5022";9;"Gutt";"Høyere utdanning";52,66245;1,31764
"3951";"Norge";"50220217";"5022";9;"Jente";"Høyere utdanning";52,66245;-0,11738
"3952";"Norge";"50220218";"5022";9;"Jente";"Ungdomsskole";65,704;-0,11738
"3953";"Norge";"50220219";"5022";9;"Gutt";"VGS";65,704;-1,90747
"3954";"Norge";"50220220";"5022";9;"Jente";"Høyere utdanning";65,704;1,03773
"3955";"Norge";"50220222";"5022";9;"Gutt";"VGS";37,63793;-1,88981
"3956";"Norge";"50220223";"5022";9;"Jente";"Høyere utdanning";65,704;0,39019
"3957";"Norge";"50220224";"5022";9;"Jente";"Ungdomsskole";49,42491;1,34563
"3958";"Norge";"50220501";"5022";9;"Jente";"VGS";65,704;0,19051
"3959";"Norge";"50220502";"5022";9;"Jente";"Høyere utdanning";37,63793;1,09371
"3960";"Norge";"50220503";"5022";9;"Jente";"Høyere utdanning";52,66245;-0,05324
"3961";"Norge";"50220504";"5022";9;"Gutt";"Ungdomsskole";37,63793;0,58613
"3962";"Norge";"50220505";"5022";9;"Jente";"Høyere utdanning";65,704;0,33796
"3963";"Norge";"50220506";"5022";9;"Jente";"VGS";65,704;0,72608
"3964";"Norge";"50220507";"5022";9;"Jente";"Høyere utdanning";65,704;-1,23194
"3965";"Norge";"50220508";"5022";9;"Jente";"Høyere utdanning";65,704;1,00974
"3966";"Norge";"50220509";"5022";9;"Jente";"Høyere utdanning";65,704;-1,5917
"3967";"Norge";"50220510";"5022";9;"Gutt";"Ungdomsskole";40,08557;-1,17971
"3968";"Norge";"50220511";"5022";9;"Gutt";"Høyere utdanning";65,704;0,86979
"3969";"Norge";"50220513";"5022";9;"Jente";"Ungdomsskole";49,42491;-2,80696
"3970";"Norge";"50220514";"5022";9;"Jente";"Kort utdanning";42,6371;-1,85792
"3971";"Norge";"50220516";"5022";9;"Gutt";"Kort utdanning";37,63793;1,03773
"3972";"Norge";"50220517";"5022";9;"Jente";"Ungdomsskole";50,88429;-3,29269
"3973";"Norge";"50220518";"5022";9;"Annet";"Ungdomsskole";65,704;-0,50484
"3974";"Norge";"50240101";"5024";9;"Jente";"Høyere utdanning";65,704;-0,42087
"3975";"Norge";"50240102";"5024";9;"Jente";"Høyere utdanning";57,13913;0,89778
"3976";"Norge";"50240103";"5024";9;"Jente";"Høyere utdanning";57,13913;0,39019
"3977";"Norge";"50240104";"5024";9;"Jente";"Høyere utdanning";65,704;-1,15238
"3978";"Norge";"50240105";"5024";9;"Gutt";"Ungdomsskole";37,63793;0,05805
"3979";"Norge";"50240107";"5024";9;"Gutt";"Kort utdanning";40,85939;-0,16961
"3980";"Norge";"50240108";"5024";9;"Gutt";"Høyere utdanning";46,25673;0,41818
"3981";"Norge";"50240109";"5024";9;"Gutt";"Høyere utdanning";57,13913;0,47792
"3982";"Norge";"50240110";"5024";9;"Jente";"Høyere utdanning";49,42491;-0,02591
"3983";"Norge";"50240112";"5024";9;"Jente";"Høyere utdanning";65,704;-0,56457
"3984";"Norge";"50240113";"5024";9;"Jente";"Høyere utdanning";65,704;-0,98818
"3985";"Norge";"50240114";"5024";9;"Gutt";"Høyere utdanning";39,20663;-0,48126
"3986";"Norge";"50240116";"5024";9;"Gutt";"Høyere utdanning";44,59585;0,75407
"3987";"Norge";"50240117";"5024";9;"Gutt";"Høyere utdanning";33,11239;0,8418
"3988";"Norge";"50240118";"5024";9;"Gutt";"Høyere utdanning";46,81653;1,61007
"3989";"Norge";"50240119";"5024";9;"Gutt";"Kort utdanning";39,20663;-0,95578
"3990";"Norge";"50240120";"5024";9;"Jente";"VGS";65,704;0,72983
"3991";"Norge";"50240122";"5024";9;"Gutt";"VGS";42,6371;0,8418
"3992";"Norge";"50240123";"5024";9;"Jente";"Høyere utdanning";57,13913;0,02631
"3993";"Norge";"50240124";"5024";9;"Gutt";"VGS";39,20663;-1,29233
"3994";"Norge";"50240125";"5024";9;"Jente";"VGS";65,704;-0,90046
"3995";"Norge";"50240126";"5024";9;"Jente";"VGS";39,20663;-0,08189
"3996";"Norge";"50240203";"5024";9;"Annet";"Høyere utdanning";37,63793;-0,08939
"3997";"Norge";"50240204";"5024";9;"Jente";"Høyere utdanning";65,704;1,14969
"3998";"Norge";"50240205";"5024";9;"Gutt";"Høyere utdanning";36,11853;0,08229
"3999";"Norge";"50240206";"5024";9;"Gutt";"VGS";42,6371;-0,47244
"4000";"Norge";"50240207";"5024";9;"Jente";"Høyere utdanning";65,704;-1,10991
"4001";"Norge";"50240208";"5024";9;"Jente";"Høyere utdanning";65,704;1,03773
"4002";"Norge";"50240209";"5024";9;"Jente";"Høyere utdanning";65,704;0,8418
"4003";"Norge";"50240210";"5024";9;"Gutt";"VGS";36,11853;-1,26602
"4004";"Norge";"50240212";"5024";9;"Gutt";"Kort utdanning";39,20663;-0,89671
"4005";"Norge";"50240213";"5024";9;"Gutt";"VGS";65,704;-0,61305
"4006";"Norge";"50240214";"5024";9;"Gutt";"VGS";65,704;-1,37189
"4007";"Norge";"50240215";"5024";9;"Gutt";"Høyere utdanning";57,13913;-1,04483
"4008";"Norge";"50240216";"5024";9;"Gutt";"Kort utdanning";65,704;-1,46403
"4009";"Norge";"50240218";"5024";9;"Gutt";"Høyere utdanning";63,8905;-1,2077
"4010";"Norge";"50240219";"5024";9;"Gutt";"Høyere utdanning";65,704;-0,16961
"4011";"Norge";"50240221";"5024";9;"Gutt";"VGS";65,704;0,78581
"4012";"Norge";"50240222";"5024";9;"Gutt";"VGS";37,63793;-2,15872
"4013";"Norge";"50240223";"5024";9;"Jente";"Kort utdanning";49,42491;-0,3693
"4014";"Norge";"50240224";"5024";9;"Jente";"Kort utdanning";57,13913;0,30247
"4015";"Norge";"50240225";"5024";9;"Jente";"VGS";65,704;-2,41505
"4016";"Norge";"50240226";"5024";9;"Gutt";"Kort utdanning";65,704;-0,26109
"4017";"Norge";"50240227";"5024";9;"Gutt";"Høyere utdanning";57,13913;0,17002
"4018";"Norge";"50240228";"5024";9;"Gutt";"VGS";49,42491;-0,30957
"4019";"Norge";"50240229";"5024";9;"Jente";"Høyere utdanning";65,704;-0,15163
"4020";"Norge";"50240230";"5024";9;"Gutt";"Kort utdanning";57,13913;1,09371
"4021";"Norge";"50250101";"5025";9;"Gutt";"Høyere utdanning";46,81653;0,83429
"4022";"Norge";"50250103";"5025";9;"Jente";"VGS";65,704;-0,28533
"4023";"Norge";"50250104";"5025";9;"Gutt";"Ungdomsskole";65,704;0,64211
"4024";"Norge";"50250106";"5025";9;"Jente";"Kort utdanning";65,704;-0,1652
"4025";"Norge";"50250107";"5025";9;"Gutt";"Høyere utdanning";44,59585;-0,02966
"4026";"Norge";"50250108";"5025";9;"Jente";"Høyere utdanning";65,704;0,36595
"4027";"Norge";"50250109";"5025";9;"Jente";"Høyere utdanning";65,704;0,33796
"4028";"Norge";"50250110";"5025";9;"Gutt";"Ungdomsskole";39,20663;-3,05443
"4029";"Norge";"50250111";"5025";9;"Jente";"Høyere utdanning";65,704;0,89778
"4030";"Norge";"50250112";"5025";9;"Gutt";"Høyere utdanning";49,42491;0,41818
"4031";"Norge";"50250113";"5025";9;"Gutt";"Høyere utdanning";49,42491;1,00974
"4032";"Norge";"50250114";"5025";9;"Gutt";"Høyere utdanning";42,6371;0,8418
"4033";"Norge";"50250115";"5025";9;"Jente";"Høyere utdanning";65,704;0,58988
"4034";"Norge";"50250116";"5025";9;"Gutt";"Høyere utdanning";44,59585;-0,90487
"4035";"Norge";"50250117";"5025";9;"Gutt";"Kort utdanning";65,704;0,75407
"4036";"Norge";"50250118";"5025";9;"Jente";"Høyere utdanning";65,704;-0,013
"4037";"Norge";"50250119";"5025";9;"Annet";"Høyere utdanning";39,20663;0,8418
"4038";"Norge";"50250120";"5025";9;"Jente";"Høyere utdanning";65,704;-0,56457
"4039";"Norge";"50250121";"5025";9;"Gutt";"Kort utdanning";65,704;0,58613
"4040";"Norge";"50250122";"5025";9;"Jente";"Høyere utdanning";65,704;0,47417
"4041";"Norge";"50250123";"5025";9;"Jente";"VGS";46,87167;-1,03666
"4042";"Norge";"50250124";"5025";9;"Jente";"Høyere utdanning";65,704;0,98175
"4043";"Norge";"50250125";"5025";9;"Gutt";"Høyere utdanning";65,704;1,03773
"4044";"Norge";"50250126";"5025";9;"Jente";"Høyere utdanning";65,704;0,95376
"4045";"Norge";"50250127";"5025";9;"Jente";"Høyere utdanning";65,704;-0,1976
"4046";"Norge";"50250128";"5025";9;"Gutt";"VGS";65,704;0,19492
"4047";"Norge";"50250302";"5025";9;"Jente";"Høyere utdanning";65,704;0,89778
"4048";"Norge";"50250303";"5025";9;"Jente";"Høyere utdanning";65,704;0,89778
"4049";"Norge";"50250304";"5025";9;"Gutt";"Ungdomsskole";15,93837;0,95376
"4050";"Norge";"50250305";"5025";9;"Gutt";"Kort utdanning";65,704;-1,15238
"4051";"Norge";"50250306";"5025";9;"Jente";"Ungdomsskole";65,704;-0,029
"4052";"Norge";"50250308";"5025";9;"Jente";"Høyere utdanning";65,704;-1,60398
"4053";"Norge";"50250310";"5025";9;"Jente";"Høyere utdanning";65,704;-0,05765
"4054";"Norge";"50250311";"5025";9;"Annet";"Ungdomsskole";65,704;-0,19319
"4055";"Norge";"50250313";"5025";9;"Gutt";"Høyere utdanning";52,66245;1,07843
"4056";"Norge";"50250314";"5025";9;"Gutt";"Høyere utdanning";65,704;0,41443
"4057";"Norge";"50250315";"5025";9;"Jente";"Kort utdanning";65,704;0,89778
"4058";"Norge";"50250316";"5025";9;"Gutt";"Kort utdanning";36,11853;-0,92911
"4059";"Norge";"50250317";"5025";9;"Gutt";"Høyere utdanning";37,75679;1,68152
"4060";"Norge";"50250318";"5025";9;"Jente";"Høyere utdanning";37,63793;-1,01684
"4061";"Norge";"50250320";"5025";9;"Jente";"Kort utdanning";65,704;-0,90046
"4062";"Norge";"50250321";"5025";9;"Jente";"Høyere utdanning";49,42491;-0,10922
"4063";"Norge";"50250322";"5025";9;"Jente";"Høyere utdanning";49,42491;0,95376
"4064";"Norge";"50250323";"5025";9;"Jente";"Høyere utdanning";65,704;0,41818
"4065";"Norge";"50250324";"5025";9;"Gutt";"Høyere utdanning";65,704;0,89778
"4066";"Norge";"50250325";"5025";9;"Jente";"VGS";65,704;-0,75303
"4067";"Norge";"50250326";"5025";9;"Jente";"VGS";65,704;-1,00867
"4068";"Norge";"50260101";"5026";9;"Jente";"Høyere utdanning";65,704;1,68152
"4069";"Norge";"50260103";"5026";9;"Jente";"Høyere utdanning";65,704;-0,76492
"4070";"Norge";"50260104";"5026";9;"Jente";"Kort utdanning";65,704;-0,6168
"4071";"Norge";"50260106";"5026";9;"Gutt";"Ungdomsskole";42,6371;0,8418
"4072";"Norge";"50260108";"5026";9;"Gutt";"Høyere utdanning";65,704;1,00974
"4073";"Norge";"50260110";"5026";9;"Jente";"Ungdomsskole";64,49352;0,49576
"4074";"Norge";"50260112";"5026";9;"Gutt";"Kort utdanning";65,704;-0,14096
"4075";"Norge";"50260113";"5026";9;"Jente";"Kort utdanning";62,87645;1,00974
"4076";"Norge";"50260114";"5026";9;"Jente";"Høyere utdanning";65,704;0,37413
"4077";"Norge";"50260115";"5026";9;"Gutt";"Kort utdanning";37,63793;0,53015
"4078";"Norge";"50260116";"5026";9;"Gutt";"Ungdomsskole";34,6202;-1,32474
"4079";"Norge";"50260117";"5026";9;"Jente";"Høyere utdanning";65,704;0,89778
"4080";"Norge";"50260118";"5026";9;"Gutt";"Høyere utdanning";65,704;1,00974
"4081";"Norge";"50260120";"5026";9;"Jente";"Høyere utdanning";57,13913;-0,79662
"4082";"Norge";"50260121";"5026";9;"Gutt";"Høyere utdanning";65,704;-0,08056
"4083";"Norge";"50260123";"5026";9;"Jente";"Høyere utdanning";65,704;1,06572
"4084";"Norge";"50260125";"5026";9;"Gutt";"Kort utdanning";65,704;0,24649
"4085";"Norge";"50260126";"5026";9;"Jente";"Høyere utdanning";37,63793;0,17068
"4086";"Norge";"50260127";"5026";9;"Gutt";"Kort utdanning";34,6202;-0,22559
"4087";"Norge";"50260129";"5026";9;"Jente";"VGS";65,704;-1,76751
"4088";"Norge";"50260130";"5026";9;"Jente";"Ungdomsskole";65,704;-0,08564
"4089";"Norge";"50260131";"5026";9;"Jente";"Høyere utdanning";65,704;0,89778
"4090";"Norge";"50260201";"5026";9;"Jente";"Høyere utdanning";65,704;0,89778
"4091";"Norge";"50260202";"5026";9;"Jente";"Høyere utdanning";65,704;0,25024
"4092";"Norge";"50260203";"5026";9;"Jente";"Høyere utdanning";65,704;0,67385
"4093";"Norge";"50260204";"5026";9;"Gutt";"Ungdomsskole";65,704;-0,02591
"4094";"Norge";"50260207";"5026";9;"Jente";"Høyere utdanning";65,704;0,8418
"4095";"Norge";"50260208";"5026";9;"Gutt";"Høyere utdanning";36,11853;1,00974
"4096";"Norge";"50260212";"5026";9;"Jente";"Høyere utdanning";65,704;0,02631
"4097";"Norge";"50260213";"5026";9;"Jente";"Høyere utdanning";49,42491;0,05055
"4098";"Norge";"50260214";"5026";9;"Jente";"Høyere utdanning";44,59585;0,86979
"4099";"Norge";"50260216";"5026";9;"Jente";"VGS";65,704;0,82219
"4100";"Norge";"50260217";"5026";9;"Jente";"Ungdomsskole";34,6202;1,25791
"4101";"Norge";"50260218";"5026";9;"Jente";"Kort utdanning";65,704;-0,47685
"4102";"Norge";"50260219";"5026";9;"Gutt";"Høyere utdanning";15,93837;-0,16961
"4103";"Norge";"50260220";"5026";9;"Gutt";"Ungdomsskole";40,85939;0,64586
"4104";"Norge";"50260221";"5026";9;"Jente";"Høyere utdanning";65,704;0,36595
"4105";"Norge";"50260222";"5026";9;"Gutt";"Høyere utdanning";37,63793;-1,01483
"4106";"Norge";"50260223";"5026";9;"Gutt";"Ungdomsskole";42,6371;0,1927
"4107";"Norge";"50260224";"5026";9;"Jente";"Høyere utdanning";57,13913;1,59755
"4108";"Norge";"50260226";"5026";9;"Gutt";"VGS";52,66245;-1,09198
"4109";"Norge";"50270101";"5027";9;"Gutt";"Ungdomsskole";49,42491;0,28108
"4110";"Norge";"50270102";"5027";9;"Annet";"Høyere utdanning";37,63793;0,34006
"4111";"Norge";"50270104";"5027";9;"Jente";"Høyere utdanning";65,704;0,95376
"4112";"Norge";"50270106";"5027";9;"Jente";"VGS";65,704;-0,029
"4113";"Norge";"50270108";"5027";9;"Gutt";"Ungdomsskole";49,42491;0,50591
"4114";"Norge";"50270109";"5027";9;"Gutt";"Høyere utdanning";65,704;1,68152
"4115";"Norge";"50270114";"5027";9;"Gutt";"VGS";44,59585;0,30622
"4116";"Norge";"50270115";"5027";9;"Jente";"Høyere utdanning";52,66245;-0,11738
"4117";"Norge";"50270118";"5027";9;"Gutt";"Ungdomsskole";37,63793;0,67385
"4118";"Norge";"50270120";"5027";9;"Jente";"Høyere utdanning";65,704;0,64586
"4119";"Norge";"50270121";"5027";9;"Gutt";"Høyere utdanning";34,6202;0,30622
"4120";"Norge";"50280101";"5028";9;"Gutt";"VGS";28,03514;0,14269
"4121";"Norge";"50280102";"5028";9;"Gutt";"Høyere utdanning";39,20663;0,8418
"4122";"Norge";"50280103";"5028";9;"Gutt";"Høyere utdanning";42,6371;1,31764
"4123";"Norge";"50280104";"5028";9;"Gutt";"Ungdomsskole";65,704;0,69809
"4124";"Norge";"50280105";"5028";9;"Gutt";"VGS";39,20663;-0,2331
"4125";"Norge";"50280106";"5028";9;"Jente";"Høyere utdanning";65,704;-0,48501
"4126";"Norge";"50280107";"5028";9;"Gutt";"Kort utdanning";65,704;0,19492
"4127";"Norge";"50280108";"5028";9;"Gutt";"Høyere utdanning";65,704;1,68152
"4128";"Norge";"50280109";"5028";9;"Gutt";"Høyere utdanning";65,704;1,68152
"4129";"Norge";"50280111";"5028";9;"Jente";"Høyere utdanning";49,42491;-0,05765
"4130";"Norge";"50280112";"5028";9;"Jente";"Høyere utdanning";65,704;-0,08498
"4131";"Norge";"50280113";"5028";9;"Jente";"Kort utdanning";49,42491;0,3622
"4132";"Norge";"50280114";"5028";9;"Gutt";"Ungdomsskole";42,6371;0,72983
"4133";"Norge";"50280115";"5028";9;"Jente";"Høyere utdanning";65,704;0,0543
"4134";"Norge";"50280116";"5028";9;"Gutt";"Kort utdanning";46,81653;-0,1652
"4135";"Norge";"50280117";"5028";9;"Gutt";"VGS";42,6371;-0,50484
"4136";"Norge";"50280119";"5028";9;"Gutt";"Høyere utdanning";65,704;0,83805
"4137";"Norge";"50280120";"5028";9;"Gutt";"Høyere utdanning";65,704;0,27823
"4138";"Norge";"50280121";"5028";9;"Gutt";"VGS";65,704;0,95376
"4139";"Norge";"50280122";"5028";9;"Gutt";"Høyere utdanning";65,704;0,33421
"4140";"Norge";"50280123";"5028";9;"Gutt";"Høyere utdanning";65,704;0,41818
"4141";"Norge";"50280124";"5028";9;"Jente";"Høyere utdanning";65,704;0,30622
"4142";"Norge";"50280125";"5028";9;"Jente";"Kort utdanning";65,704;-1,60332
"4143";"Norge";"50280126";"5028";9;"Gutt";"Høyere utdanning";39,20663;0,39411
"4144";"Norge";"50280127";"5028";9;"Gutt";"Høyere utdanning";46,81653;1,56956
"4145";"Norge";"50280128";"5028";9;"Gutt";"Kort utdanning";49,42491;0,72983
"4146";"Norge";"50280129";"5028";9;"Jente";"Høyere utdanning";65,704;0,78581
"4147";"Norge";"50280130";"5028";9;"Jente";"Høyere utdanning";65,704;0,22225
"4148";"Norge";"50290101";"5029";9;"Gutt";"Ungdomsskole";57,13913;1,25791
"4149";"Norge";"50290102";"5029";9;"Gutt";"Høyere utdanning";57,13913;1,68152
"4150";"Norge";"50290103";"5029";9;"Jente";"VGS";65,704;1,00974
"4151";"Norge";"50290104";"5029";9;"Gutt";"Kort utdanning";65,704;0,33796
"4152";"Norge";"50290105";"5029";9;"Jente";"Høyere utdanning";65,704;0,28264
"4153";"Norge";"50290106";"5029";9;"Jente";"Høyere utdanning";65,704;0,25024
"4154";"Norge";"50290107";"5029";9;"Jente";"Høyere utdanning";65,704;1,17769
"4155";"Norge";"50290108";"5029";9;"Jente";"Høyere utdanning";57,13913;-0,05765
"4156";"Norge";"50290109";"5029";9;"Gutt";"Høyere utdanning";65,704;0,83805
"4157";"Norge";"50290110";"5029";9;"Gutt";"Høyere utdanning";49,42491;1,31764
"4158";"Norge";"50290111";"5029";9;"Gutt";"Høyere utdanning";65,704;0,8418
"4159";"Norge";"50290112";"5029";9;"Jente";"Høyere utdanning";65,704;0,98175
"4160";"Norge";"50290113";"5029";9;"Gutt";"Høyere utdanning";65,704;1,14969
"4161";"Norge";"50290114";"5029";9;"Gutt";"Kort utdanning";65,704;0,18498
"4162";"Norge";"50290115";"5029";9;"Jente";"Høyere utdanning";65,704;0,92202
"4163";"Norge";"50290116";"5029";9;"Jente";"VGS";65,704;0,33862
"4164";"Norge";"50290117";"5029";9;"Jente";"Høyere utdanning";65,704;1,68152
"4165";"Norge";"50290119";"5029";9;"Gutt";"Høyere utdanning";52,66245;0,36595
"4166";"Norge";"50290120";"5029";9;"Jente";"Høyere utdanning";65,704;1,03773
"4167";"Norge";"50290121";"5029";9;"Jente";"Høyere utdanning";65,704;1,29216
"4168";"Norge";"50290122";"5029";9;"Gutt";"Kort utdanning";65,704;0,39019
"4169";"Norge";"50290124";"5029";9;"Jente";"Kort utdanning";65,704;0,19867
"4170";"Norge";"50290125";"5029";9;"Gutt";"Høyere utdanning";65,704;1,06572
"4171";"Norge";"50290126";"5029";9;"Gutt";"Kort utdanning";52,66245;0,36595
"4172";"Norge";"50290127";"5029";9;"Jente";"Høyere utdanning";65,704;0,8418
"4173";"Norge";"50290402";"5029";9;"Gutt";"VGS";57,13913;-1,32474
"4174";"Norge";"50290404";"5029";9;"Gutt";"Høyere utdanning";57,13913;0,34489
"4175";"Norge";"50290405";"5029";9;"Jente";"Høyere utdanning";65,704;0,98175
"4176";"Norge";"50290407";"5029";9;"Jente";"Høyere utdanning";65,704;1,00974
"4177";"Norge";"50290408";"5029";9;"Gutt";"Høyere utdanning";65,704;1,31764
"4178";"Norge";"50290409";"5029";9;"Gutt";"Ungdomsskole";37,63793;0,70184
"4179";"Norge";"50290411";"5029";9;"Jente";"Høyere utdanning";62,87645;0,98175
"4180";"Norge";"50290412";"5029";9;"Jente";"Høyere utdanning";65,704;0,98175
"4181";"Norge";"50290413";"5029";9;"Jente";"VGS";65,704;-0,85189
"4182";"Norge";"50290414";"5029";9;"Gutt";"Høyere utdanning";40,85939;1,03773
"4183";"Norge";"50290416";"5029";9;"Jente";"Høyere utdanning";65,704;1,14594
"4184";"Norge";"50290419";"5029";9;"Jente";"Høyere utdanning";65,704;1,25791
"4185";"Norge";"50290420";"5029";9;"Jente";"Høyere utdanning";65,704;1,14969
"4186";"Norge";"50290422";"5029";9;"Gutt";"Høyere utdanning";65,704;1,68152
"4187";"Norge";"50290423";"5029";9;"Gutt";"Høyere utdanning";65,704;1,68152
"4188";"Norge";"50290424";"5029";9;"Jente";"Høyere utdanning";65,704;0,72983
"4189";"Norge";"50290426";"5029";9;"Jente";"Kort utdanning";65,704;0,75849
"4190";"Norge";"50300301";"5030";9;"Gutt";"Høyere utdanning";65,704;-0,12113
"4191";"Norge";"50300303";"5030";9;"Jente";"Høyere utdanning";65,704;-0,19319
"4192";"Norge";"50300304";"5030";9;"Gutt";"Kort utdanning";39,20663;-0,72877
"4193";"Norge";"50300306";"5030";9;"Gutt";"Høyere utdanning";65,704;1,03773
"4194";"Norge";"50300307";"5030";9;"Jente";"Høyere utdanning";65,704;-0,22559
"4195";"Norge";"50300308";"5030";9;"Gutt";"Høyere utdanning";40,85939;-0,84448
"4196";"Norge";"50300309";"5030";9;"Jente";"Høyere utdanning";49,42491;-0,67278
"4197";"Norge";"50300310";"5030";9;"Jente";"Høyere utdanning";57,13913;1,14594
"4198";"Norge";"50300311";"5030";9;"Gutt";"Høyere utdanning";65,704;1,34563
"4199";"Norge";"50300312";"5030";9;"Gutt";"Høyere utdanning";65,704;0,92577
"4200";"Norge";"50300313";"5030";9;"Jente";"Høyere utdanning";65,704;-0,90046
"4201";"Norge";"50300314";"5030";9;"Jente";"Høyere utdanning";65,704;0,95376
"4202";"Norge";"50300315";"5030";9;"Gutt";"Ungdomsskole";42,6371;-1,62756
"4203";"Norge";"50300316";"5030";9;"Jente";"Høyere utdanning";46,81653;-1,74364
"4204";"Norge";"50300317";"5030";9;"Jente";"Høyere utdanning";65,704;0,55814
"4205";"Norge";"50300320";"5030";9;"Gutt";"Høyere utdanning";37,63793;-0,9247
"4206";"Norge";"50300321";"5030";9;"Jente";"Høyere utdanning";49,42491;-1,17971
"4207";"Norge";"50310403";"5031";9;"Jente";"Høyere utdanning";65,704;1,26166
"4208";"Norge";"50310404";"5031";9;"Gutt";"Høyere utdanning";37,63793;-0,14096
"4209";"Norge";"50310405";"5031";9;"Gutt";"VGS";57,13913;-0,50109
"4210";"Norge";"50310406";"5031";9;"Gutt";"Ungdomsskole";65,704;0,33796
"4211";"Norge";"50310407";"5031";9;"Gutt";"Høyere utdanning";65,704;0,59054
"4212";"Norge";"50310408";"5031";9;"Jente";"Høyere utdanning";65,704;0,36595
"4213";"Norge";"50310409";"5031";9;"Gutt";"Høyere utdanning";49,42491;0,67385
"4214";"Norge";"50310410";"5031";9;"Jente";"VGS";65,704;-0,59258
"4215";"Norge";"50310412";"5031";9;"Jente";"Høyere utdanning";65,704;1,56956
"4216";"Norge";"50310414";"5031";9;"Jente";"Høyere utdanning";57,13913;0,79935
"4217";"Norge";"50310415";"5031";9;"Gutt";"Høyere utdanning";65,704;0,30622
"4218";"Norge";"50310416";"5031";9;"Jente";"Høyere utdanning";65,704;1,68152
"4219";"Norge";"50310417";"5031";9;"Gutt";"Høyere utdanning";44,59585;1,00974
"4220";"Norge";"50310418";"5031";9;"Jente";"Høyere utdanning";65,704;1,28965
"4221";"Norge";"50310419";"5031";9;"Gutt";"Kort utdanning";52,66245;1,68152
"4222";"Norge";"50310420";"5031";9;"Gutt";"Ungdomsskole";49,42491;1,26847
"4223";"Norge";"50310423";"5031";9;"Jente";"Høyere utdanning";65,704;1,17769
"4224";"Norge";"50310424";"5031";9;"Gutt";"VGS";40,85939;-0,84448
"4225";"Norge";"50310426";"5031";9;"Jente";"Ungdomsskole";65,704;-0,34131
"4226";"Norge";"50310801";"5031";9;"Gutt";"Høyere utdanning";65,704;0,36595
"4227";"Norge";"50310802";"5031";9;"Gutt";"Høyere utdanning";65,704;0,50591
"4228";"Norge";"50310803";"5031";9;"Gutt";"Kort utdanning";52,66245;0,92577
"4229";"Norge";"50310804";"5031";9;"Gutt";"Høyere utdanning";65,704;0,30622
"4230";"Norge";"50310805";"5031";9;"Jente";"Høyere utdanning";65,704;1,03773
"4231";"Norge";"50310806";"5031";9;"Gutt";"Høyere utdanning";34,6202;1,68152
"4232";"Norge";"50310807";"5031";9;"Jente";"Høyere utdanning";65,704;0,92577
"4233";"Norge";"50310808";"5031";9;"Jente";"Høyere utdanning";65,704;0,98175
"4234";"Norge";"50310809";"5031";9;"Gutt";"Høyere utdanning";49,42491;1,14969
"4235";"Norge";"50310810";"5031";9;"Jente";"VGS";65,704;1,06572
"4236";"Norge";"50310811";"5031";9;"Jente";"Høyere utdanning";65,704;0,92577
"4237";"Norge";"50310812";"5031";9;"Jente";"Høyere utdanning";65,704;0,50591
"4238";"Norge";"50310813";"5031";9;"Gutt";"Kort utdanning";31,55703;-0,67653
"4239";"Norge";"50310814";"5031";9;"Gutt";"Høyere utdanning";49,42491;1,09371
"4240";"Norge";"50310815";"5031";9;"Jente";"Høyere utdanning";65,704;1,29415
"4241";"Norge";"50310816";"5031";9;"Jente";"Kort utdanning";65,704;0,53945
"4242";"Norge";"50310818";"5031";9;"Gutt";"Høyere utdanning";65,704;1,1217
"4243";"Norge";"50310820";"5031";9;"Gutt";"Høyere utdanning";49,42491;1,31764
"4244";"Norge";"50310822";"5031";9;"Jente";"Høyere utdanning";57,13913;0,89403
"4245";"Norge";"50310824";"5031";9;"Gutt";"Høyere utdanning";46,81653;1,14969
"4246";"Norge";"50310825";"5031";9;"Jente";"VGS";57,13913;0,22666
"4247";"Norge";"50310826";"5031";9;"Jente";"Høyere utdanning";65,704;0,64586
"4248";"Norge";"50310827";"5031";9;"Jente";"Høyere utdanning";65,704;0,95376
"4249";"Norge";"50310828";"5031";9;"Jente";"Kort utdanning";65,704;0,47858
"4250";"Norge";"50310829";"5031";9;"Gutt";"Høyere utdanning";46,81653;0,70184
"4251";"Norge";"50310830";"5031";9;"Jente";"Høyere utdanning";65,704;1,68152
"4252";"Norge";"50330101";"5033";9;"Jente";"Kort utdanning";65,704;-0,25734
"4253";"Norge";"50330102";"5033";9;"Annet";"Ungdomsskole";65,704;0,13828
"4254";"Norge";"50330105";"5033";9;"Gutt";"Kort utdanning";52,66245;0,0624
"4255";"Norge";"50330106";"5033";9;"Gutt";"Høyere utdanning";52,66245;-0,90046
"4256";"Norge";"50330107";"5033";9;"Gutt";"Høyere utdanning";65,704;-0,1652
"4257";"Norge";"50330108";"5033";9;"Jente";"Høyere utdanning";65,704;-0,20135
"4258";"Norge";"50330109";"5033";9;"Jente";"Ungdomsskole";65,704;-1,036
"4259";"Norge";"50330110";"5033";9;"Jente";"Kort utdanning";65,704;-0,36679
"4260";"Norge";"50330111";"5033";9;"Gutt";"VGS";49,42491;0,88291
"4261";"Norge";"50330112";"5033";9;"Annet";"VGS";65,704;-0,0539
"4262";"Norge";"50330113";"5033";9;"Jente";"Høyere utdanning";65,704;0,92202
"4263";"Norge";"50330115";"5033";9;"Jente";"Høyere utdanning";65,704;0,13828
"4264";"Norge";"50330117";"5033";9;"Jente";"Kort utdanning";65,704;-1,17596
"4265";"Norge";"50330118";"5033";9;"Jente";"Ungdomsskole";65,704;-0,61222
"4266";"Norge";"50330119";"5033";9;"Jente";"Kort utdanning";65,704;-0,56457
"4267";"Norge";"50330121";"5033";9;"Gutt";"Kort utdanning";28,03514;-0,12955
"4268";"Norge";"50330122";"5033";9;"Gutt";"VGS";37,63793;-1,88107
"4269";"Norge";"50330123";"5033";9;"Gutt";"Høyere utdanning";65,704;-1,48385
"4270";"Norge";"50330125";"5033";9;"Gutt";"Høyere utdanning";65,704;0,95376
"4271";"Norge";"50330127";"5033";9;"Gutt";"VGS";39,20663;-0,50859
"4272";"Norge";"50330128";"5033";9;"Jente";"Kort utdanning";37,63793;-1,74393
"4273";"Norge";"50330129";"5033";9;"Gutt";"Høyere utdanning";57,13913;-1,45586
"4274";"Norge";"50330130";"5033";9;"Jente";"VGS";65,704;-0,66837
"4275";"Norge";"50330304";"5033";9;"Gutt";"Kort utdanning";46,81653;-0,14096
"4276";"Norge";"50330305";"5033";9;"Jente";"Høyere utdanning";65,704;0,22225
"4277";"Norge";"50330306";"5033";9;"Gutt";"VGS";40,85939;-1,88389
"4278";"Norge";"50330307";"5033";9;"Jente";"Høyere utdanning";65,704;1,58478
"4279";"Norge";"50330310";"5033";9;"Gutt";"Kort utdanning";42,6371;0,22225
"4280";"Norge";"50330311";"5033";9;"Gutt";"Kort utdanning";40,85939;-0,45261
"4281";"Norge";"50330313";"5033";9;"Gutt";"Kort utdanning";37,63793;-2,33108
"4282";"Norge";"50330314";"5033";9;"Jente";"Kort utdanning";65,704;0,47417
"4283";"Norge";"50330317";"5033";9;"Jente";"Høyere utdanning";65,704;-0,42903
"4284";"Norge";"50330319";"5033";9;"Annet";"Kort utdanning";37,63793;0,08671
"4285";"Norge";"50330320";"5033";9;"Annet";"Høyere utdanning";65,704;-0,28158
"4286";"Norge";"50330322";"5033";9;"Jente";"Høyere utdanning";65,704;0,64586
"4287";"Norge";"50330323";"5033";9;"Gutt";"Kort utdanning";49,42491;0,92202
"4288";"Norge";"50330325";"5033";9;"Jente";"Høyere utdanning";65,704;0,39019
"4289";"Norge";"50330326";"5033";9;"Gutt";"VGS";57,13913;-2,3789
"4290";"Norge";"50330327";"5033";9;"Jente";"Ungdomsskole";42,6371;-0,45261
"4291";"Norge";"50330328";"5033";9;"Gutt";"Høyere utdanning";42,6371;0,8418
"4292";"Norge";"50330329";"5033";9;"Jente";"Kort utdanning";65,704;0,08605
"4293";"Norge";"50330330";"5033";9;"Jente";"Ungdomsskole";49,42491;-2,56145
"4294";"Norge";"50330331";"5033";9;"Annet";"VGS";57,13913;-0,05324
"4295";"Norge";"50330332";"5033";9;"Gutt";"Høyere utdanning";39,20663;-1,7955
"4296";"Norge";"50340201";"5034";9;"Gutt";"Høyere utdanning";52,66245;-0,24917
"4297";"Norge";"50340203";"5034";9;"Gutt";"Kort utdanning";57,13913;-0,84007
"4298";"Norge";"50340204";"5034";9;"Gutt";"Kort utdanning";62,87645;0,28264
"4299";"Norge";"50340206";"5034";9;"Jente";"Høyere utdanning";65,704;1,14969
"4300";"Norge";"50340207";"5034";9;"Gutt";"VGS";49,42491;0,71582
"4301";"Norge";"50340208";"5034";9;"Jente";"Kort utdanning";44,59585;-0,44511
"4302";"Norge";"50340209";"5034";9;"Gutt";"VGS";57,13913;-0,05765
"4303";"Norge";"50340210";"5034";9;"Gutt";"VGS";36,11853;0,36595
"4304";"Norge";"50340211";"5034";9;"Jente";"Høyere utdanning";65,704;-0,47751
"4305";"Norge";"50340212";"5034";9;"Jente";"Høyere utdanning";65,704;0,33046
"4306";"Norge";"50340213";"5034";9;"Jente";"Høyere utdanning";65,704;-0,28533
"4307";"Norge";"50340214";"5034";9;"Jente";"Ungdomsskole";65,704;0,89778
"4308";"Norge";"50340215";"5034";9;"Gutt";"Kort utdanning";39,20663;-1,17971
"4309";"Norge";"50340216";"5034";9;"Jente";"Kort utdanning";46,81653;0,95376
"4310";"Norge";"50340217";"5034";9;"Gutt";"Høyere utdanning";46,81653;1,06572
"4311";"Norge";"50340218";"5034";9;"Jente";"VGS";65,704;-1,03666
"4312";"Norge";"50340219";"5034";9;"Jente";"Høyere utdanning";57,13913;-0,23174
"4313";"Norge";"50340220";"5034";9;"Jente";"Ungdomsskole";46,81653;-1,63263
"4314";"Norge";"50340501";"5034";9;"Gutt";"Kort utdanning";37,63793;-0,22493
"4315";"Norge";"50340503";"5034";9;"Gutt";"Høyere utdanning";37,63793;-1,59957
"4316";"Norge";"50340504";"5034";9;"Jente";"Høyere utdanning";65,704;-0,05765
"4317";"Norge";"50340505";"5034";9;"Jente";"VGS";46,81653;-2,21912
"4318";"Norge";"50340506";"5034";9;"Gutt";"Ungdomsskole";46,81653;-2,30309
"4319";"Norge";"50340507";"5034";9;"Gutt";"Ungdomsskole";52,66245;0,45059
"4320";"Norge";"50340508";"5034";9;"Gutt";"VGS";42,6371;-1,23005
"4321";"Norge";"50340509";"5034";9;"Jente";"Høyere utdanning";65,704;0,89778
"4322";"Norge";"50340510";"5034";9;"Gutt";"VGS";42,6371;-0,47619
"4323";"Norge";"50340511";"5034";9;"Gutt";"Høyere utdanning";44,59585;0,8418
"4324";"Norge";"50340512";"5034";9;"Jente";"VGS";65,704;0,39394
"4325";"Norge";"50340513";"5034";9;"Annet";"VGS";65,704;0,36595
"4326";"Norge";"50340514";"5034";9;"Jente";"VGS";65,704;-1,74393
"4327";"Norge";"50340515";"5034";9;"Gutt";"Kort utdanning";33,11239;-0,76051
"4328";"Norge";"50340516";"5034";9;"Gutt";"VGS";44,59585;-0,00542
"4329";"Norge";"50340517";"5034";9;"Gutt";"Ungdomsskole";65,704;-0,10856
"4330";"Norge";"50340518";"5034";9;"Jente";"Kort utdanning";49,42491;0,58988
"4331";"Norge";"50340520";"5034";9;"Jente";"VGS";65,704;0,58988
"4332";"Norge";"50340521";"5034";9;"Gutt";"Ungdomsskole";65,704;-0,8209
"4333";"Norge";"50360301";"5036";9;"Gutt";"Høyere utdanning";44,59585;0,41818
"4334";"Norge";"50360303";"5036";9;"Jente";"Høyere utdanning";65,704;0,86979
"4335";"Norge";"50360304";"5036";9;"Gutt";"Høyere utdanning";57,13913;1,06572
"4336";"Norge";"50360305";"5036";9;"Gutt";"Høyere utdanning";49,42491;0,8418
"4337";"Norge";"50360306";"5036";9;"Jente";"Ungdomsskole";65,704;1,00599
"4338";"Norge";"50360307";"5036";9;"Jente";"Høyere utdanning";65,704;0,8418
"4339";"Norge";"50360308";"5036";9;"Gutt";"Høyere utdanning";65,704;1,00974
"4340";"Norge";"50360310";"5036";9;"Gutt";"Høyere utdanning";65,704;1,03773
"4341";"Norge";"50360311";"5036";9;"Jente";"Høyere utdanning";65,704;1,14969
"4342";"Norge";"50360312";"5036";9;"Jente";"Høyere utdanning";65,704;0,98175
"4343";"Norge";"50360313";"5036";9;"Annet";"Høyere utdanning";65,704;1,1217
"4344";"Norge";"50360314";"5036";9;"Jente";"Høyere utdanning";65,704;1,56956
"4345";"Norge";"50360315";"5036";9;"Gutt";"Høyere utdanning";39,20663;0,18763
"4346";"Norge";"50360316";"5036";9;"Jente";"Høyere utdanning";65,704;0,58613
"4347";"Norge";"50360317";"5036";9;"Gutt";"Kort utdanning";44,59585;0,64586
"4348";"Norge";"50360318";"5036";9;"Gutt";"Høyere utdanning";37,63793;0,30622
"4349";"Norge";"50360319";"5036";9;"Gutt";"Høyere utdanning";65,704;0,9081
"4350";"Norge";"50360320";"5036";9;"Gutt";"VGS";39,20663;1,68152
"4351";"Norge";"50360321";"5036";9;"Gutt";"Høyere utdanning";65,704;1,68152
"4352";"Norge";"50360322";"5036";9;"Jente";"VGS";36,90555;-0,05765
"4353";"Norge";"50360324";"5036";9;"Jente";"Høyere utdanning";65,704;1,68152
"4354";"Norge";"50360325";"5036";9;"Gutt";"Høyere utdanning";65,704;0,78581
"4355";"Norge";"50360327";"5036";9;"Gutt";"Høyere utdanning";34,6202;0,30997
"4356";"Norge";"50360328";"5036";9;"Jente";"Høyere utdanning";65,704;0,98175
"4357";"Norge";"50360330";"5036";9;"Gutt";"Høyere utdanning";42,6371;-0,14096
"4358";"Norge";"50360332";"5036";9;"Jente";"Høyere utdanning";65,704;0,8418
"4359";"Norge";"50360333";"5036";9;"Gutt";"Høyere utdanning";40,85939;1,68152
"4360";"Norge";"50360701";"5036";9;"Gutt";"Høyere utdanning";42,6371;0,98175
"4361";"Norge";"50360702";"5036";9;"Jente";"Høyere utdanning";65,704;0,41818
"4362";"Norge";"50360703";"5036";9;"Gutt";"Høyere utdanning";49,42491;0,4226
"4363";"Norge";"50360705";"5036";9;"Gutt";"Høyere utdanning";57,13913;0,81381
"4364";"Norge";"50360706";"5036";9;"Gutt";"Høyere utdanning";65,704;0,92202
"4365";"Norge";"50360707";"5036";9;"Jente";"Høyere utdanning";65,704;1,26166
"4366";"Norge";"50360708";"5036";9;"Gutt";"Høyere utdanning";65,704;0,28264
"4367";"Norge";"50360709";"5036";9;"Gutt";"Ungdomsskole";65,704;0,69809
"4368";"Norge";"50360710";"5036";9;"Jente";"Høyere utdanning";65,704;1,40161
"4369";"Norge";"50360711";"5036";9;"Jente";"Høyere utdanning";65,704;0,89778
"4370";"Norge";"50360712";"5036";9;"Gutt";"Ungdomsskole";52,66245;0,75782
"4371";"Norge";"50360713";"5036";9;"Gutt";"Høyere utdanning";65,704;0,3622
"4372";"Norge";"50360714";"5036";9;"Gutt";"VGS";62,87645;-0,58815
"4373";"Norge";"50360715";"5036";9;"Jente";"Høyere utdanning";65,704;1,34563
"4374";"Norge";"50360716";"5036";9;"Jente";"Høyere utdanning";65,704;0,95376
"4375";"Norge";"50360717";"5036";9;"Jente";"Kort utdanning";65,704;0,3622
"4376";"Norge";"50360718";"5036";9;"Gutt";"Ungdomsskole";52,66245;0,13453
"4377";"Norge";"50360719";"5036";9;"Jente";"Høyere utdanning";65,704;0,39019
"4378";"Norge";"50360720";"5036";9;"Gutt";"Ungdomsskole";52,66245;0,36662
"4379";"Norge";"50360721";"5036";9;"Jente";"Høyere utdanning";65,704;0,8418
"4380";"Norge";"50360723";"5036";9;"Gutt";"Høyere utdanning";65,704;1,68152
"4381";"Norge";"50360724";"5036";9;"Jente";"Høyere utdanning";65,704;-0,90633
"4382";"Norge";"50360725";"5036";9;"Jente";"Høyere utdanning";65,704;1,68152
"4383";"Norge";"50360726";"5036";9;"Gutt";"Høyere utdanning";52,66245;0,61412
"4384";"Norge";"50360727";"5036";9;"Jente";"Høyere utdanning";65,704;1,34563
"4385";"Norge";"50360728";"5036";9;"Gutt";"Høyere utdanning";49,42491;1,56956
"4386";"Norge";"50360729";"5036";9;"Gutt";"Kort utdanning";65,704;0,98175
"4387";"Norge";"50370201";"5037";9;"Gutt";"VGS";65,704;0,08229
"4388";"Norge";"50370203";"5037";9;"Gutt";"VGS";65,704;-0,38913
"4389";"Norge";"50370204";"5037";9;"Gutt";"Ungdomsskole";37,63793;-0,45261
"4390";"Norge";"50370205";"5037";9;"Gutt";"Høyere utdanning";15,93837;-1,32032
"4391";"Norge";"50370207";"5037";9;"Gutt";"Høyere utdanning";65,704;0,95376
"4392";"Norge";"50370208";"5037";9;"Gutt";"Høyere utdanning";49,42491;0,72608
"4393";"Norge";"50370209";"5037";9;"Gutt";"Høyere utdanning";40,85939;0,89778
"4394";"Norge";"50370210";"5037";9;"Jente";"Ungdomsskole";65,704;-0,05765
"4395";"Norge";"50370211";"5037";9;"Jente";"Høyere utdanning";57,13913;-1,32032
"4396";"Norge";"50370213";"5037";9;"Jente";"Høyere utdanning";65,704;0,89778
"4397";"Norge";"50370214";"5037";9;"Jente";"Høyere utdanning";57,13913;0,50591
"4398";"Norge";"50370215";"5037";9;"Gutt";"Høyere utdanning";51,76937;0,08605
"4399";"Norge";"50370216";"5037";9;"Gutt";"Ungdomsskole";40,85939;-2,83425
"4400";"Norge";"50370217";"5037";9;"Jente";"Høyere utdanning";44,59585;0,89403
"4401";"Norge";"50370218";"5037";9;"Gutt";"Høyere utdanning";36,11853;1,68152
"4402";"Norge";"50370219";"5037";9;"Gutt";"Høyere utdanning";42,6371;-0,90487
"4403";"Norge";"50370221";"5037";9;"Jente";"Kort utdanning";65,704;0,17068
"4404";"Norge";"50370222";"5037";9;"Jente";"Ungdomsskole";52,66245;0,0543
"4405";"Norge";"50370223";"5037";9;"Gutt";"Høyere utdanning";52,66245;-0,50859
"4406";"Norge";"50370224";"5037";9;"Gutt";"Høyere utdanning";52,66245;1,17393
"4407";"Norge";"50370225";"5037";9;"Jente";"Høyere utdanning";65,704;-1,20395
"4408";"Norge";"50370226";"5037";9;"Jente";"Høyere utdanning";65,704;0,78581
"4409";"Norge";"50370227";"5037";9;"Jente";"Ungdomsskole";65,704;-0,05765
"4410";"Norge";"50370228";"5037";9;"Jente";"Høyere utdanning";65,704;0,86979
"4411";"Norge";"50370501";"5037";9;"Jente";"Høyere utdanning";65,704;-0,70077
"4412";"Norge";"50370502";"5037";9;"Jente";"VGS";39,20663;-1,03666
"4413";"Norge";"50370504";"5037";9;"Gutt";"Kort utdanning";65,704;1,03773
"4414";"Norge";"50370505";"5037";9;"Jente";"Høyere utdanning";65,704;-1,82724
"4415";"Norge";"50370506";"5037";9;"Gutt";"Høyere utdanning";44,59585;0,75407
"4416";"Norge";"50370507";"5037";9;"Jente";"Høyere utdanning";65,704;0,83805
"4417";"Norge";"50370509";"5037";9;"Gutt";"Kort utdanning";57,13913;1,03773
"4418";"Norge";"50370510";"5037";9;"Jente";"Høyere utdanning";65,704;0,8418
"4419";"Norge";"50370511";"5037";9;"Gutt";"Kort utdanning";57,13913;-0,30515
"4420";"Norge";"50370513";"5037";9;"Gutt";"Høyere utdanning";40,85939;-1,6593
"4421";"Norge";"50370514";"5037";9;"Gutt";"Høyere utdanning";65,704;0,47417
"4422";"Norge";"50370515";"5037";9;"Jente";"VGS";40,50111;-1,18959
"4423";"Norge";"50370516";"5037";9;"Gutt";"Høyere utdanning";49,42491;0,33421
"4424";"Norge";"50370518";"5037";9;"Gutt";"VGS";40,85939;0,89778
"4425";"Norge";"50370519";"5037";9;"Jente";"Høyere utdanning";65,704;1,31764
"4426";"Norge";"50370520";"5037";9;"Jente";"Ungdomsskole";46,81653;-2,37952
"4427";"Norge";"50370521";"5037";9;"Jente";"Høyere utdanning";57,13913;0,92577
"4428";"Norge";"50370522";"5037";9;"Gutt";"VGS";65,704;-0,48501
"4429";"Norge";"50370523";"5037";9;"Jente";"Ungdomsskole";57,13913;0,58988
"4430";"Norge";"50370524";"5037";9;"Gutt";"VGS";57,13913;0,30622
"4431";"Norge";"50370525";"5037";9;"Gutt";"Høyere utdanning";65,704;-0,08939
"4432";"Norge";"50370526";"5037";9;"Jente";"Høyere utdanning";49,42491;1,25791
"4433";"Norge";"50370527";"5037";9;"Jente";"Høyere utdanning";49,42491;0,72608
"4434";"Norge";"50370528";"5037";9;"Gutt";"Kort utdanning";65,704;0,64211
"4435";"Norge";"50370529";"5037";9;"Jente";"Høyere utdanning";57,13913;0,67385
"4436";"Norge";"50380201";"5038";9;"Jente";"Kort utdanning";65,704;0,8418
"4437";"Norge";"50380205";"5038";9;"Jente";"Høyere utdanning";37,63793;0,89778
"4438";"Norge";"50380206";"5038";9;"Jente";"VGS";65,704;-0,98068
"4439";"Norge";"50380207";"5038";9;"Jente";"Ungdomsskole";57,13913;-1,15238
"4440";"Norge";"50380208";"5038";9;"Jente";"Kort utdanning";42,6371;-0,34131
"4441";"Norge";"50380210";"5038";9;"Jente";"Høyere utdanning";46,81653;0,64211
"4442";"Norge";"50380211";"5038";9;"Gutt";"Høyere utdanning";65,704;1,68152
"4443";"Norge";"50380212";"5038";9;"Jente";"Høyere utdanning";65,704;0,69809
"4444";"Norge";"50380213";"5038";9;"Jente";"Høyere utdanning";37,63793;0,8418
"4445";"Norge";"50380214";"5038";9;"Gutt";"Høyere utdanning";65,704;0,81381
"4446";"Norge";"50380215";"5038";9;"Jente";"Høyere utdanning";57,13913;0,50216
"4447";"Norge";"50380218";"5038";9;"Gutt";"VGS";39,81446;-2,1638
"4448";"Norge";"50380219";"5038";9;"Jente";"Ungdomsskole";65,704;-0,30515
"4449";"Norge";"50380222";"5038";9;"Jente";"Høyere utdanning";65,704;0,09765
"4450";"Norge";"50380223";"5038";9;"Jente";"Høyere utdanning";65,704;1,40161
"4451";"Norge";"50380224";"5038";9;"Gutt";"Ungdomsskole";49,42491;-0,6168
"4452";"Norge";"50380225";"5038";9;"Jente";"Kort utdanning";37,63793;-0,05765
"4453";"Norge";"50380226";"5038";9;"Gutt";"VGS";39,20663;-1,03756
"4454";"Norge";"50380227";"5038";9;"Gutt";"Kort utdanning";42,6371;-0,7244
"4455";"Norge";"50380228";"5038";9;"Gutt";"Ungdomsskole";40,85939;-3,54802
"4456";"Norge";"50380229";"5038";9;"Jente";"VGS";40,85939;-2,69011
"4457";"Norge";"50380230";"5038";9;"Gutt";"Høyere utdanning";42,6371;-2,2751
"4458";"Norge";"50380231";"5038";9;"Gutt";"Høyere utdanning";57,13913;1,31764
"4459";"Norge";"50380232";"5038";9;"Jente";"Høyere utdanning";49,42491;0,72608
"4460";"Norge";"50380233";"5038";9;"Gutt";"Høyere utdanning";49,42491;1,2194
"4461";"Norge";"50380234";"5038";9;"Jente";"Høyere utdanning";57,13913;-1,71594
"4462";"Norge";"50380236";"5038";9;"Gutt";"Høyere utdanning";49,42491;0,72983
"4463";"Norge";"50380237";"5038";9;"Jente";"Kort utdanning";42,6371;-0,05765
"4464";"Norge";"50380238";"5038";9;"Jente";"Høyere utdanning";65,704;0,50591
"4465";"Norge";"50380239";"5038";9;"Jente";"Høyere utdanning";65,704;0,72983
"4466";"Norge";"50380240";"5038";9;"Gutt";"Høyere utdanning";37,63793;-2,04301
"4467";"Norge";"50380241";"5038";9;"Gutt";"Høyere utdanning";39,20663;0,39461
"4468";"Norge";"50380244";"5038";9;"Jente";"Ungdomsskole";65,704;0,41818
"4469";"Norge";"50380245";"5038";9;"Gutt";"Høyere utdanning";34,6202;0,5339
"4470";"Norge";"50380301";"5038";9;"Jente";"Høyere utdanning";65,704;-1,29674
"4471";"Norge";"50380304";"5038";9;"Jente";"Høyere utdanning";65,704;0,8418
"4472";"Norge";"50380305";"5038";9;"Gutt";"Høyere utdanning";52,66245;-0,05765
"4473";"Norge";"50380306";"5038";9;"Jente";"Høyere utdanning";37,63793;0,47417
"4474";"Norge";"50380307";"5038";9;"Jente";"Høyere utdanning";65,704;0,56189
"4475";"Norge";"50380308";"5038";9;"Gutt";"Høyere utdanning";65,704;1,31764
"4476";"Norge";"50380310";"5038";9;"Gutt";"Høyere utdanning";49,42491;-0,19319
"4477";"Norge";"50380311";"5038";9;"Jente";"Høyere utdanning";65,704;1,1217
"4478";"Norge";"50380312";"5038";9;"Jente";"Høyere utdanning";57,13913;-0,33756
"4479";"Norge";"50380314";"5038";9;"Gutt";"Ungdomsskole";39,20663;0,56321
"4480";"Norge";"50380315";"5038";9;"Gutt";"Høyere utdanning";57,13913;-1,68765
"4481";"Norge";"50380316";"5038";9;"Jente";"Høyere utdanning";57,13913;-2,35907
"4482";"Norge";"50380317";"5038";9;"Jente";"VGS";65,704;0,8418
"4483";"Norge";"50380318";"5038";9;"Jente";"Høyere utdanning";65,704;-0,48126
"4484";"Norge";"50380319";"5038";9;"Gutt";"VGS";46,25673;-1,42787
"4485";"Norge";"50380320";"5038";9;"Gutt";"Høyere utdanning";65,704;-0,58881
"4486";"Norge";"50380321";"5038";9;"Gutt";"Høyere utdanning";52,66245;-0,61305
"4487";"Norge";"50380322";"5038";9;"Jente";"Høyere utdanning";65,704;0,36595
"4488";"Norge";"50380323";"5038";9;"Jente";"VGS";65,704;0,41818
"4489";"Norge";"50380324";"5038";9;"Gutt";"Kort utdanning";65,704;-0,79291
"4490";"Norge";"50380325";"5038";9;"Gutt";"Høyere utdanning";49,42491;-1,04752
"4491";"Norge";"50380326";"5038";9;"Gutt";"Ungdomsskole";46,81653;-1,17662
"4492";"Norge";"50380327";"5038";9;"Gutt";"Kort utdanning";40,85939;0,22666
"4493";"Norge";"50380328";"5038";9;"Jente";"Høyere utdanning";65,704;-1,59582
"4494";"Norge";"50380329";"5038";9;"Gutt";"Ungdomsskole";37,63793;0,30622
"4495";"Norge";"50380330";"5038";9;"Jente";"Høyere utdanning";65,704;1,00974
"4496";"Norge";"50380332";"5038";9;"Gutt";"Høyere utdanning";57,13913;-1,99144
"4497";"Norge";"50380333";"5038";9;"Jente";"Høyere utdanning";57,13913;0,47041
"4498";"Norge";"50380334";"5038";9;"Gutt";"Høyere utdanning";65,704;0,47417
"4499";"Norge";"50380335";"5038";9;"Gutt";"Høyere utdanning";42,6371;1,1217
"4500";"Norge";"50380336";"5038";9;"Gutt";"Høyere utdanning";65,704;0,8418
"4501";"Norge";"50380337";"5038";9;"Jente";"Ungdomsskole";65,704;-0,54099
"4502";"Norge";"50380339";"5038";9;"Jente";"Høyere utdanning";65,704;1,34563
"4503";"Norge";"50380340";"5038";9;"Gutt";"Kort utdanning";65,704;0,47417
"4504";"Norge";"50380341";"5038";9;"Jente";"Høyere utdanning";65,704;0,89778
"4505";"Norge";"50380342";"5038";9;"Gutt";"VGS";37,63793;0,53015
"4506";"Norge";"50380343";"5038";9;"Annet";"Kort utdanning";36,11853;0,36595
"4507";"Norge";"50380344";"5038";9;"Jente";"Høyere utdanning";65,704;-0,92911
"4508";"Norge";"50400101";"5040";9;"Gutt";"Høyere utdanning";65,704;-1,62756
"4509";"Norge";"50400102";"5040";9;"Jente";"Høyere utdanning";65,06482;0,6701
"4510";"Norge";"50400103";"5040";9;"Gutt";"Høyere utdanning";49,42491;-0,11083
"4511";"Norge";"50400104";"5040";9;"Jente";"Høyere utdanning";57,13913;0,47417
"4512";"Norge";"50400105";"5040";9;"Jente";"Høyere utdanning";65,704;0,41818
"4513";"Norge";"50400106";"5040";9;"Gutt";"Kort utdanning";57,13913;-0,08498
"4514";"Norge";"50400108";"5040";9;"Jente";"Høyere utdanning";65,704;1,26166
"4515";"Norge";"50400109";"5040";9;"Jente";"Kort utdanning";37,63793;-0,54165
"4516";"Norge";"50400111";"5040";9;"Jente";"VGS";57,13913;-1,79175
"4517";"Norge";"50400112";"5040";9;"Gutt";"Høyere utdanning";65,704;-0,39354
"4518";"Norge";"50400113";"5040";9;"Jente";"Kort utdanning";65,704;-0,94828
"4519";"Norge";"50400114";"5040";9;"Jente";"Høyere utdanning";65,704;0,36595
"4520";"Norge";"50400115";"5040";9;"Jente";"VGS";37,63793;-1,26809
"4521";"Norge";"50400116";"5040";9;"Gutt";"Høyere utdanning";65,704;0,31063
"4522";"Norge";"50400117";"5040";9;"Gutt";"Høyere utdanning";65,704;-1,65555
"4523";"Norge";"50400119";"5040";9;"Gutt";"Kort utdanning";42,6371;0,08671
"4524";"Norge";"50400120";"5040";9;"Gutt";"Høyere utdanning";57,13913;0,06944
"4525";"Norge";"50400122";"5040";9;"Jente";"Kort utdanning";49,42491;0,50591
"4526";"Norge";"50400124";"5040";9;"Gutt";"Høyere utdanning";39,20663;0,14269
"4527";"Norge";"50400125";"5040";9;"Jente";"Høyere utdanning";49,42491;0,41818
"4528";"Norge";"50400126";"5040";9;"Jente";"Høyere utdanning";65,704;1,26166
"4529";"Norge";"50400127";"5040";9;"Gutt";"VGS";15,93837;-1,72611
"4530";"Norge";"50400128";"5040";9;"Gutt";"Høyere utdanning";42,6371;0,96544
"4531";"Norge";"50400403";"5040";9;"Gutt";"Kort utdanning";52,66245;0,00274
"4532";"Norge";"50400406";"5040";9;"Jente";"Kort utdanning";65,704;0,81381
"4533";"Norge";"50400407";"5040";9;"Gutt";"VGS";37,63793;0,72983
"4534";"Norge";"50400409";"5040";9;"Jente";"Høyere utdanning";65,704;1,14594
"4535";"Norge";"50400410";"5040";9;"Jente";"VGS";49,42491;0,28264
"4536";"Norge";"50400411";"5040";9;"Gutt";"VGS";37,63793;0,69315
"4537";"Norge";"50400413";"5040";9;"Gutt";"Kort utdanning";65,704;-0,22118
"4538";"Norge";"50400414";"5040";9;"Annet";"VGS";65,704;-0,1652
"4539";"Norge";"50400416";"5040";9;"Jente";"Høyere utdanning";65,704;0,61787
"4540";"Norge";"50400417";"5040";9;"Jente";"Høyere utdanning";65,704;1,17769
"4541";"Norge";"50400418";"5040";9;"Gutt";"Høyere utdanning";65,704;-0,3693
"4542";"Norge";"50400419";"5040";9;"Gutt";"Høyere utdanning";44,59585;-0,19319
"4543";"Norge";"50400421";"5040";9;"Jente";"Ungdomsskole";65,704;0,95376
"4544";"Norge";"50400422";"5040";9;"Gutt";"Høyere utdanning";37,63793;-1,12093
"4545";"Norge";"50400423";"5040";9;"Jente";"Høyere utdanning";57,13913;0,8418
"4546";"Norge";"50420101";"5042";9;"Jente";"VGS";65,704;-1,4876
"4547";"Norge";"50420102";"5042";9;"Gutt";"VGS";46,81653;-0,31707
"4548";"Norge";"50420104";"5042";9;"Jente";"Høyere utdanning";65,704;0,50591
"4549";"Norge";"50420105";"5042";9;"Jente";"Ungdomsskole";65,704;-1,11622
"4550";"Norge";"50420106";"5042";9;"Jente";"Ungdomsskole";65,704;1,20568
"4551";"Norge";"50420107";"5042";9;"Gutt";"Ungdomsskole";39,20663;-0,50484
"4552";"Norge";"50420109";"5042";9;"Jente";"Høyere utdanning";65,704;-0,19319
"4553";"Norge";"50420110";"5042";9;"Gutt";"VGS";37,63793;-1,01684
"4554";"Norge";"50420111";"5042";9;"Gutt";"Ungdomsskole";42,6371;-0,19694
"4555";"Norge";"50420112";"5042";9;"Jente";"Høyere utdanning";65,704;-1,39922
"4556";"Norge";"50420113";"5042";9;"Gutt";"Høyere utdanning";44,59585;0,4066
"4557";"Norge";"50420115";"5042";9;"Jente";"Høyere utdanning";65,704;-1,03225
"4558";"Norge";"50420116";"5042";9;"Jente";"Kort utdanning";65,704;-0,22052
"4559";"Norge";"50420117";"5042";9;"Gutt";"Kort utdanning";65,704;0,47417
"4560";"Norge";"50420118";"5042";9;"Gutt";"VGS";49,42491;-0,92845
"4561";"Norge";"50420301";"5042";9;"Jente";"Høyere utdanning";65,704;-0,64038
"4562";"Norge";"50420302";"5042";9;"Jente";"Kort utdanning";65,704;0,61787
"4563";"Norge";"50420305";"5042";9;"Jente";"Ungdomsskole";35,7171;-0,67653
"4564";"Norge";"50420306";"5042";9;"Jente";"Høyere utdanning";65,704;0,33862
"4565";"Norge";"50420307";"5042";9;"Jente";"Høyere utdanning";65,704;0,08229
"4566";"Norge";"50420308";"5042";9;"Jente";"VGS";65,704;1,68152
"4567";"Norge";"50420309";"5042";9;"Gutt";"Høyere utdanning";44,59585;-1,99144
"4568";"Norge";"50420310";"5042";9;"Gutt";"Ungdomsskole";44,59585;-0,61746
"4569";"Norge";"50420311";"5042";9;"Gutt";"Kort utdanning";42,6371;-1,1288
"4570";"Norge";"50420312";"5042";9;"Jente";"Kort utdanning";57,13913;-0,1652
"4571";"Norge";"50420313";"5042";9;"Gutt";"Kort utdanning";44,59585;-1,46028
"4572";"Norge";"50420315";"5042";9;"Gutt";"Ungdomsskole";42,6371;0,89778
"4573";"Norge";"50420317";"5042";9;"Jente";"VGS";65,704;-0,30515
"4574";"Norge";"50420318";"5042";9;"Gutt";"Høyere utdanning";36,11853;0,8418
"4575";"Norge";"50430101";"5043";9;"Jente";"Ungdomsskole";65,704;0,61787
"4576";"Norge";"50430102";"5043";9;"Jente";"Høyere utdanning";65,704;1,25791
"4577";"Norge";"50430103";"5043";9;"Gutt";"Ungdomsskole";39,20663;-2,55434
"4578";"Norge";"50430104";"5043";9;"Jente";"Høyere utdanning";65,704;1,03773
"4579";"Norge";"50430105";"5043";9;"Jente";"Høyere utdanning";65,704;1,68152
"4580";"Norge";"50430106";"5043";9;"Jente";"Høyere utdanning";65,704;0,76687
"4581";"Norge";"50430107";"5043";9;"Gutt";"Høyere utdanning";49,42491;0,72233
"4582";"Norge";"50430108";"5043";9;"Gutt";"Kort utdanning";44,59585;-0,89671
"4583";"Norge";"50430109";"5043";9;"Jente";"Høyere utdanning";65,704;0,33421
"4584";"Norge";"50430110";"5043";9;"Gutt";"Høyere utdanning";37,63793;1,03773
"4585";"Norge";"50430112";"5043";9;"Jente";"Høyere utdanning";65,704;0,69809
"4586";"Norge";"50430114";"5043";9;"Jente";"Ungdomsskole";52,66245;0,50591
"4587";"Norge";"50430115";"5043";9;"Gutt";"Høyere utdanning";37,63793;-0,30449
"4588";"Norge";"50430116";"5043";9;"Jente";"Ungdomsskole";35,38982;-1,26809
"4589";"Norge";"50430117";"5043";9;"Gutt";"Ungdomsskole";36,11853;0,39394
"4590";"Norge";"50430118";"5043";9;"Jente";"Ungdomsskole";57,13913;1,68152
"4591";"Norge";"50430119";"5043";9;"Jente";"Høyere utdanning";49,42491;0,07346
"4592";"Norge";"50430122";"5043";9;"Jente";"Høyere utdanning";65,704;0,10653
"4593";"Norge";"50430123";"5043";9;"Jente";"Høyere utdanning";65,704;0,92577
"4594";"Norge";"50430124";"5043";9;"Jente";"Ungdomsskole";65,704;0,67385
"4595";"Norge";"50430125";"5043";9;"Jente";"Ungdomsskole";37,63793;-2,01943
"4596";"Norge";"50430127";"5043";9;"Jente";"Kort utdanning";65,704;-3,03019
"4597";"Norge";"50430128";"5043";9;"Annet";"Høyere utdanning";65,24834;0,78581
"4598";"Norge";"50430302";"5043";9;"Jente";"Ungdomsskole";65,704;0,86979
"4599";"Norge";"50430304";"5043";9;"Gutt";"Ungdomsskole";37,63793;-0,57526
"4600";"Norge";"50430306";"5043";9;"Jente";"Kort utdanning";65,704;-1,62983
"4601";"Norge";"50430308";"5043";9;"Gutt";"Kort utdanning";37,63793;0,44993
"4602";"Norge";"50430309";"5043";9;"Jente";"Høyere utdanning";65,704;1,31764
"4603";"Norge";"50430310";"5043";9;"Jente";"VGS";65,704;-0,30957
"4604";"Norge";"50430311";"5043";9;"Jente";"VGS";52,66245;-0,26109
"4605";"Norge";"50430312";"5043";9;"Gutt";"VGS";40,85939;-1,98435
"4606";"Norge";"50430315";"5043";9;"Jente";"Høyere utdanning";65,704;1,68152
"4607";"Norge";"50430316";"5043";9;"Gutt";"Kort utdanning";42,6371;-0,64479
"4608";"Norge";"50430318";"5043";9;"Jente";"VGS";57,13913;-0,66298
"4609";"Norge";"50430319";"5043";9;"Jente";"Høyere utdanning";65,704;-1,06774
"4610";"Norge";"50430320";"5043";9;"Gutt";"VGS";37,63793;-0,50418
"4611";"Norge";"50430321";"5043";9;"Gutt";"Ungdomsskole";37,63793;0,57861
"4612";"Norge";"50430322";"5043";9;"Jente";"Høyere utdanning";65,704;-0,08564
"4613";"Norge";"50430323";"5043";9;"Jente";"Høyere utdanning";65,704;0,64586
"4614";"Norge";"50430324";"5043";9;"Gutt";"Høyere utdanning";34,6202;-0,56148
"4615";"Norge";"50430325";"5043";9;"Jente";"Høyere utdanning";65,704;-0,34131
"4616";"Norge";"50430326";"5043";9;"Jente";"Høyere utdanning";65,704;-1,47624
"4617";"Norge";"50430328";"5043";9;"Gutt";"Høyere utdanning";37,63793;0,68636
"4618";"Norge";"50450101";"5045";9;"Jente";"Kort utdanning";65,704;-0,44511
"4619";"Norge";"50450102";"5045";9;"Gutt";"Kort utdanning";65,704;-1,46028
"4620";"Norge";"50450103";"5045";9;"Jente";"VGS";52,66245;-2,38706
"4621";"Norge";"50450104";"5045";9;"Jente";"Kort utdanning";65,704;0,45059
"4622";"Norge";"50450106";"5045";9;"Gutt";"Høyere utdanning";65,704;-0,78033
"4623";"Norge";"50450107";"5045";9;"Jente";"Kort utdanning";65,704;0,17068
"4624";"Norge";"50450108";"5045";9;"Jente";"Høyere utdanning";65,704;-1,00867
"4625";"Norge";"50450109";"5045";9;"Jente";"Høyere utdanning";65,704;0,98175
"4626";"Norge";"50450110";"5045";9;"Jente";"VGS";65,704;-1,2077
"4627";"Norge";"50450112";"5045";9;"Gutt";"Høyere utdanning";40,85939;-1,48644
"4628";"Norge";"50450113";"5045";9;"Jente";"Høyere utdanning";65,704;-1,59957
"4629";"Norge";"50450114";"5045";9;"Gutt";"VGS";15,93837;-1,93104
"4630";"Norge";"50450115";"5045";9;"Gutt";"VGS";40,85939;0,44993
"4631";"Norge";"50450116";"5045";9;"Jente";"Ungdomsskole";49,42491;-1,62756
"4632";"Norge";"50450117";"5045";9;"Gutt";"Ungdomsskole";44,59585;0,50591
"4633";"Norge";"50450120";"5045";9;"Gutt";"Høyere utdanning";65,704;-0,86872
"4634";"Norge";"50450121";"5045";9;"Jente";"Høyere utdanning";65,704;1,03773
"4635";"Norge";"50450122";"5045";9;"Jente";"VGS";65,704;-1,12064
"4636";"Norge";"50450123";"5045";9;"Gutt";"Høyere utdanning";65,704;0,05055
"4637";"Norge";"50450124";"5045";9;"Jente";"VGS";49,42491;0,45059
"4638";"Norge";"50450125";"5045";9;"Jente";"VGS";65,704;-0,33689
"4639";"Norge";"50450302";"5045";9;"Gutt";"VGS";52,66245;0,08229
"4640";"Norge";"50450303";"5045";9;"Jente";"Kort utdanning";65,704;-0,58506
"4641";"Norge";"50450304";"5045";9;"Gutt";"Høyere utdanning";37,63793;-0,64413
"4642";"Norge";"50450305";"5045";9;"Gutt";"VGS";57,13913;-1,89994
"4643";"Norge";"50450306";"5045";9;"Jente";"VGS";37,63793;-0,62497
"4644";"Norge";"50450307";"5045";9;"Gutt";"VGS";37,63793;-1,2077
"4645";"Norge";"50450308";"5045";9;"Gutt";"Høyere utdanning";52,66245;-0,73693
"4646";"Norge";"50450309";"5045";9;"Jente";"Kort utdanning";52,66245;-2,02318
"4647";"Norge";"50450310";"5045";9;"Gutt";"VGS";40,85939;0,41818
"4648";"Norge";"50450311";"5045";9;"Jente";"VGS";37,63793;-1,99144
"4649";"Norge";"50450312";"5045";9;"Jente";"Høyere utdanning";65,704;-1,85148
"4650";"Norge";"50450313";"5045";9;"Jente";"Høyere utdanning";65,704;0,89778
"4651";"Norge";"50450315";"5045";9;"Jente";"VGS";49,42491;-2,2751
"4652";"Norge";"50450317";"5045";9;"Gutt";"VGS";39,20663;-1,20836
"4653";"Norge";"50450318";"5045";9;"Jente";"Høyere utdanning";65,704;0,41818
"4654";"Norge";"50450319";"5045";9;"Gutt";"Høyere utdanning";65,704;0,89778
"4655";"Norge";"50450321";"5045";9;"Gutt";"Høyere utdanning";65,704;-0,00542
"4656";"Norge";"50450323";"5045";9;"Gutt";"Høyere utdanning";37,63793;0,22225
"4657";"Norge";"50450324";"5045";9;"Jente";"Kort utdanning";65,704;0,11404
"4658";"Norge";"50450325";"5045";9;"Jente";"Kort utdanning";65,704;-1,04124
"4659";"Norge";"50450326";"5045";9;"Gutt";"VGS";39,20663;0,0468
"4660";"Norge";"50460201";"5046";9;"Gutt";"Høyere utdanning";52,66245;0,08229
"4661";"Norge";"50460202";"5046";9;"Gutt";"VGS";46,81653;0,95376
"4662";"Norge";"50460203";"5046";9;"Jente";"Høyere utdanning";65,704;0,61412
"4663";"Norge";"50460204";"5046";9;"Gutt";"Ungdomsskole";39,20663;-2,1651
"4664";"Norge";"50460206";"5046";9;"Jente";"Høyere utdanning";65,704;-0,17711
"4665";"Norge";"50460207";"5046";9;"Gutt";"Høyere utdanning";52,66245;1,34563
"4666";"Norge";"50460208";"5046";9;"Gutt";"VGS";49,42491;0,02631
"4667";"Norge";"50460209";"5046";9;"Gutt";"Kort utdanning";40,85939;0,64211
"4668";"Norge";"50460211";"5046";9;"Gutt";"VGS";37,63793;-1,12372
"4669";"Norge";"50460212";"5046";9;"Jente";"Ungdomsskole";65,704;0,8418
"4670";"Norge";"50460213";"5046";9;"Gutt";"Ungdomsskole";65,704;0,44617
"4671";"Norge";"50460214";"5046";9;"Jente";"Høyere utdanning";65,704;0,3622
"4672";"Norge";"50460216";"5046";9;"Gutt";"Ungdomsskole";37,63793;0,3622
"4673";"Norge";"50460217";"5046";9;"Gutt";"VGS";52,66245;-0,19694
"4674";"Norge";"50460218";"5046";9;"Gutt";"Høyere utdanning";52,66245;-1,85148
"4675";"Norge";"50460219";"5046";9;"Jente";"VGS";57,13913;-0,62055
"4676";"Norge";"50460220";"5046";9;"Gutt";"Høyere utdanning";65,704;1,13269
"4677";"Norge";"50460221";"5046";9;"Jente";"Kort utdanning";65,704;-0,73318
"4678";"Norge";"50460222";"5046";9;"Gutt";"Høyere utdanning";65,704;-0,36555
"4679";"Norge";"50460223";"5046";9;"Jente";"Ungdomsskole";65,704;-1,6802
"4680";"Norge";"50460224";"5046";9;"Jente";"Høyere utdanning";65,704;0,72983
"4681";"Norge";"50460226";"5046";9;"Jente";"VGS";65,704;0,27823
"4682";"Norge";"50460501";"5046";9;"Gutt";"Kort utdanning";40,85939;-0,12113
"4683";"Norge";"50460502";"5046";9;"Jente";"Kort utdanning";65,704;-1,20395
"4684";"Norge";"50460504";"5046";9;"Jente";"Høyere utdanning";57,13913;-1,46403
"4685";"Norge";"50460506";"5046";9;"Gutt";"Høyere utdanning";40,85939;-0,90112
"4686";"Norge";"50460509";"5046";9;"Jente";"Høyere utdanning";65,704;1,14969
"4687";"Norge";"50460512";"5046";9;"Jente";"Høyere utdanning";65,704;1,63411
"4688";"Norge";"50460513";"5046";9;"Jente";"Kort utdanning";65,704;-0,08498
"4689";"Norge";"50460514";"5046";9;"Gutt";"Kort utdanning";49,42491;0,10653
"4690";"Norge";"50460515";"5046";9;"Jente";"Kort utdanning";65,704;-0,05765
"4691";"Norge";"50460516";"5046";9;"Jente";"Høyere utdanning";65,704;1,21966
"4692";"Norge";"50460517";"5046";9;"Jente";"Kort utdanning";65,704;-0,9322
"4693";"Norge";"50460519";"5046";9;"Jente";"Høyere utdanning";65,704;-0,19319
"4694";"Norge";"50460520";"5046";9;"Gutt";"Kort utdanning";65,704;-2,02318
"4695";"Norge";"50460521";"5046";9;"Gutt";"Høyere utdanning";44,59585;0,978
"4696";"Norge";"50460522";"5046";9;"Gutt";"VGS";37,63793;-0,05765
"4697";"Norge";"50460523";"5046";9;"Gutt";"Høyere utdanning";57,13913;0,10653
"4698";"Norge";"50460525";"5046";9;"Jente";"Høyere utdanning";52,66245;-0,36864
"4699";"Norge";"50460526";"5046";9;"Gutt";"Ungdomsskole";65,704;0,08229
"4700";"Norge";"50460527";"5046";9;"Gutt";"VGS";44,59585;0,64586
"4701";"Norge";"50460528";"5046";9;"Gutt";"Ungdomsskole";42,6371;0,10653
"4702";"Norge";"50460529";"5046";9;"Jente";"Høyere utdanning";65,704;0,64586
"4703";"Norge";"50470201";"5047";9;"Jente";"Høyere utdanning";42,6371;-0,62497
"4704";"Norge";"50470202";"5047";9;"Gutt";"Kort utdanning";46,81653;0,00274
"4705";"Norge";"50470203";"5047";9;"Jente";"VGS";65,704;-0,90487
"4706";"Norge";"50470204";"5047";9;"Gutt";"VGS";36,11853;-0,49895
"4707";"Norge";"50470205";"5047";9;"Gutt";"Kort utdanning";39,20663;-1,04041
"4708";"Norge";"50470206";"5047";9;"Jente";"Høyere utdanning";65,704;0,33421
"4709";"Norge";"50470207";"5047";9;"Gutt";"VGS";40,85939;0,89778
"4710";"Norge";"50470208";"5047";9;"Jente";"VGS";41,03779;-0,47685
"4711";"Norge";"50470209";"5047";9;"Jente";"VGS";65,704;-1,35273
"4712";"Norge";"50470212";"5047";9;"Gutt";"Høyere utdanning";37,63793;1,68152
"4713";"Norge";"50470213";"5047";9;"Jente";"Ungdomsskole";37,63793;1,25791
"4714";"Norge";"50470215";"5047";9;"Jente";"Høyere utdanning";37,45846;-0,26109
"4715";"Norge";"50470216";"5047";9;"Gutt";"Høyere utdanning";34,6202;0,46245
"4716";"Norge";"50470217";"5047";9;"Gutt";"VGS";39,20663;0,72983
"4717";"Norge";"50470218";"5047";9;"Gutt";"Høyere utdanning";40,85939;0,64211
"4718";"Norge";"50470219";"5047";9;"Jente";"Høyere utdanning";42,6371;-0,00542
"4719";"Norge";"50470221";"5047";9;"Jente";"Kort utdanning";57,13913;-0,05765
"4720";"Norge";"50470222";"5047";9;"Jente";"Høyere utdanning";37,63793;0,13828
"4721";"Norge";"50470223";"5047";9;"Jente";"Høyere utdanning";65,704;0,89778
"4722";"Norge";"50470224";"5047";9;"Jente";"Høyere utdanning";37,63793;-0,98002
"4723";"Norge";"50470225";"5047";9;"Jente";"Ungdomsskole";37,63793;-0,88322
"4724";"Norge";"50470226";"5047";9;"Jente";"Kort utdanning";65,704;0,40314
"4725";"Norge";"50470602";"5047";9;"Jente";"Kort utdanning";65,704;-1,41533
"4726";"Norge";"50470603";"5047";9;"Gutt";"VGS";37,63793;-0,48126
"4727";"Norge";"50470604";"5047";9;"Gutt";"VGS";42,6371;-3,00219
"4728";"Norge";"50470605";"5047";9;"Gutt";"VGS";40,85939;-1,71528
"4729";"Norge";"50470608";"5047";9;"Jente";"VGS";65,704;0,81805
"4730";"Norge";"50470609";"5047";9;"Gutt";"VGS";37,63793;-0,38876
"4731";"Norge";"50470610";"5047";9;"Gutt";"Ungdomsskole";25,54067;-1,31591
"4732";"Norge";"50470612";"5047";9;"Gutt";"Høyere utdanning";65,704;-1,45586
"4733";"Norge";"50470614";"5047";9;"Gutt";"Kort utdanning";36,11853;-1,34831
"4734";"Norge";"50470615";"5047";9;"Jente";"Ungdomsskole";65,704;0,58613
"4735";"Norge";"50470617";"5047";9;"Gutt";"Ungdomsskole";49,42491;-0,28533
"4736";"Norge";"50470618";"5047";9;"Gutt";"Høyere utdanning";42,6371;0,34695
"4737";"Norge";"50470619";"5047";9;"Gutt";"Ungdomsskole";33,11239;0,39394
"4738";"Norge";"50470620";"5047";9;"Gutt";"Høyere utdanning";65,704;-1,17971
"4739";"Norge";"50470621";"5047";9;"Jente";"Høyere utdanning";65,704;0,89778
"4740";"Norge";"50470622";"5047";9;"Gutt";"Høyere utdanning";52,66245;-0,53658
"4741";"Norge";"50470623";"5047";9;"Jente";"Høyere utdanning";65,704;-0,40104
"4742";"Norge";"50470626";"5047";9;"Jente";"Høyere utdanning";57,13913;0,39019
"4743";"Norge";"50480101";"5048";9;"Gutt";"VGS";52,66245;-1,61737
"4744";"Norge";"50480102";"5048";9;"Gutt";"Kort utdanning";65,704;-0,9247
"4745";"Norge";"50480104";"5048";9;"Gutt";"Høyere utdanning";65,704;0,8418
"4746";"Norge";"50480105";"5048";9;"Gutt";"VGS";65,704;0,47792
"4747";"Norge";"50480106";"5048";9;"Gutt";"Kort utdanning";36,11853;0,40518
"4748";"Norge";"50480107";"5048";9;"Jente";"Høyere utdanning";65,704;-1,00426
"4749";"Norge";"50480108";"5048";9;"Jente";"Høyere utdanning";65,704;0,72983
"4750";"Norge";"50480110";"5048";9;"Gutt";"VGS";37,44571;-2,21912
"4751";"Norge";"50480111";"5048";9;"Gutt";"Kort utdanning";37,63793;-0,99025
"4752";"Norge";"50480113";"5048";9;"Gutt";"Ungdomsskole";37,63793;-1,03666
"4753";"Norge";"50480114";"5048";9;"Gutt";"VGS";37,63793;-0,38913
"4754";"Norge";"50480116";"5048";9;"Gutt";"VGS";65,704;0,72983
"4755";"Norge";"50480119";"5048";9;"Jente";"Høyere utdanning";57,13913;0,36595
"4756";"Norge";"50480120";"5048";9;"Gutt";"Kort utdanning";65,704;0,30622
"4757";"Norge";"50480121";"5048";9;"Jente";"Høyere utdanning";49,42491;-0,0539
"4758";"Norge";"50480123";"5048";9;"Annet";"Ungdomsskole";65,704;-0,16454
"4759";"Norge";"50480201";"5048";9;"Jente";"Høyere utdanning";57,13913;-0,5055
"4760";"Norge";"50480202";"5048";9;"Jente";"Høyere utdanning";65,704;0,41818
"4761";"Norge";"50480203";"5048";9;"Jente";"Kort utdanning";65,704;0,8418
"4762";"Norge";"50480204";"5048";9;"Jente";"Høyere utdanning";65,704;1,03773
"4763";"Norge";"50480205";"5048";9;"Gutt";"Høyere utdanning";40,85939;-1,67979
"4764";"Norge";"50480206";"5048";9;"Jente";"Høyere utdanning";65,704;-0,67278
"4765";"Norge";"50480207";"5048";9;"Gutt";"VGS";44,59585;-0,5055
"4766";"Norge";"50480208";"5048";9;"Gutt";"Kort utdanning";65,704;-1,29674
"4767";"Norge";"50480209";"5048";9;"Jente";"VGS";42,6371;-0,44511
"4768";"Norge";"50480210";"5048";9;"Gutt";"Ungdomsskole";65,704;0,8418
"4769";"Norge";"50480212";"5048";9;"Jente";"Høyere utdanning";65,704;0,47417
"4770";"Norge";"50480216";"5048";9;"Gutt";"Ungdomsskole";65,704;-1,99144
"4771";"Norge";"50480217";"5048";9;"Gutt";"Ungdomsskole";39,20663;-0,61746
"4772";"Norge";"50480218";"5048";9;"Jente";"Ungdomsskole";65,704;0,53456
"4773";"Norge";"50480219";"5048";9;"Gutt";"VGS";46,81653;0,08229
"4774";"Norge";"50500101";"5050";9;"Gutt";"VGS";65,704;0,8418
"4775";"Norge";"50500104";"5050";9;"Gutt";"VGS";65,704;-1,59957
"4776";"Norge";"50500106";"5050";9;"Gutt";"Høyere utdanning";42,6371;-0,08189
"4777";"Norge";"50500107";"5050";9;"Gutt";"Kort utdanning";37,63793;-0,08498
"4778";"Norge";"50500108";"5050";9;"Gutt";"Kort utdanning";40,85939;-0,5055
"4779";"Norge";"50500109";"5050";9;"Gutt";"Høyere utdanning";46,81653;0,53015
"4780";"Norge";"50500110";"5050";9;"Gutt";"Høyere utdanning";44,59585;-1,17596
"4781";"Norge";"50500111";"5050";9;"Gutt";"VGS";37,63793;-0,36113
"4782";"Norge";"50500112";"5050";9;"Gutt";"Kort utdanning";49,42491;0,83805
"4783";"Norge";"50500113";"5050";9;"Jente";"Høyere utdanning";65,704;0,56189
"4784";"Norge";"50500114";"5050";9;"Jente";"Høyere utdanning";65,704;0,50591
"4785";"Norge";"50500116";"5050";9;"Gutt";"Kort utdanning";57,13913;-1,23635
"4786";"Norge";"50500117";"5050";9;"Gutt";"Høyere utdanning";46,81653;0,39461
"4787";"Norge";"50500118";"5050";9;"Jente";"Høyere utdanning";65,704;-1,73952
"4788";"Norge";"50500120";"5050";9;"Jente";"Kort utdanning";65,704;-1,92751
"4789";"Norge";"50500121";"5050";9;"Jente";"Kort utdanning";65,704;0,89778
"4790";"Norge";"50500122";"5050";9;"Jente";"Høyere utdanning";65,704;-0,36047
"4791";"Norge";"50500123";"5050";9;"Jente";"Høyere utdanning";65,704;-0,16895
"4792";"Norge";"50500201";"5050";9;"Gutt";"Høyere utdanning";37,63793;0,02256
"4793";"Norge";"50500203";"5050";9;"Jente";"Ungdomsskole";65,704;0,05055
"4794";"Norge";"50500204";"5050";9;"Jente";"Høyere utdanning";65,704;0,89778
"4795";"Norge";"50500206";"5050";9;"Jente";"Kort utdanning";65,704;0,33796
"4796";"Norge";"50500207";"5050";9;"Gutt";"Ungdomsskole";49,42491;0,50591
"4797";"Norge";"50500209";"5050";9;"Gutt";"Kort utdanning";42,6371;-0,42087
"4798";"Norge";"50500211";"5050";9;"Gutt";"Høyere utdanning";65,704;0,89778
"4799";"Norge";"50500212";"5050";9;"Jente";"Ungdomsskole";65,704;-0,30515
"4800";"Norge";"50500213";"5050";9;"Gutt";"VGS";65,704;-0,05257
"4801";"Norge";"50500214";"5050";9;"Jente";"Høyere utdanning";65,704;-0,3548
"4802";"Norge";"50500215";"5050";9;"Gutt";"Ungdomsskole";49,42491;1,06572
"4803";"Norge";"50500216";"5050";9;"Gutt";"VGS";36,11853;-1,04041
"4804";"Norge";"50500217";"5050";9;"Gutt";"VGS";52,66245;0,08229
"4805";"Norge";"50500218";"5050";9;"Jente";"Ungdomsskole";65,704;0,50591
"4806";"Norge";"50500219";"5050";9;"Gutt";"VGS";44,59585;-0,33314
"4807";"Norge";"50500220";"5050";9;"Jente";"Kort utdanning";65,704;-1,17662
"4808";"Norge";"50500221";"5050";9;"Jente";"Høyere utdanning";65,704;1,00974
"4809";"Norge";"50500222";"5050";9;"Gutt";"Kort utdanning";57,13913;0,39461
"4810";"Norge";"50510101";"5051";9;"Gutt";"VGS";65,704;-0,05324
"4811";"Norge";"50510102";"5051";9;"Gutt";"Høyere utdanning";42,6371;-0,02591
"4812";"Norge";"50510104";"5051";9;"Gutt";"Høyere utdanning";65,704;0,95376
"4813";"Norge";"50510105";"5051";9;"Jente";"Høyere utdanning";65,704;-1,99144
"4814";"Norge";"50510106";"5051";9;"Jente";"Høyere utdanning";49,42491;0,67385
"4815";"Norge";"50510107";"5051";9;"Gutt";"Høyere utdanning";39,20663;0,25676
"4816";"Norge";"50510108";"5051";9;"Gutt";"VGS";57,13913;-0,42087
"4817";"Norge";"50510111";"5051";9;"Gutt";"Ungdomsskole";37,63793;-1,48211
"4818";"Norge";"50510112";"5051";9;"Gutt";"VGS";57,13913;-0,61239
"4819";"Norge";"50510113";"5051";9;"Jente";"Høyere utdanning";65,704;0,67385
"4820";"Norge";"50510115";"5051";9;"Gutt";"Høyere utdanning";57,13913;1,1217
"4821";"Norge";"50510116";"5051";9;"Gutt";"VGS";57,13913;1,25791
"4822";"Norge";"50520101";"5052";9;"Gutt";"Ungdomsskole";49,42491;-0,33314
"4823";"Norge";"50520102";"5052";9;"Annet";"Høyere utdanning";37,63793;-1,25768
"4824";"Norge";"50520103";"5052";9;"Gutt";"Kort utdanning";65,704;-0,36864
"4825";"Norge";"50520104";"5052";9;"Gutt";"Høyere utdanning";65,704;1,00974
"4826";"Norge";"50520105";"5052";9;"Gutt";"Kort utdanning";36,11853;0,4226
"4827";"Norge";"50520106";"5052";9;"Gutt";"Høyere utdanning";62,87645;0,19051
"4828";"Norge";"50520107";"5052";9;"Gutt";"Ungdomsskole";65,704;-0,12113
"4829";"Norge";"50520108";"5052";9;"Gutt";"Ungdomsskole";33,11239;0,11404
"4830";"Norge";"50520109";"5052";9;"Annet";"Høyere utdanning";44,59585;1,14969
"4831";"Norge";"50520111";"5052";9;"Gutt";"VGS";65,704;1,17769
"4832";"Norge";"50520112";"5052";9;"Gutt";"Høyere utdanning";65,704;-0,59256
"4833";"Norge";"50520114";"5052";9;"Gutt";"Ungdomsskole";49,42491;-0,31707
"4834";"Norge";"50520115";"5052";9;"Jente";"Ungdomsskole";52,66245;-0,8209
"4835";"Norge";"50520116";"5052";9;"Jente";"Ungdomsskole";57,13913;1,68152
"4836";"Norge";"50520118";"5052";9;"Jente";"Høyere utdanning";49,42491;0,33421
"4837";"Norge";"50520119";"5052";9;"Jente";"VGS";65,704;-1,35273
"4838";"Norge";"50520120";"5052";9;"Jente";"Høyere utdanning";65,704;0,6701
"4839";"Norge";"50520121";"5052";9;"Jente";"Kort utdanning";65,704;0,89778
"4840";"Norge";"50520122";"5052";9;"Jente";"Ungdomsskole";65,704;0,39394
"4841";"Norge";"50520123";"5052";9;"Jente";"Høyere utdanning";65,704;0,89778
"4842";"Norge";"50520124";"5052";9;"Jente";"Høyere utdanning";65,704;1,68152
"4843";"Norge";"50520125";"5052";9;"Jente";"Kort utdanning";65,704;0,72983
"4844";"Norge";"50520126";"5052";9;"Jente";"Høyere utdanning";65,704;-1,00867
"4845";"Norge";"50520127";"5052";9;"Jente";"Høyere utdanning";65,704;-1,00867
"4846";"Norge";"50520128";"5052";9;"Jente";"Høyere utdanning";65,704;0,47417
"4847";"Norge";"50520129";"5052";9;"Jente";"Kort utdanning";43,28358;-0,78916
"4848";"Norge";"50520130";"5052";9;"Jente";"Kort utdanning";65,704;-0,0614
"4849";"Norge";"50520131";"5052";9;"Jente";"Kort utdanning";37,63793;1,00974
"4850";"Norge";"50520132";"5052";9;"Jente";"Høyere utdanning";57,13913;0,78581
"4851";"Norge";"50520201";"5052";9;"Gutt";"Høyere utdanning";65,704;1,68152
"4852";"Norge";"50520202";"5052";9;"Annet";"Kort utdanning";33,11239;0,95376
"4853";"Norge";"50520203";"5052";9;"Gutt";"Kort utdanning";42,6371;0,44617
"4854";"Norge";"50520204";"5052";9;"Gutt";"Kort utdanning";46,81653;0,8418
"4855";"Norge";"50520205";"5052";9;"Gutt";"Kort utdanning";57,13913;0,86979
"4856";"Norge";"50520206";"5052";9;"Gutt";"VGS";42,32974;-0,95269
"4857";"Norge";"50520207";"5052";9;"Gutt";"Høyere utdanning";65,704;0,95376
"4858";"Norge";"50520208";"5052";9;"Gutt";"Ungdomsskole";42,6371;0,70184
"4859";"Norge";"50520209";"5052";9;"Gutt";"Ungdomsskole";40,85939;-1,0155
"4860";"Norge";"50520210";"5052";9;"Gutt";"VGS";40,85939;0,10653
"4861";"Norge";"50520211";"5052";9;"Gutt";"Høyere utdanning";44,59585;1,14594
"4862";"Norge";"50520212";"5052";9;"Gutt";"Ungdomsskole";37,63793;-2,26542
"4863";"Norge";"50520213";"5052";9;"Gutt";"Høyere utdanning";52,66245;1,17393
"4864";"Norge";"50520214";"5052";9;"Jente";"Høyere utdanning";65,704;0,93572
"4865";"Norge";"50520215";"5052";9;"Jente";"Ungdomsskole";65,704;0,8418
"4866";"Norge";"50520216";"5052";9;"Jente";"Kort utdanning";65,704;0,19867
"4867";"Norge";"50520217";"5052";9;"Jente";"Høyere utdanning";65,704;0,75407
"4868";"Norge";"50520220";"5052";9;"Jente";"Ungdomsskole";40,85939;-0,30515
"4869";"Norge";"50520221";"5052";9;"Jente";"Kort utdanning";65,704;0,31063
"4870";"Norge";"50520222";"5052";9;"Jente";"Høyere utdanning";65,704;-0,11738
"4871";"Norge";"50520223";"5052";9;"Jente";"Ungdomsskole";46,81653;-0,158
"4872";"Norge";"50520224";"5052";9;"Jente";"VGS";37,63793;-0,7281
"4873";"Norge";"50520226";"5052";9;"Jente";"Høyere utdanning";65,704;0,86979
"4874";"Norge";"50520227";"5052";9;"Jente";"Høyere utdanning";65,704;1,09371
"4875";"Norge";"50520228";"5052";9;"Jente";"Høyere utdanning";65,704;1,59755
"4876";"Norge";"50520229";"5052";9;"Jente";"Høyere utdanning";65,704;1,00974
"4877";"Norge";"50520230";"5052";9;"Jente";"Høyere utdanning";65,704;-0,00542
"4878";"Norge";"50520231";"5052";9;"Jente";"Høyere utdanning";65,704;0,8418
"4879";"Norge";"50550101";"5055";9;"Jente";"VGS";65,704;-0,92029
"4880";"Norge";"50550102";"5055";9;"Gutt";"Kort utdanning";65,704;-0,86872
"4881";"Norge";"50550104";"5055";9;"Jente";"Høyere utdanning";65,704;-0,12113
"4882";"Norge";"50550105";"5055";9;"Gutt";"VGS";65,704;-1,34831
"4883";"Norge";"50550106";"5055";9;"Gutt";"Høyere utdanning";42,6371;0,22225
"4884";"Norge";"50550107";"5055";9;"Jente";"Høyere utdanning";65,704;1,00974
"4885";"Norge";"50550108";"5055";9;"Jente";"Høyere utdanning";65,704;0,78581
"4886";"Norge";"50550109";"5055";9;"Gutt";"VGS";65,704;-0,42087
"4887";"Norge";"50550110";"5055";9;"Jente";"Høyere utdanning";65,704;1,00974
"4888";"Norge";"50550111";"5055";9;"Jente";"Høyere utdanning";65,704;-1,90305
"4889";"Norge";"50550112";"5055";9;"Jente";"Kort utdanning";65,704;0,47417
"4890";"Norge";"50550113";"5055";9;"Gutt";"Høyere utdanning";65,704;0,24649
"4891";"Norge";"50550115";"5055";9;"Jente";"Ungdomsskole";37,63793;-1,48827
"4892";"Norge";"50550116";"5055";9;"Jente";"Ungdomsskole";65,704;-0,90421
"4893";"Norge";"50550117";"5055";9;"Jente";"Høyere utdanning";65,704;1,06572
"4894";"Norge";"50550301";"5055";9;"Jente";"VGS";44,59585;-2,86224
"4895";"Norge";"50550302";"5055";9;"Gutt";"Høyere utdanning";49,42491;0,8418
"4896";"Norge";"50550303";"5055";9;"Jente";"VGS";43,03798;-1,65502
"4897";"Norge";"50550304";"5055";9;"Gutt";"Kort utdanning";65,704;-2,26555
"4898";"Norge";"50550305";"5055";9;"Jente";"Kort utdanning";65,704;0,16693
"4899";"Norge";"50550306";"5055";9;"Jente";"Ungdomsskole";57,13913;-0,50859
"4900";"Norge";"50550307";"5055";9;"Jente";"VGS";52,66245;-1,88437
"4901";"Norge";"50550308";"5055";9;"Gutt";"Ungdomsskole";65,704;0,89778
"4902";"Norge";"50550309";"5055";9;"Jente";"Høyere utdanning";65,704;0,36595
"4903";"Norge";"50550310";"5055";9;"Jente";"Høyere utdanning";65,704;0,95376
"4904";"Norge";"50550311";"5055";9;"Jente";"Høyere utdanning";52,66245;-2,44304
"4905";"Norge";"50550312";"5055";9;"Jente";"Høyere utdanning";49,42491;0,58542
"4906";"Norge";"50550313";"5055";9;"Gutt";"Høyere utdanning";65,704;1,25791
"4907";"Norge";"50550315";"5055";9;"Jente";"Ungdomsskole";49,42491;0,25399
"4908";"Norge";"50550317";"5055";9;"Gutt";"Kort utdanning";46,81653;-0,92845
"4909";"Norge";"50550318";"5055";9;"Gutt";"Kort utdanning";57,13913;-0,05324
"4910";"Norge";"50550319";"5055";9;"Gutt";"VGS";37,63793;-1,45586
"4911";"Norge";"50550321";"5055";9;"Gutt";"Høyere utdanning";42,6371;0,44617
"4912";"Norge";"50560101";"5056";9;"Gutt";"Høyere utdanning";46,81653;0,53015
"4913";"Norge";"50560102";"5056";9;"Annet";"VGS";65,704;-0,70453
"4914";"Norge";"50560103";"5056";9;"Gutt";"Høyere utdanning";37,63793;-0,28091
"4915";"Norge";"50560104";"5056";9;"Gutt";"Kort utdanning";42,6371;0,02698
"4916";"Norge";"50560105";"5056";9;"Gutt";"Høyere utdanning";40,85939;0,0543
"4917";"Norge";"50560107";"5056";9;"Jente";"Høyere utdanning";65,704;0,45059
"4918";"Norge";"50560108";"5056";9;"Gutt";"VGS";52,66245;-0,72877
"4919";"Norge";"50560111";"5056";9;"Gutt";"Kort utdanning";52,66245;0,58613
"4920";"Norge";"50560112";"5056";9;"Gutt";"VGS";42,6371;0,22225
"4921";"Norge";"50560114";"5056";9;"Gutt";"Kort utdanning";37,63793;-0,64479
"4922";"Norge";"50560115";"5056";9;"Jente";"VGS";65,704;0,03139
"4923";"Norge";"50560117";"5056";9;"Gutt";"Ungdomsskole";42,6371;-3,23693
"4924";"Norge";"50560118";"5056";9;"Jente";"VGS";57,13913;-0,47685
"4925";"Norge";"50560119";"5056";9;"Gutt";"Høyere utdanning";42,6371;0,70184
"4926";"Norge";"50560120";"5056";9;"Gutt";"Ungdomsskole";42,6371;-0,2765
"4927";"Norge";"50560121";"5056";9;"Gutt";"Høyere utdanning";36,11853;-0,78475
"4928";"Norge";"50560122";"5056";9;"Gutt";"Høyere utdanning";52,66245;1,19616
"4929";"Norge";"50570301";"5057";9;"Jente";"Høyere utdanning";37,63793;0,05055
"4930";"Norge";"50570303";"5057";9;"Jente";"Kort utdanning";65,704;0,44993
"4931";"Norge";"50570305";"5057";9;"Gutt";"VGS";40,85939;1,31764
"4932";"Norge";"50570306";"5057";9;"Gutt";"VGS";46,81653;0,72608
"4933";"Norge";"50570307";"5057";9;"Jente";"Høyere utdanning";57,13913;1,00974
"4934";"Norge";"50570308";"5057";9;"Gutt";"Høyere utdanning";52,66245;-1,49136
"4935";"Norge";"50570312";"5057";9;"Jente";"Høyere utdanning";42,6371;0,50216
"4936";"Norge";"50570313";"5057";9;"Jente";"Høyere utdanning";65,704;-1,01684
"4937";"Norge";"50570318";"5057";9;"Gutt";"Kort utdanning";65,704;-0,05324
"4938";"Norge";"50570320";"5057";9;"Jente";"Høyere utdanning";63,8905;1,31764
"4939";"Norge";"50570321";"5057";9;"Jente";"Ungdomsskole";49,42491;0,36595
"4940";"Norge";"50570322";"5057";9;"Gutt";"Høyere utdanning";40,85939;1,25791
"4941";"Norge";"50570323";"5057";9;"Gutt";"VGS";52,66245;-0,39288
"4942";"Norge";"50570324";"5057";9;"Gutt";"Høyere utdanning";65,704;0,98175
"4943";"Norge";"50570325";"5057";9;"Gutt";"Kort utdanning";52,66245;0,8418
"4944";"Norge";"50570326";"5057";9;"Jente";"Høyere utdanning";65,704;0,13828
"4945";"Norge";"50570327";"5057";9;"Annet";"Høyere utdanning";65,704;1,31764
"4946";"Norge";"50570601";"5057";9;"Gutt";"Kort utdanning";37,63793;-1,06774
"4947";"Norge";"50570602";"5057";9;"Gutt";"Ungdomsskole";31,55703;0,05055
"4948";"Norge";"50570603";"5057";9;"Gutt";"Kort utdanning";33,11239;1,56956
"4949";"Norge";"50570604";"5057";9;"Jente";"Høyere utdanning";65,704;0,41818
"4950";"Norge";"50570607";"5057";9;"Gutt";"Kort utdanning";52,66245;0,17068
"4951";"Norge";"50570608";"5057";9;"Gutt";"Høyere utdanning";42,6371;-0,47685
"4952";"Norge";"50570611";"5057";9;"Jente";"VGS";65,704;-0,50418
"4953";"Norge";"50570612";"5057";9;"Gutt";"Kort utdanning";65,704;0,61853
"4954";"Norge";"50570614";"5057";9;"Gutt";"Høyere utdanning";40,85939;1,00974
"4955";"Norge";"50570615";"5057";9;"Jente";"Høyere utdanning";65,704;1,28965
"4956";"Norge";"50570616";"5057";9;"Jente";"Høyere utdanning";65,704;0,75782
"4957";"Norge";"50570618";"5057";9;"Jente";"Høyere utdanning";65,704;0,89778
"4958";"Norge";"50570619";"5057";9;"Gutt";"Høyere utdanning";52,66245;0,30178
"4959";"Norge";"50570620";"5057";9;"Jente";"Høyere utdanning";65,704;1,17393
"4960";"Norge";"50570621";"5057";9;"Gutt";"Høyere utdanning";52,66245;1,56956
"4961";"Norge";"50570622";"5057";9;"Jente";"Høyere utdanning";65,704;0,47417
"4962";"Norge";"50570623";"5057";9;"Jente";"Høyere utdanning";65,704;0,53015
"4963";"Norge";"50570625";"5057";9;"Jente";"Høyere utdanning";57,13913;0,39394
"4964";"Norge";"50570626";"5057";9;"Gutt";"Høyere utdanning";65,704;0,04523
"4965";"Norge";"50570627";"5057";9;"Gutt";"VGS";49,42491;0,27823
"4966";"Norge";"50570628";"5057";9;"Gutt";"Høyere utdanning";39,20663;1,26166
"4967";"Norge";"50570629";"5057";9;"Jente";"Ungdomsskole";42,6371;0,29087
"4968";"Norge";"50580201";"5058";9;"Jente";"Høyere utdanning";49,42491;-0,00542
"4969";"Norge";"50580202";"5058";9;"Jente";"VGS";65,704;0,53015
"4970";"Norge";"50580203";"5058";9;"Gutt";"Kort utdanning";65,704;-1,46028
"4971";"Norge";"50580205";"5058";9;"Gutt";"Ungdomsskole";37,63793;-1,40429
"4972";"Norge";"50580206";"5058";9;"Gutt";"Høyere utdanning";42,6371;-2,41064
"4973";"Norge";"50580207";"5058";9;"Jente";"Høyere utdanning";37,63793;-2,86224
"4974";"Norge";"50580208";"5058";9;"Gutt";"VGS";65,704;-0,48126
"4975";"Norge";"50580209";"5058";9;"Gutt";"VGS";42,6371;1,09371
"4976";"Norge";"50580210";"5058";9;"Jente";"Høyere utdanning";65,704;-1,87948
"4977";"Norge";"50580211";"5058";9;"Jente";"Høyere utdanning";65,704;0,36595
"4978";"Norge";"50580213";"5058";9;"Gutt";"Ungdomsskole";52,66245;0,81381
"4979";"Norge";"50580214";"5058";9;"Gutt";"Høyere utdanning";57,13913;0,78581
"4980";"Norge";"50580215";"5058";9;"Jente";"Høyere utdanning";49,42491;-0,48126
"4981";"Norge";"50580216";"5058";9;"Gutt";"VGS";40,85939;-0,14096
"4982";"Norge";"50580217";"5058";9;"Jente";"Ungdomsskole";44,13266;-0,47685
"4983";"Norge";"50580218";"5058";9;"Gutt";"Kort utdanning";57,13913;-1,89773
"4984";"Norge";"50580219";"5058";9;"Gutt";"VGS";65,704;0,7025
"4985";"Norge";"50580220";"5058";9;"Gutt";"Kort utdanning";44,59585;-0,44511
"4986";"Norge";"50580221";"5058";9;"Jente";"Høyere utdanning";65,704;0,05805
"4987";"Norge";"50580224";"5058";9;"Jente";"Høyere utdanning";65,704;0,47417
"4988";"Norge";"50580401";"5058";9;"Gutt";"Høyere utdanning";65,704;-0,75234
"4989";"Norge";"50580404";"5058";9;"Jente";"Høyere utdanning";65,704;0,95376
"4990";"Norge";"50580405";"5058";9;"Gutt";"Høyere utdanning";57,13913;0,11404
"4991";"Norge";"50580406";"5058";9;"Jente";"Høyere utdanning";65,704;0,22225
"4992";"Norge";"50580407";"5058";9;"Jente";"Høyere utdanning";65,704;-0,38913
"4993";"Norge";"50580409";"5058";9;"Jente";"Høyere utdanning";65,704;1,03773
"4994";"Norge";"50580413";"5058";9;"Jente";"Høyere utdanning";65,704;0,95376
"4995";"Norge";"50580415";"5058";9;"Gutt";"Høyere utdanning";65,704;-0,58881
"4996";"Norge";"50580416";"5058";9;"Gutt";"Høyere utdanning";49,42491;0,08229
"4997";"Norge";"50580417";"5058";9;"Gutt";"Kort utdanning";65,704;-0,86872
"4998";"Norge";"50580418";"5058";9;"Gutt";"Høyere utdanning";65,704;-0,029
"4999";"Norge";"50580419";"5058";9;"Gutt";"Høyere utdanning";65,704;0,89778
"5000";"Norge";"50580421";"5058";9;"Jente";"Høyere utdanning";65,704;0,56189
"5001";"Norge";"50580423";"5058";9;"Jente";"Høyere utdanning";65,704;1,06572
"5002";"Norge";"50580424";"5058";9;"Annet";"Høyere utdanning";46,81653;0,70184
"5003";"Norge";"50600101";"5060";9;"Jente";"Høyere utdanning";65,704;0,39019
"5004";"Norge";"50600102";"5060";9;"Gutt";"Høyere utdanning";52,66245;0,53015
"5005";"Norge";"50600103";"5060";9;"Jente";"Høyere utdanning";65,704;0,50591
"5006";"Norge";"50600104";"5060";9;"Jente";"Høyere utdanning";65,704;0,50591
"5007";"Norge";"50600105";"5060";9;"Gutt";"Høyere utdanning";39,08448;-0,98068
"5008";"Norge";"50600106";"5060";9;"Jente";"VGS";52,66245;0,75032
"5009";"Norge";"50600107";"5060";9;"Jente";"Kort utdanning";65,704;-1,63131
"5010";"Norge";"50600108";"5060";9;"Jente";"Ungdomsskole";49,42491;-1,46403
"5011";"Norge";"50600109";"5060";9;"Gutt";"Kort utdanning";37,63793;0,64586
"5012";"Norge";"50600110";"5060";9;"Jente";"Høyere utdanning";65,704;1,00974
"5013";"Norge";"50600111";"5060";9;"Jente";"Høyere utdanning";49,42491;-1,71594
"5014";"Norge";"50600112";"5060";9;"Gutt";"Ungdomsskole";49,42491;-2,40489
"5015";"Norge";"50600113";"5060";9;"Gutt";"VGS";65,704;-0,1976
"5016";"Norge";"50600114";"5060";9;"Jente";"Høyere utdanning";65,704;1,31764
"5017";"Norge";"50600115";"5060";9;"Jente";"Kort utdanning";65,704;-0,11297
"5018";"Norge";"50600116";"5060";9;"Gutt";"VGS";65,704;-2,47103
"5019";"Norge";"50600117";"5060";9;"Gutt";"VGS";42,6371;0,50657
"5020";"Norge";"50600118";"5060";9;"Jente";"Høyere utdanning";65,704;-0,45327
"5021";"Norge";"50600119";"5060";9;"Gutt";"Høyere utdanning";46,81653;0,27823
"5022";"Norge";"50600120";"5060";9;"Gutt";"Ungdomsskole";49,42491;-0,1072
"5023";"Norge";"50600122";"5060";9;"Gutt";"Ungdomsskole";37,63793;-1,68259
"5024";"Norge";"50600123";"5060";9;"Jente";"Høyere utdanning";65,704;-0,16961
"5025";"Norge";"50600125";"5060";9;"Gutt";"Høyere utdanning";34,6202;-2,2751
"5026";"Norge";"50600126";"5060";9;"Gutt";"VGS";46,81653;-0,33756
"5027";"Norge";"50600129";"5060";9;"Jente";"Ungdomsskole";46,81653;-1,37697
"5028";"Norge";"50600201";"5060";9;"Jente";"Høyere utdanning";52,66245;0,64586
"5029";"Norge";"50600202";"5060";9;"Gutt";"Høyere utdanning";49,42491;1,00974
"5030";"Norge";"50600203";"5060";9;"Jente";"Høyere utdanning";65,704;1,31764
"5031";"Norge";"50600204";"5060";9;"Gutt";"Høyere utdanning";65,704;0,95376
"5032";"Norge";"50600206";"5060";9;"Gutt";"Kort utdanning";57,13913;0,8418
"5033";"Norge";"50600207";"5060";9;"Gutt";"VGS";25,77277;-0,39729
"5034";"Norge";"50600209";"5060";9;"Gutt";"Høyere utdanning";52,66245;-0,19319
"5035";"Norge";"50600210";"5060";9;"Jente";"Høyere utdanning";57,13913;-1,65555
"5036";"Norge";"50600211";"5060";9;"Jente";"Høyere utdanning";65,704;0,11404
"5037";"Norge";"50600215";"5060";9;"Jente";"VGS";65,704;-1,87948
"5038";"Norge";"50600217";"5060";9;"Jente";"Ungdomsskole";65,704;-0,87688
"5039";"Norge";"50600218";"5060";9;"Gutt";"Høyere utdanning";49,42491;1,09371
"5040";"Norge";"50600219";"5060";9;"Jente";"Kort utdanning";65,704;-1,49136
"5041";"Norge";"50600220";"5060";9;"Gutt";"Høyere utdanning";42,6371;-0,48126
"5042";"Norge";"50600221";"5060";9;"Gutt";"VGS";52,66245;-0,6168
"5043";"Norge";"50600222";"5060";9;"Jente";"VGS";65,704;-0,08564
"5044";"Norge";"50600223";"5060";9;"Jente";"VGS";42,6371;-0,05765
"5045";"Norge";"50600224";"5060";9;"Gutt";"Høyere utdanning";52,66245;1,31764
"5046";"Norge";"50600225";"5060";9;"Gutt";"VGS";36,11853;-1,88323
"5047";"Norge";"50600226";"5060";9;"Gutt";"Kort utdanning";39,20663;-1,43994
"5048";"Norge";"50610101";"5061";9;"Gutt";"Høyere utdanning";65,704;0,92577
"5049";"Norge";"50610103";"5061";9;"Jente";"VGS";65,704;-1,03666
"5050";"Norge";"50610104";"5061";9;"Gutt";"VGS";40,85939;-1,85634
"5051";"Norge";"50610105";"5061";9;"Gutt";"Høyere utdanning";46,81653;-0,84073
"5052";"Norge";"50610106";"5061";9;"Gutt";"Kort utdanning";44,59585;0,74045
"5053";"Norge";"50610107";"5061";9;"Jente";"Høyere utdanning";65,704;-0,22559
"5054";"Norge";"50610108";"5061";9;"Jente";"Kort utdanning";52,66245;-1,12064
"5055";"Norge";"50610109";"5061";9;"Jente";"Ungdomsskole";65,704;1,56956
"5056";"Norge";"50610110";"5061";9;"Jente";"Høyere utdanning";65,704;0,0543
"5057";"Norge";"50610111";"5061";9;"Gutt";"Høyere utdanning";57,13913;-1,07282
"5058";"Norge";"50610112";"5061";9;"Gutt";"Høyere utdanning";52,66245;-2,74792
"5059";"Norge";"50610113";"5061";9;"Jente";"VGS";49,42491;-2,43863
"5060";"Norge";"50610114";"5061";9;"Jente";"Høyere utdanning";65,704;0,41818
"5061";"Norge";"50610115";"5061";9;"Gutt";"Høyere utdanning";52,66245;0,83805
"5062";"Norge";"50610116";"5061";9;"Jente";"VGS";42,6371;-1,88389
"5063";"Norge";"50610117";"5061";9;"Jente";"VGS";65,704;0,10653
"5064";"Norge";"50610118";"5061";9;"Gutt";"VGS";57,13913;-1,28792
"5065";"Norge";"50610121";"5061";9;"Jente";"VGS";65,704;-1,54734
"5066";"Norge";"50610122";"5061";9;"Gutt";"Ungdomsskole";49,42491;-0,20135
"5067";"Norge";"50610123";"5061";9;"Jente";"VGS";65,704;-1,01242
"5068";"Norge";"50610202";"5061";9;"Jente";"Ungdomsskole";45,63179;-0,82024
"5069";"Norge";"50610203";"5061";9;"Gutt";"VGS";46,81653;-1,84707
"5070";"Norge";"50610205";"5061";9;"Jente";"Høyere utdanning";65,704;-0,72877
"5071";"Norge";"50610206";"5061";9;"Gutt";"Høyere utdanning";65,704;-0,52842
"5072";"Norge";"50610209";"5061";9;"Jente";"Høyere utdanning";65,704;-0,5055
"5073";"Norge";"50610210";"5061";9;"Jente";"Høyere utdanning";65,704;0,67385
"5074";"Norge";"50610212";"5061";9;"Jente";"Høyere utdanning";52,66245;-0,2331
"5075";"Norge";"50610213";"5061";9;"Gutt";"Ungdomsskole";44,59585;0,26553
"5076";"Norge";"50610214";"5061";9;"Jente";"Høyere utdanning";65,704;-0,79291
"5077";"Norge";"50610215";"5061";9;"Jente";"Høyere utdanning";65,704;0,36595
"5078";"Norge";"50610216";"5061";9;"Gutt";"Høyere utdanning";37,63793;-0,02591
"5079";"Norge";"50610217";"5061";9;"Gutt";"VGS";36,11853;-1,28792
"5080";"Norge";"50610218";"5061";9;"Gutt";"Høyere utdanning";49,42491;-0,59256
"5081";"Norge";"50610219";"5061";9;"Gutt";"Kort utdanning";52,66245;-0,36113
"5082";"Norge";"50610220";"5061";9;"Gutt";"Ungdomsskole";39,20663;-1,12064
"5083";"Norge";"50610221";"5061";9;"Jente";"Høyere utdanning";65,704;0,8418
"5084";"Norge";"50610223";"5061";9;"Gutt";"Ungdomsskole";42,6371;-0,90046
"5085";"Norge";"50610224";"5061";9;"Gutt";"VGS";49,42491;-1,76751
"5086";"Norge";"50650201";"5065";9;"Gutt";"Ungdomsskole";37,47898;-2,63865
"5087";"Norge";"50650203";"5065";9;"Gutt";"VGS";44,59585;-2,9742
"5088";"Norge";"50650204";"5065";9;"Jente";"Ungdomsskole";65,704;-0,81274
"5089";"Norge";"50650205";"5065";9;"Jente";"Høyere utdanning";65,704;0,36595
"5090";"Norge";"50650207";"5065";9;"Gutt";"VGS";57,13913;-0,56457
"5091";"Norge";"50650209";"5065";9;"Jente";"Kort utdanning";65,704;-0,47685
"5092";"Norge";"50650210";"5065";9;"Gutt";"VGS";57,13913;-1,04041
"5093";"Norge";"50650212";"5065";9;"Gutt";"VGS";37,63793;-1,41859
"5094";"Norge";"50650214";"5065";9;"Jente";"Kort utdanning";65,704;0,16252
"5095";"Norge";"50650215";"5065";9;"Jente";"Ungdomsskole";52,66245;-1,91188
"5096";"Norge";"50650216";"5065";9;"Gutt";"VGS";57,13913;0,81381
"5097";"Norge";"50650217";"5065";9;"Jente";"VGS";62,87645;0,8418
"5098";"Norge";"50650218";"5065";9;"Jente";"Kort utdanning";65,704;0,13828
"5099";"Norge";"50650219";"5065";9;"Jente";"Høyere utdanning";57,13913;-0,08498
"5100";"Norge";"50650220";"5065";9;"Jente";"Høyere utdanning";65,704;-0,72943
"5101";"Norge";"50650221";"5065";9;"Gutt";"VGS";37,63793;-0,5555
"5102";"Norge";"50650222";"5065";9;"Gutt";"Høyere utdanning";40,85939;0,05497
"5103";"Norge";"50650223";"5065";9;"Jente";"Høyere utdanning";65,704;0,16627
"5104";"Norge";"50650224";"5065";9;"Gutt";"VGS";37,44571;0,08539
"5105";"Norge";"50650226";"5065";9;"Jente";"Kort utdanning";65,704;0,56189
"5106";"Norge";"50650227";"5065";9;"Jente";"Ungdomsskole";52,66245;-1,01242
"5107";"Norge";"50650228";"5065";9;"Jente";"Ungdomsskole";57,13913;-0,0242
"5108";"Norge";"50650229";"5065";9;"Jente";"VGS";49,42491;-0,19319
"5109";"Norge";"50650401";"5065";9;"Jente";"VGS";65,704;-1,37348
"5110";"Norge";"50650402";"5065";9;"Gutt";"VGS";57,13913;-1,34666
"5111";"Norge";"50650404";"5065";9;"Jente";"Ungdomsskole";65,704;-0,6168
"5112";"Norge";"50650405";"5065";9;"Jente";"VGS";65,704;-0,23788
"5113";"Norge";"50650406";"5065";9;"Jente";"Ungdomsskole";65,704;0,47417
"5114";"Norge";"50650407";"5065";9;"Jente";"Høyere utdanning";65,704;0,47417
"5115";"Norge";"50650408";"5065";9;"Gutt";"VGS";37,63793;-0,47685
"5116";"Norge";"50650410";"5065";9;"Jente";"Kort utdanning";65,704;-0,3693
"5117";"Norge";"50650411";"5065";9;"Gutt";"VGS";36,11853;-0,11738
"5118";"Norge";"50650412";"5065";9;"Gutt";"Kort utdanning";36,11853;-2,47144
"5119";"Norge";"50650413";"5065";9;"Gutt";"VGS";46,81653;0,67385
"5120";"Norge";"50650415";"5065";9;"Jente";"VGS";65,704;0,95376
"5121";"Norge";"50650416";"5065";9;"Annet";"Kort utdanning";42,6371;0,08229
"5122";"Norge";"50650417";"5065";9;"Gutt";"Kort utdanning";57,13913;-0,25292
"5123";"Norge";"50650418";"5065";9;"Gutt";"Ungdomsskole";37,63793;-1,18478
"5124";"Norge";"50650420";"5065";9;"Jente";"Høyere utdanning";65,704;-0,05765
"5125";"Norge";"50650421";"5065";9;"Gutt";"VGS";46,81653;-0,36047
"5126";"Norge";"50650423";"5065";9;"Gutt";"Ungdomsskole";65,704;-0,64854
"5127";"Norge";"50650424";"5065";9;"Annet";"Ungdomsskole";40,85939;-0,19319
"5128";"Norge";"50650426";"5065";9;"Jente";"Ungdomsskole";65,704;-0,72877
"5129";"Norge";"50650427";"5065";9;"Gutt";"Kort utdanning";39,29989;-0,58881
"5130";"Norge";"50650428";"5065";9;"Jente";"VGS";39,20663;-0,1976
"5131";"Norge";"50650429";"5065";9;"Jente";"Høyere utdanning";65,704;0,86979
"5132";"Norge";"50650430";"5065";9;"Jente";"Kort utdanning";42,6371;-1,3439
"5133";"Norge";"50660101";"5066";9;"Gutt";"Høyere utdanning";36,11853;0,67385
"5134";"Norge";"50660102";"5066";9;"Jente";"Høyere utdanning";52,66245;0,64211
"5135";"Norge";"50660103";"5066";9;"Gutt";"VGS";57,13913;-0,3693
"5136";"Norge";"50660104";"5066";9;"Jente";"Kort utdanning";65,704;-0,69702
"5137";"Norge";"50660105";"5066";9;"Jente";"Høyere utdanning";65,704;-0,86872
"5138";"Norge";"50660107";"5066";9;"Gutt";"Høyere utdanning";39,20663;-1,46403
"5139";"Norge";"50660108";"5066";9;"Jente";"Kort utdanning";65,704;0,39394
"5140";"Norge";"50660109";"5066";9;"Gutt";"Kort utdanning";42,6371;-0,02591
"5141";"Norge";"50660110";"5066";9;"Gutt";"Høyere utdanning";46,81653;0,53015
"5142";"Norge";"50660111";"5066";9;"Jente";"Høyere utdanning";57,13913;-1,35273
"5143";"Norge";"50660113";"5066";9;"Gutt";"Kort utdanning";36,11853;-0,54038
"5144";"Norge";"50680101";"5068";9;"Gutt";"VGS";49,42491;-0,47244
"5145";"Norge";"50680102";"5068";9;"Gutt";"Kort utdanning";65,704;-0,14096
"5146";"Norge";"50680103";"5068";9;"Jente";"Kort utdanning";65,704;1,00974
"5147";"Norge";"50680104";"5068";9;"Jente";"VGS";65,704;0,33796
"5148";"Norge";"50680105";"5068";9;"Gutt";"VGS";44,59585;-0,67653
"5149";"Norge";"50680106";"5068";9;"Gutt";"Kort utdanning";46,81653;-1,04041
"5150";"Norge";"50680107";"5068";9;"Jente";"VGS";57,13913;-1,90747
"5151";"Norge";"50680108";"5068";9;"Gutt";"VGS";62,87645;-1,77193
"5152";"Norge";"50680109";"5068";9;"Jente";"Kort utdanning";65,704;0,19426
"5153";"Norge";"50680110";"5068";9;"Gutt";"Ungdomsskole";52,66245;-0,13787
"5154";"Norge";"50680113";"5068";9;"Gutt";"VGS";65,704;-1,68354
"5155";"Norge";"50680114";"5068";9;"Jente";"VGS";65,704;-1,00426
"5156";"Norge";"50680115";"5068";9;"Jente";"Høyere utdanning";65,704;0,75782
"5157";"Norge";"50680116";"5068";9;"Gutt";"VGS";37,63793;-1,59582
"5158";"Norge";"50680118";"5068";9;"Jente";"Kort utdanning";65,704;0,7025
"5159";"Norge";"50680119";"5068";9;"Jente";"Høyere utdanning";65,704;0,39394
"5160";"Norge";"50680120";"5068";9;"Gutt";"Kort utdanning";52,66245;-0,72943
"5161";"Norge";"50680121";"5068";9;"Gutt";"VGS";42,6371;0,14269
"5162";"Norge";"50680122";"5068";9;"Gutt";"Kort utdanning";65,704;-0,3089
"5163";"Norge";"50690201";"5069";9;"Gutt";"VGS";52,66245;-0,64479
"5164";"Norge";"50690202";"5069";9;"Jente";"Høyere utdanning";65,704;0,72983
"5165";"Norge";"50690203";"5069";9;"Gutt";"Ungdomsskole";65,704;0,95376
"5166";"Norge";"50690204";"5069";9;"Annet";"Ungdomsskole";49,42491;1,68152
"5167";"Norge";"50690205";"5069";9;"Gutt";"Høyere utdanning";44,59585;1,09371
"5168";"Norge";"50690206";"5069";9;"Jente";"Høyere utdanning";65,704;1,20568
"5169";"Norge";"50690209";"5069";9;"Jente";"Høyere utdanning";57,13913;1,00974
"5170";"Norge";"50690210";"5069";9;"Jente";"Høyere utdanning";65,704;0,70184
"5171";"Norge";"50690211";"5069";9;"Jente";"Høyere utdanning";65,704;0,72983
"5172";"Norge";"50690212";"5069";9;"Gutt";"Høyere utdanning";65,704;0,52095
"5173";"Norge";"50690213";"5069";9;"Gutt";"Ungdomsskole";65,704;1,00974
"5174";"Norge";"50690214";"5069";9;"Gutt";"Høyere utdanning";42,6371;0,0683
"5175";"Norge";"50690216";"5069";9;"Jente";"Høyere utdanning";65,704;1,14969
"5176";"Norge";"50690218";"5069";9;"Gutt";"Høyere utdanning";65,704;1,14969
"5177";"Norge";"50690219";"5069";9;"Gutt";"Høyere utdanning";52,66245;-0,31265
"5178";"Norge";"50690220";"5069";9;"Gutt";"Kort utdanning";57,13913;0,30622
"5179";"Norge";"50690221";"5069";9;"Gutt";"Ungdomsskole";52,66245;1,03773
"5180";"Norge";"50690222";"5069";9;"Jente";"VGS";65,704;0,75407
"5181";"Norge";"50690223";"5069";9;"Gutt";"Høyere utdanning";65,704;0,55814
"5182";"Norge";"50690224";"5069";9;"Jente";"Ungdomsskole";65,704;1,00974
"5183";"Norge";"50690225";"5069";9;"Jente";"Høyere utdanning";65,704;0,87802
"5184";"Norge";"50690226";"5069";9;"Gutt";"Kort utdanning";42,6371;0,92202
"5185";"Norge";"50690227";"5069";9;"Jente";"Ungdomsskole";65,704;0,8418
"5186";"Norge";"50690501";"5069";9;"Jente";"Høyere utdanning";65,704;0,47417
"5187";"Norge";"50690502";"5069";9;"Gutt";"VGS";46,81653;0,3622
"5188";"Norge";"50690504";"5069";9;"Gutt";"Høyere utdanning";46,81653;0,50216
"5189";"Norge";"50690505";"5069";9;"Jente";"Kort utdanning";65,704;-1,46403
"5190";"Norge";"50690506";"5069";9;"Jente";"Ungdomsskole";65,704;1,09371
"5191";"Norge";"50690508";"5069";9;"Gutt";"VGS";42,6371;-0,48126
"5192";"Norge";"50690509";"5069";9;"Jente";"Høyere utdanning";49,42491;1,68152
"5193";"Norge";"50690510";"5069";9;"Jente";"Høyere utdanning";65,704;0,6701
"5194";"Norge";"50690511";"5069";9;"Gutt";"Kort utdanning";37,63793;1,40161
"5195";"Norge";"50690512";"5069";9;"Gutt";"Høyere utdanning";42,6371;1,03773
"5196";"Norge";"50690514";"5069";9;"Jente";"Høyere utdanning";46,81653;-0,40104
"5197";"Norge";"50690515";"5069";9;"Gutt";"Høyere utdanning";44,59585;-0,17336
"5198";"Norge";"50690516";"5069";9;"Gutt";"Høyere utdanning";37,63793;-1,15238
"5199";"Norge";"50690518";"5069";9;"Jente";"Høyere utdanning";49,42491;0,33421
"5200";"Norge";"50690519";"5069";9;"Jente";"Kort utdanning";65,704;0,95376
"5201";"Norge";"50690520";"5069";9;"Gutt";"Høyere utdanning";49,42491;0,86979
"5202";"Norge";"50690521";"5069";9;"Gutt";"Høyere utdanning";44,59585;0,95376
"5203";"Norge";"50690522";"5069";9;"Gutt";"Høyere utdanning";44,59585;-1,86804
"5204";"Norge";"50710101";"5071";9;"Jente";"Høyere utdanning";65,704;0,72983
"5205";"Norge";"50710102";"5071";9;"Gutt";"VGS";37,63793;-0,05765
"5206";"Norge";"50710103";"5071";9;"Gutt";"VGS";42,6371;-0,05324
"5207";"Norge";"50710105";"5071";9;"Gutt";"Høyere utdanning";42,6371;1,1217
"5208";"Norge";"50710106";"5071";9;"Jente";"Høyere utdanning";42,6371;0,67385
"5209";"Norge";"50710107";"5071";9;"Jente";"Høyere utdanning";65,704;-1,04483
"5210";"Norge";"50710108";"5071";9;"Gutt";"Ungdomsskole";37,63793;0,72983
"5211";"Norge";"50710109";"5071";9;"Jente";"Høyere utdanning";65,704;0,50591
"5212";"Norge";"50710110";"5071";9;"Gutt";"Høyere utdanning";42,6371;0,72983
"5213";"Norge";"50710112";"5071";9;"Jente";"Høyere utdanning";65,704;1,03773
"5214";"Norge";"50710113";"5071";9;"Gutt";"Høyere utdanning";46,81653;0,26136
"5215";"Norge";"50710115";"5071";9;"Gutt";"Ungdomsskole";36,11853;0,22666
"5216";"Norge";"50710116";"5071";9;"Gutt";"Høyere utdanning";65,704;0,70184
"5217";"Norge";"50710117";"5071";9;"Gutt";"Høyere utdanning";65,704;1,68152
"5218";"Norge";"50710118";"5071";9;"Jente";"Høyere utdanning";46,25673;-0,34131
"5219";"Norge";"50710120";"5071";9;"Jente";"Høyere utdanning";65,704;-0,20135
"5220";"Norge";"50710121";"5071";9;"Jente";"Høyere utdanning";65,704;-0,0614
"5221";"Norge";"50710122";"5071";9;"Gutt";"Kort utdanning";37,63793;1,0104
"5222";"Norge";"50710123";"5071";9;"Jente";"Høyere utdanning";65,704;1,14594
"5223";"Norge";"50710124";"5071";9;"Gutt";"Høyere utdanning";57,13913;0,64211
"5224";"Norge";"50710125";"5071";9;"Gutt";"VGS";37,63793;0,44617
"5225";"Norge";"50710126";"5071";9;"Jente";"Kort utdanning";65,704;-0,28091
"5226";"Norge";"50710127";"5071";9;"Gutt";"VGS";65,704;1,31764
"5227";"Norge";"50710128";"5071";9;"Jente";"VGS";65,704;-0,05724
"5228";"Norge";"50710129";"5071";9;"Gutt";"VGS";52,66245;1,08193
"5229";"Norge";"50710130";"5071";9;"Jente";"Høyere utdanning";65,704;-0,3693
"5230";"Norge";"50710301";"5071";9;"Jente";"Kort utdanning";37,63793;-1,57599
"5231";"Norge";"50710303";"5071";9;"Gutt";"Høyere utdanning";37,63793;0,14269
"5232";"Norge";"50710305";"5071";9;"Jente";"Ungdomsskole";52,66245;-0,50484
"5233";"Norge";"50710306";"5071";9;"Gutt";"Høyere utdanning";65,704;0,05497
"5234";"Norge";"50710307";"5071";9;"Gutt";"Høyere utdanning";42,6371;-0,26798
"5235";"Norge";"50710308";"5071";9;"Jente";"Høyere utdanning";57,13913;1,09371
"5236";"Norge";"50710309";"5071";9;"Gutt";"Kort utdanning";42,6371;-0,89163
"5237";"Norge";"50710310";"5071";9;"Gutt";"Høyere utdanning";37,63793;0,13828
"5238";"Norge";"50710311";"5071";9;"Jente";"VGS";37,63793;-0,93286
"5239";"Norge";"50710312";"5071";9;"Jente";"Høyere utdanning";65,704;1,09371
"5240";"Norge";"50710313";"5071";9;"Gutt";"Ungdomsskole";37,63793;-1,60464
"5241";"Norge";"50710314";"5071";9;"Jente";"Høyere utdanning";51,67915;1,25791
"5242";"Norge";"50710316";"5071";9;"Jente";"Ungdomsskole";42,6371;-0,30515
"5243";"Norge";"50710317";"5071";9;"Jente";"Ungdomsskole";37,63793;0,81381
"5244";"Norge";"50710319";"5071";9;"Gutt";"Høyere utdanning";65,704;0,53015
"5245";"Norge";"50710320";"5071";9;"Gutt";"Høyere utdanning";37,63793;-1,59582
"5246";"Norge";"50710321";"5071";9;"Gutt";"Kort utdanning";49,42491;0,4226
"5247";"Norge";"50710322";"5071";9;"Annet";"Ungdomsskole";37,63793;-1,53542
"5248";"Norge";"50710323";"5071";9;"Gutt";"Høyere utdanning";65,704;0,30997
"5249";"Norge";"50710324";"5071";9;"Jente";"Høyere utdanning";65,704;0,47417
"5250";"Norge";"50710325";"5071";9;"Gutt";"Høyere utdanning";15,93837;1,03773
"5251";"Norge";"50710326";"5071";9;"Gutt";"VGS";42,6371;0,30622
"5252";"Norge";"50710327";"5071";9;"Jente";"Ungdomsskole";65,704;0,33796
"5253";"Norge";"50710328";"5071";9;"Jente";"VGS";65,704;1,14969
"5254";"Norge";"50710329";"5071";9;"Jente";"Høyere utdanning";65,704;1,03773
"5255";"Norge";"50720301";"5072";9;"Jente";"Høyere utdanning";65,704;0,89778
"5256";"Norge";"50720303";"5072";9;"Gutt";"VGS";42,6371;-1,03666
"5257";"Norge";"50720304";"5072";9;"Gutt";"Ungdomsskole";49,42491;0,8418
"5258";"Norge";"50720305";"5072";9;"Gutt";"Høyere utdanning";65,704;0,36595
"5259";"Norge";"50720306";"5072";9;"Jente";"Høyere utdanning";49,42491;1,10952
"5260";"Norge";"50720307";"5072";9;"Gutt";"Ungdomsskole";57,13913;0,61412
"5261";"Norge";"50720308";"5072";9;"Gutt";"VGS";42,6371;-2,24711
"5262";"Norge";"50720310";"5072";9;"Gutt";"Høyere utdanning";42,6371;-0,34131
"5263";"Norge";"50720311";"5072";9;"Jente";"Kort utdanning";65,704;-0,60872
"5264";"Norge";"50720312";"5072";9;"Jente";"Høyere utdanning";65,704;0,89778
"5265";"Norge";"50720313";"5072";9;"Gutt";"Kort utdanning";33,11239;-0,30515
"5266";"Norge";"50720315";"5072";9;"Jente";"Høyere utdanning";65,704;-1,03666
"5267";"Norge";"50720316";"5072";9;"Gutt";"VGS";36,73714;1,17769
"5268";"Norge";"50720319";"5072";9;"Jente";"VGS";65,704;0,33796
"5269";"Norge";"50720321";"5072";9;"Jente";"Høyere utdanning";46,81653;1,26166
"5270";"Norge";"50720322";"5072";9;"Gutt";"Ungdomsskole";37,63793;-2,25991
"5271";"Norge";"50720323";"5072";9;"Jente";"VGS";65,704;-0,50484
"5272";"Norge";"50720324";"5072";9;"Jente";"Høyere utdanning";65,704;-0,28533
"5273";"Norge";"50730202";"5073";9;"Gutt";"Kort utdanning";65,704;-1,71594
"5274";"Norge";"50730204";"5073";9;"Jente";"VGS";57,13913;-0,1976
"5275";"Norge";"50730205";"5073";9;"Gutt";"Høyere utdanning";39,63473;1,26166
"5276";"Norge";"50730206";"5073";9;"Gutt";"Kort utdanning";37,63793;0,33421
"5277";"Norge";"50730207";"5073";9;"Jente";"Høyere utdanning";65,704;0,8418
"5278";"Norge";"50730208";"5073";9;"Jente";"Kort utdanning";65,704;-0,30515
"5279";"Norge";"50730210";"5073";9;"Jente";"Høyere utdanning";65,704;1,06572
"5280";"Norge";"50730211";"5073";9;"Jente";"VGS";65,704;1,17769
"5281";"Norge";"50730212";"5073";9;"Jente";"Høyere utdanning";65,704;0,41818
"5282";"Norge";"50730213";"5073";9;"Gutt";"VGS";44,59585;1,1217
"5283";"Norge";"50730214";"5073";9;"Gutt";"VGS";65,704;-1,42412
"5284";"Norge";"50730217";"5073";9;"Jente";"Kort utdanning";65,704;-0,14096
"5285";"Norge";"50730218";"5073";9;"Jente";"Høyere utdanning";52,66245;0,33796
"5286";"Norge";"50730219";"5073";9;"Jente";"Høyere utdanning";65,704;-0,72877
"5287";"Norge";"50730220";"5073";9;"Jente";"VGS";65,704;0,05055
"5288";"Norge";"50730221";"5073";9;"Gutt";"Kort utdanning";46,81653;-0,05765
"5289";"Norge";"50730223";"5073";9;"Jente";"Høyere utdanning";65,704;-0,36555
"5290";"Norge";"50730224";"5073";9;"Gutt";"VGS";50,31083;0,41818
"5291";"Norge";"50730225";"5073";9;"Gutt";"Høyere utdanning";57,13913;1,20568
"5292";"Norge";"50730226";"5073";9;"Gutt";"Høyere utdanning";57,13913;1,14969
"5293";"Norge";"50730227";"5073";9;"Jente";"Kort utdanning";65,704;0,36595
"5294";"Norge";"50730228";"5073";9;"Jente";"Høyere utdanning";65,704;0,25465
"5295";"Norge";"50730229";"5073";9;"Jente";"Ungdomsskole";65,704;0,39019
"5296";"Norge";"50730230";"5073";9;"Jente";"Høyere utdanning";65,704;-0,30957
"5297";"Norge";"50730401";"5073";9;"Jente";"Høyere utdanning";65,704;-2,41064
"5298";"Norge";"50730402";"5073";9;"Jente";"VGS";36,11853;-2,19112
"5299";"Norge";"50730404";"5073";9;"Gutt";"VGS";37,63793;-1,17596
"5300";"Norge";"50730405";"5073";9;"Annet";"VGS";37,63793;-1,77193
"5301";"Norge";"50730406";"5073";9;"Gutt";"Kort utdanning";37,63793;-0,71087
"5302";"Norge";"50730407";"5073";9;"Gutt";"Ungdomsskole";57,13913;-0,76492
"5303";"Norge";"50730408";"5073";9;"Jente";"Kort utdanning";65,704;-1,99144
"5304";"Norge";"50730411";"5073";9;"Jente";"Høyere utdanning";65,704;-1,28792
"5305";"Norge";"50730413";"5073";9;"Jente";"Høyere utdanning";65,704;0,81381
"5306";"Norge";"50730414";"5073";9;"Gutt";"VGS";40,85939;-0,86872
"5307";"Norge";"50730416";"5073";9;"Gutt";"Høyere utdanning";37,63793;0,89778
"5308";"Norge";"50730417";"5073";9;"Jente";"Høyere utdanning";65,704;-1,90747
"5309";"Norge";"50730418";"5073";9;"Gutt";"VGS";37,63793;1,68152
"5310";"Norge";"50730419";"5073";9;"Jente";"Høyere utdanning";57,13913;-2,66697
"5311";"Norge";"50730420";"5073";9;"Gutt";"Kort utdanning";65,704;-1,34831
"5312";"Norge";"50730421";"5073";9;"Gutt";"Høyere utdanning";46,81653;0,08229
"5313";"Norge";"50730422";"5073";9;"Jente";"Høyere utdanning";65,704;1,00974
"5314";"Norge";"50730423";"5073";9;"Jente";"Høyere utdanning";36,11853;0,33796
"5315";"Norge";"50730424";"5073";9;"Jente";"Kort utdanning";65,704;0,28264
"5316";"Norge";"50730425";"5073";9;"Jente";"Ungdomsskole";37,63793;-0,79184
"5317";"Norge";"50730426";"5073";9;"Gutt";"Ungdomsskole";37,63793;-2,2738
"5318";"Norge";"50730428";"5073";9;"Gutt";"VGS";40,85939;-0,70011
"5319";"Norge";"50730429";"5073";9;"Gutt";"Ungdomsskole";37,63793;0,99515
"5320";"Norge";"50740101";"5074";9;"Jente";"Ungdomsskole";65,704;-1,48385
"5321";"Norge";"50740102";"5074";9;"Jente";"Høyere utdanning";65,704;-1,00426
"5322";"Norge";"50740103";"5074";9;"Gutt";"Høyere utdanning";46,81653;0,22225
"5323";"Norge";"50740104";"5074";9;"Jente";"Høyere utdanning";65,704;0,44993
"5324";"Norge";"50740105";"5074";9;"Jente";"Ungdomsskole";65,704;-0,25292
"5325";"Norge";"50740106";"5074";9;"Jente";"Kort utdanning";65,704;-0,10988
"5326";"Norge";"50740108";"5074";9;"Jente";"VGS";57,13913;1,4296
"5327";"Norge";"50740109";"5074";9;"Gutt";"Høyere utdanning";52,66245;1,00974
"5328";"Norge";"50740110";"5074";9;"Gutt";"Høyere utdanning";22,5882;0,86691
"5329";"Norge";"50740112";"5074";9;"Gutt";"Høyere utdanning";65,704;0,78581
"5330";"Norge";"50740114";"5074";9;"Jente";"Høyere utdanning";37,63793;-1,15679
"5331";"Norge";"50740115";"5074";9;"Jente";"VGS";65,704;-1,65555
"5332";"Norge";"50740116";"5074";9;"Gutt";"VGS";37,63793;0,33421
"5333";"Norge";"50740117";"5074";9;"Gutt";"Høyere utdanning";49,42491;0,72983
"5334";"Norge";"50740118";"5074";9;"Jente";"Ungdomsskole";65,704;-0,86872
"5335";"Norge";"50740119";"5074";9;"Jente";"Høyere utdanning";65,704;-0,02966
"5336";"Norge";"50740120";"5074";9;"Jente";"VGS";57,13913;-1,3763
"5337";"Norge";"50740121";"5074";9;"Jente";"VGS";37,63793;-1,76751
"5338";"Norge";"50740123";"5074";9;"Jente";"Høyere utdanning";65,704;0,6701
"5339";"Norge";"50740125";"5074";9;"Jente";"Høyere utdanning";65,704;-1,15076
"5340";"Norge";"50740126";"5074";9;"Jente";"Høyere utdanning";65,704;0,17068
"5341";"Norge";"50740128";"5074";9;"Jente";"Høyere utdanning";65,704;-0,58881
"5342";"Norge";"50740129";"5074";9;"Jente";"Høyere utdanning";65,704;0,05872
"5343";"Norge";"50740301";"5074";9;"Jente";"Høyere utdanning";65,704;0,95376
"5344";"Norge";"50740302";"5074";9;"Jente";"Kort utdanning";65,704;0,36286
"5345";"Norge";"50740303";"5074";9;"Jente";"Høyere utdanning";65,704;-1,87572
"5346";"Norge";"50740304";"5074";9;"Jente";"Høyere utdanning";65,704;0,72983
"5347";"Norge";"50740305";"5074";9;"Jente";"Kort utdanning";65,704;-0,58815
"5348";"Norge";"50740306";"5074";9;"Jente";"Kort utdanning";65,704;-0,76117
"5349";"Norge";"50740307";"5074";9;"Jente";"Kort utdanning";57,13913;-1,06465
"5350";"Norge";"50740309";"5074";9;"Gutt";"VGS";40,85939;-0,13787
"5351";"Norge";"50740310";"5074";9;"Gutt";"Kort utdanning";34,6202;-1,2002
"5352";"Norge";"50740311";"5074";9;"Jente";"VGS";49,42491;0,64586
"5353";"Norge";"50740312";"5074";9;"Gutt";"Høyere utdanning";42,6371;-0,6168
"5354";"Norge";"50740313";"5074";9;"Jente";"Kort utdanning";65,704;0,08296
"5355";"Norge";"50740314";"5074";9;"Gutt";"VGS";42,6371;0,22225
"5356";"Norge";"50740315";"5074";9;"Gutt";"Ungdomsskole";34,50968;0,39019
"5357";"Norge";"50740316";"5074";9;"Jente";"VGS";65,704;-0,08564
"5358";"Norge";"50740317";"5074";9;"Jente";"Høyere utdanning";65,704;1,06572
"5359";"Norge";"50740318";"5074";9;"Gutt";"VGS";42,6371;-0,25734
"5360";"Norge";"50740319";"5074";9;"Jente";"Høyere utdanning";65,704;-1,76751
"5361";"Norge";"50740320";"5074";9;"Jente";"Kort utdanning";65,704;0,86979
"5362";"Norge";"50740321";"5074";9;"Jente";"Høyere utdanning";65,704;-0,58506
"5363";"Norge";"50740322";"5074";9;"Jente";"Høyere utdanning";65,704;0,64586
"5364";"Norge";"50740324";"5074";9;"Jente";"Kort utdanning";65,704;-0,28533
"5365";"Norge";"50740325";"5074";9;"Jente";"Høyere utdanning";65,704;0,86979
"5366";"Norge";"50740328";"5074";9;"Jente";"Høyere utdanning";65,704;-0,11297
"5367";"Norge";"50740329";"5074";9;"Jente";"VGS";65,704;-1,62381
"5368";"Norge";"50740330";"5074";9;"Gutt";"VGS";49,42491;-0,19319
"5369";"Norge";"50760201";"5076";9;"Jente";"VGS";42,6371;-1,87948
"5370";"Norge";"50760203";"5076";9;"Jente";"Høyere utdanning";65,704;-0,81274
"5371";"Norge";"50760205";"5076";9;"Gutt";"VGS";51,67915;0,1147
"5372";"Norge";"50760207";"5076";9;"Jente";"VGS";52,66245;-0,54934
"5373";"Norge";"50760208";"5076";9;"Jente";"Ungdomsskole";39,20663;0,39461
"5374";"Norge";"50760209";"5076";9;"Gutt";"Kort utdanning";37,63793;-0,029
"5375";"Norge";"50760212";"5076";9;"Gutt";"Ungdomsskole";36,11853;0,33421
"5376";"Norge";"50760213";"5076";9;"Jente";"Ungdomsskole";65,704;-0,6168
"5377";"Norge";"50760214";"5076";9;"Jente";"Høyere utdanning";65,704;0,31063
"5378";"Norge";"50760215";"5076";9;"Jente";"VGS";37,63793;-1,85148
"5379";"Norge";"50760216";"5076";9;"Gutt";"Høyere utdanning";49,42491;-2,41505
"5380";"Norge";"50760217";"5076";9;"Gutt";"Ungdomsskole";36,11853;-0,66939
"5381";"Norge";"50760219";"5076";9;"Jente";"Kort utdanning";65,704;0,28264
"5382";"Norge";"50760220";"5076";9;"Gutt";"Høyere utdanning";65,704;0,86979
"5383";"Norge";"50760222";"5076";9;"Annet";"Høyere utdanning";44,59585;0,70184
"5384";"Norge";"50760223";"5076";9;"Gutt";"VGS";57,13913;-0,19319
"5385";"Norge";"50760224";"5076";9;"Jente";"VGS";65,704;-0,72877
"5386";"Norge";"50760225";"5076";9;"Jente";"VGS";65,704;0,8418
"5387";"Norge";"50760226";"5076";9;"Jente";"VGS";39,20663;-1,3293
"5388";"Norge";"50760228";"5076";9;"Gutt";"Kort utdanning";39,20663;-0,87622
"5389";"Norge";"50760501";"5076";9;"Jente";"VGS";49,42491;-0,44112
"5390";"Norge";"50760502";"5076";9;"Gutt";"Høyere utdanning";52,66245;0,17068
"5391";"Norge";"50760504";"5076";9;"Jente";"Høyere utdanning";40,85939;0,3622
"5392";"Norge";"50760505";"5076";9;"Gutt";"Kort utdanning";46,81653;0,44617
"5393";"Norge";"50760507";"5076";9;"Gutt";"Høyere utdanning";65,704;0,89778
"5394";"Norge";"50760508";"5076";9;"Gutt";"Ungdomsskole";37,63793;-0,3375
"5395";"Norge";"50760509";"5076";9;"Gutt";"Ungdomsskole";65,704;-0,05765
"5396";"Norge";"50760510";"5076";9;"Jente";"Ungdomsskole";65,704;0,27448
"5397";"Norge";"50760511";"5076";9;"Jente";"Ungdomsskole";65,704;-0,5055
"5398";"Norge";"50760512";"5076";9;"Gutt";"Kort utdanning";37,63793;0,36595
"5399";"Norge";"50760513";"5076";9;"Jente";"Høyere utdanning";65,704;-0,86872
"5400";"Norge";"50760516";"5076";9;"Gutt";"Kort utdanning";44,59585;0,8418
"5401";"Norge";"50760517";"5076";9;"Gutt";"VGS";37,63793;-1,05901
"5402";"Norge";"50760518";"5076";9;"Jente";"Ungdomsskole";57,13913;-1,09198
"5403";"Norge";"50760521";"5076";9;"Gutt";"Høyere utdanning";65,704;1,14969
"5404";"Norge";"50760522";"5076";9;"Jente";"VGS";40,85939;-1,09198
"5405";"Norge";"50760523";"5076";9;"Gutt";"Høyere utdanning";33,11239;0,8418
"5406";"Norge";"50760525";"5076";9;"Jente";"Ungdomsskole";65,704;0,8418
"5407";"Norge";"50760527";"5076";9;"Jente";"VGS";65,704;-0,70011
"5408";"Norge";"50770101";"5077";9;"Gutt";"Høyere utdanning";57,13913;-0,08939
"5409";"Norge";"50770102";"5077";9;"Gutt";"Ungdomsskole";65,704;-1,32474
"5410";"Norge";"50770104";"5077";9;"Gutt";"Høyere utdanning";57,13913;-0,39354
"5411";"Norge";"50770105";"5077";9;"Jente";"Høyere utdanning";65,704;-1,18478
"5412";"Norge";"50770106";"5077";9;"Gutt";"Ungdomsskole";37,63793;-1,48732
"5413";"Norge";"50770107";"5077";9;"Gutt";"VGS";37,63793;-1,4876
"5414";"Norge";"50770108";"5077";9;"Gutt";"Høyere utdanning";65,704;-0,44511
"5415";"Norge";"50770109";"5077";9;"Gutt";"Høyere utdanning";65,704;1,03773
"5416";"Norge";"50770111";"5077";9;"Gutt";"Kort utdanning";65,704;1,00974
"5417";"Norge";"50770112";"5077";9;"Gutt";"Høyere utdanning";65,704;-0,90487
"5418";"Norge";"50770113";"5077";9;"Gutt";"VGS";40,85939;0,4226
"5419";"Norge";"50770114";"5077";9;"Gutt";"Høyere utdanning";57,13913;0,78581
"5420";"Norge";"50770115";"5077";9;"Gutt";"Høyere utdanning";49,42491;0,22225
"5421";"Norge";"50770118";"5077";9;"Gutt";"Høyere utdanning";44,59585;-0,00224
"5422";"Norge";"50770119";"5077";9;"Gutt";"Høyere utdanning";52,66245;-0,47679
"5423";"Norge";"50770120";"5077";9;"Gutt";"Høyere utdanning";49,42491;0,98175
"5424";"Norge";"50770121";"5077";9;"Jente";"Høyere utdanning";65,704;-0,11738
"5425";"Norge";"50770122";"5077";9;"Gutt";"VGS";39,20663;-1,39431
"5426";"Norge";"50770124";"5077";9;"Gutt";"Høyere utdanning";36,11853;0,95376
"5427";"Norge";"50770125";"5077";9;"Jente";"Høyere utdanning";65,704;0,43608
"5428";"Norge";"50770203";"5077";9;"Gutt";"VGS";65,704;-0,53658
"5429";"Norge";"50770204";"5077";9;"Gutt";"Høyere utdanning";34,6202;0,97719
"5430";"Norge";"50770205";"5077";9;"Gutt";"VGS";46,81653;-1,18037
"5431";"Norge";"50770207";"5077";9;"Jente";"Høyere utdanning";65,704;1,20568
"5432";"Norge";"50770208";"5077";9;"Gutt";"VGS";49,42491;0,02698
"5433";"Norge";"50770209";"5077";9;"Gutt";"Kort utdanning";65,704;0,8418
"5434";"Norge";"50770212";"5077";9;"Gutt";"Høyere utdanning";46,81653;1,00974
"5435";"Norge";"50770217";"5077";9;"Annet";"Høyere utdanning";57,13913;-1,27253
"5436";"Norge";"50770218";"5077";9;"Jente";"Høyere utdanning";65,704;-0,16961
"5437";"Norge";"50770220";"5077";9;"Gutt";"Kort utdanning";37,63793;0,86979
"5438";"Norge";"50770221";"5077";9;"Gutt";"Høyere utdanning";65,704;1,31764
"5439";"Norge";"50770222";"5077";9;"Gutt";"VGS";49,42491;0,72233
"5440";"Norge";"50780301";"5078";9;"Jente";"Høyere utdanning";37,63793;-1,76392
"5441";"Norge";"50780302";"5078";9;"Jente";"Høyere utdanning";65,704;-0,36555
"5442";"Norge";"50780303";"5078";9;"Jente";"VGS";37,63793;-1,12064
"5443";"Norge";"50780307";"5078";9;"Gutt";"Ungdomsskole";58,18556;-0,19319
"5444";"Norge";"50780308";"5078";9;"Jente";"Høyere utdanning";65,704;0,69809
"5445";"Norge";"50780309";"5078";9;"Gutt";"Høyere utdanning";65,704;1,68152
"5446";"Norge";"50780310";"5078";9;"Gutt";"Kort utdanning";65,704;0,98175
"5447";"Norge";"50780311";"5078";9;"Gutt";"Ungdomsskole";65,704;1,26166
"5448";"Norge";"50780312";"5078";9;"Gutt";"Høyere utdanning";42,6371;0,78581
"5449";"Norge";"50780313";"5078";9;"Gutt";"Høyere utdanning";52,66245;1,68152
"5450";"Norge";"50780314";"5078";9;"Gutt";"Høyere utdanning";46,81653;1,00974
"5451";"Norge";"50780315";"5078";9;"Gutt";"Høyere utdanning";65,704;1,09371
"5452";"Norge";"50780316";"5078";9;"Gutt";"Kort utdanning";37,63793;0,19867
"5453";"Norge";"50780317";"5078";9;"Gutt";"Ungdomsskole";65,704;1,56956
"5454";"Norge";"50780318";"5078";9;"Jente";"Høyere utdanning";65,704;1,68152
"5455";"Norge";"50780319";"5078";9;"Gutt";"Kort utdanning";49,42491;-0,19694
"5456";"Norge";"50780320";"5078";9;"Gutt";"Kort utdanning";39,20663;0,16693
"5457";"Norge";"50780323";"5078";9;"Jente";"Høyere utdanning";49,42491;1,28965
"5458";"Norge";"50780324";"5078";9;"Gutt";"Kort utdanning";57,13913;1,14969
"5459";"Norge";"50780325";"5078";9;"Gutt";"Høyere utdanning";65,704;0,81381
"5460";"Norge";"50780326";"5078";9;"Gutt";"Høyere utdanning";65,704;0,8418
"5461";"Norge";"50780327";"5078";9;"Jente";"Høyere utdanning";65,704;0,8418
"5462";"Norge";"50780328";"5078";9;"Gutt";"Høyere utdanning";65,704;0,55814
"5463";"Norge";"50780330";"5078";9;"Jente";"Høyere utdanning";65,704;1,14969
"5464";"Norge";"50780701";"5078";9;"Jente";"Høyere utdanning";65,704;-1,47026
"5465";"Norge";"50780702";"5078";9;"Gutt";"Kort utdanning";65,704;0,95376
"5466";"Norge";"50780703";"5078";9;"Gutt";"Høyere utdanning";52,66245;-0,13787
"5467";"Norge";"50780704";"5078";9;"Jente";"Ungdomsskole";65,704;1,56956
"5468";"Norge";"50780705";"5078";9;"Gutt";"Høyere utdanning";40,85939;0,69809
"5469";"Norge";"50780706";"5078";9;"Gutt";"Høyere utdanning";37,63793;1,14969
"5470";"Norge";"50780707";"5078";9;"Gutt";"Høyere utdanning";39,20663;-2,32733
"5471";"Norge";"50780708";"5078";9;"Jente";"Kort utdanning";57,13913;-1,46403
"5472";"Norge";"50780709";"5078";9;"Gutt";"Ungdomsskole";37,63793;-0,33719
"5473";"Norge";"50780711";"5078";9;"Jente";"Høyere utdanning";65,704;0,72608
"5474";"Norge";"50780713";"5078";9;"Jente";"Høyere utdanning";65,704;1,56956
"5475";"Norge";"50780714";"5078";9;"Gutt";"Høyere utdanning";65,704;1,31764
"5476";"Norge";"50780716";"5078";9;"Gutt";"Kort utdanning";65,704;0,22666
"5477";"Norge";"50780717";"5078";9;"Jente";"Høyere utdanning";65,704;0,61412
"5478";"Norge";"50780718";"5078";9;"Gutt";"Ungdomsskole";65,704;1,68152
"5479";"Norge";"50780719";"5078";9;"Jente";"Høyere utdanning";65,704;1,26166
"5480";"Norge";"50780720";"5078";9;"Gutt";"Høyere utdanning";57,13913;-0,20135
"5481";"Norge";"50780721";"5078";9;"Jente";"Høyere utdanning";65,704;0,8418
"5482";"Norge";"50780722";"5078";9;"Jente";"VGS";65,704;-0,11297
"5483";"Norge";"50780723";"5078";9;"Jente";"Høyere utdanning";52,66245;0,17068
"5484";"Norge";"50780724";"5078";9;"Jente";"Høyere utdanning";65,704;0,8418
"5485";"Norge";"50780725";"5078";9;"Gutt";"Ungdomsskole";57,13913;1,68152
"5486";"Norge";"50780726";"5078";9;"Gutt";"Høyere utdanning";65,704;0,78581
"5487";"Norge";"50780727";"5078";9;"Gutt";"Høyere utdanning";65,704;1,03773
"5488";"Norge";"50790101";"5079";9;"Gutt";"Høyere utdanning";42,6371;-0,16961
"5489";"Norge";"50790102";"5079";9;"Jente";"Høyere utdanning";57,13913;-0,50925
"5490";"Norge";"50790103";"5079";9;"Gutt";"Høyere utdanning";44,59585;-0,05765
"5491";"Norge";"50790104";"5079";9;"Gutt";"Høyere utdanning";44,59585;0,41818
"5492";"Norge";"50790108";"5079";9;"Gutt";"Høyere utdanning";52,66245;-0,02966
"5493";"Norge";"50790109";"5079";9;"Jente";"Høyere utdanning";57,13913;-2,48456
"5494";"Norge";"50790110";"5079";9;"Jente";"Høyere utdanning";37,63793;-0,05765
"5495";"Norge";"50790111";"5079";9;"Gutt";"Kort utdanning";52,66245;-1,73952
"5496";"Norge";"50790113";"5079";9;"Gutt";"Ungdomsskole";49,42491;-1,37498
"5497";"Norge";"50790116";"5079";9;"Gutt";"Høyere utdanning";46,81653;-0,05765
"5498";"Norge";"50800301";"5080";9;"Gutt";"Høyere utdanning";65,704;0,61787
"5499";"Norge";"50800302";"5080";9;"Jente";"Høyere utdanning";57,13913;-2,21912
"5500";"Norge";"50800303";"5080";9;"Jente";"Høyere utdanning";65,704;-0,8923
"5501";"Norge";"50800304";"5080";9;"Gutt";"Kort utdanning";37,63793;0,19867
"5502";"Norge";"50800305";"5080";9;"Gutt";"Ungdomsskole";37,63793;-0,70077
"5503";"Norge";"50800306";"5080";9;"Jente";"Høyere utdanning";65,704;1,00974
"5504";"Norge";"50800309";"5080";9;"Jente";"Høyere utdanning";65,704;-0,50109
"5505";"Norge";"50800310";"5080";9;"Gutt";"Kort utdanning";65,704;-0,98068
"5506";"Norge";"50800311";"5080";9;"Gutt";"VGS";65,704;-0,08939
"5507";"Norge";"50800312";"5080";9;"Gutt";"Kort utdanning";33,11239;-0,95644
"5508";"Norge";"50800701";"5080";9;"Gutt";"Høyere utdanning";65,704;-1,29233
"5509";"Norge";"50800702";"5080";9;"Jente";"Ungdomsskole";65,704;0,17002
"5510";"Norge";"50800703";"5080";9;"Gutt";"VGS";49,42491;-2,27245
"5511";"Norge";"50800704";"5080";9;"Jente";"Høyere utdanning";57,13913;-0,08189
"5512";"Norge";"50800705";"5080";9;"Gutt";"Høyere utdanning";65,704;0,47417
"5513";"Norge";"50800706";"5080";9;"Jente";"Høyere utdanning";57,13913;-0,30957
"5514";"Norge";"50800707";"5080";9;"Jente";"Høyere utdanning";65,704;0,36595
"5515";"Norge";"50800708";"5080";9;"Gutt";"Høyere utdanning";44,59585;-0,31707
"5516";"Norge";"50800711";"5080";9;"Jente";"Ungdomsskole";65,704;-1,3115
"5517";"Norge";"50800712";"5080";9;"Gutt";"Kort utdanning";49,42491;-0,6772
"5518";"Norge";"50810401";"5081";9;"Gutt";"Ungdomsskole";39,20663;1,68152
"5519";"Norge";"50810402";"5081";9;"Gutt";"Høyere utdanning";49,42491;1,14969
"5520";"Norge";"50810403";"5081";9;"Jente";"Kort utdanning";42,6371;0,42805
"5521";"Norge";"50810404";"5081";9;"Jente";"Kort utdanning";57,13913;1,31764
"5522";"Norge";"50810405";"5081";9;"Gutt";"Høyere utdanning";57,13913;0,22225
"5523";"Norge";"50810406";"5081";9;"Gutt";"Høyere utdanning";42,6371;1,14969
"5524";"Norge";"50810407";"5081";9;"Gutt";"Høyere utdanning";65,704;1,31764
"5525";"Norge";"50810409";"5081";9;"Gutt";"Høyere utdanning";42,6371;0,8418
"5526";"Norge";"50810411";"5081";9;"Jente";"Høyere utdanning";65,704;0,8418
"5527";"Norge";"50810413";"5081";9;"Jente";"Høyere utdanning";65,704;0,3622
"5528";"Norge";"50810416";"5081";9;"Gutt";"Høyere utdanning";37,63793;-0,22493
"5529";"Norge";"50810418";"5081";9;"Gutt";"Ungdomsskole";37,63793;1,56956
"5530";"Norge";"50810419";"5081";9;"Gutt";"Kort utdanning";46,81653;0,31063
"5531";"Norge";"50810420";"5081";9;"Gutt";"Høyere utdanning";52,66245;1,06572
"5532";"Norge";"50810421";"5081";9;"Gutt";"Høyere utdanning";65,704;-1,4876
"5533";"Norge";"50810423";"5081";9;"Gutt";"Høyere utdanning";33,11239;-0,53724
"5534";"Norge";"50810701";"5081";9;"Gutt";"Kort utdanning";49,42491;1,14594
"5535";"Norge";"50810702";"5081";9;"Gutt";"Ungdomsskole";57,13913;0,75782
"5536";"Norge";"50810703";"5081";9;"Gutt";"Høyere utdanning";65,704;1,09371
"5537";"Norge";"50810704";"5081";9;"Gutt";"Høyere utdanning";65,704;0,8418
"5538";"Norge";"50810705";"5081";9;"Gutt";"Kort utdanning";46,81653;-0,22118
"5539";"Norge";"50810706";"5081";9;"Annet";"Høyere utdanning";37,63793;-2,29934
"5540";"Norge";"50810707";"5081";9;"Gutt";"Høyere utdanning";46,81653;0,33862
"5541";"Norge";"50810709";"5081";9;"Jente";"Ungdomsskole";65,704;1,56956
"5542";"Norge";"50810710";"5081";9;"Gutt";"Kort utdanning";57,13913;1,31764
"5543";"Norge";"50810711";"5081";9;"Gutt";"Høyere utdanning";65,704;0,50216
"5544";"Norge";"50810712";"5081";9;"Gutt";"Ungdomsskole";65,704;0,55814
"5545";"Norge";"50810713";"5081";9;"Gutt";"Kort utdanning";65,704;0,67385
"5546";"Norge";"50810714";"5081";9;"Gutt";"Høyere utdanning";65,704;1,14969
"5547";"Norge";"50810716";"5081";9;"Jente";"Kort utdanning";65,704;0,75782
"5548";"Norge";"50810717";"5081";9;"Jente";"Høyere utdanning";65,704;1,14969
"5549";"Norge";"50810718";"5081";9;"Gutt";"Ungdomsskole";15,93837;-1,08889
"5550";"Norge";"50810719";"5081";9;"Gutt";"Høyere utdanning";49,42491;1,68152
"5551";"Norge";"50810721";"5081";9;"Jente";"Høyere utdanning";65,704;1,14969
"5552";"Norge";"50810722";"5081";9;"Gutt";"VGS";39,63473;-1,57158
"5553";"Norge";"50810723";"5081";9;"Gutt";"Kort utdanning";65,704;0,22225
"5554";"Norge";"50810724";"5081";9;"Jente";"Høyere utdanning";65,704;0,70184
"5555";"Norge";"50810725";"5081";9;"Gutt";"Høyere utdanning";65,704;0,64586
"5556";"Norge";"50810728";"5081";9;"Jente";"Kort utdanning";65,704;-0,87313
"5557";"Norge";"50810729";"5081";9;"Jente";"Høyere utdanning";65,704;1,1217
"5558";"Norge";"50820302";"5082";9;"Gutt";"Kort utdanning";65,704;1,09371
"5559";"Norge";"50820303";"5082";9;"Jente";"Høyere utdanning";65,704;0,53015
"5560";"Norge";"50820304";"5082";9;"Jente";"Høyere utdanning";65,704;-0,05324
"5561";"Norge";"50820305";"5082";9;"Jente";"Høyere utdanning";65,704;-0,14096
"5562";"Norge";"50820306";"5082";9;"Gutt";"Høyere utdanning";65,704;1,09371
"5563";"Norge";"50820310";"5082";9;"Gutt";"VGS";49,42491;0,05017
"5564";"Norge";"50820311";"5082";9;"Jente";"Ungdomsskole";65,704;1,14969
"5565";"Norge";"50820312";"5082";9;"Jente";"Høyere utdanning";57,13913;-1,63131
"5566";"Norge";"50820313";"5082";9;"Jente";"Høyere utdanning";65,704;-0,72877
"5567";"Norge";"50820315";"5082";9;"Gutt";"Ungdomsskole";52,66245;1,12237
"5568";"Norge";"50820317";"5082";9;"Gutt";"Høyere utdanning";40,85939;0,8418
"5569";"Norge";"50820318";"5082";9;"Gutt";"Høyere utdanning";44,59585;1,68152
"5570";"Norge";"50820320";"5082";9;"Gutt";"Høyere utdanning";49,42491;0,61412
"5571";"Norge";"50820321";"5082";9;"Gutt";"Høyere utdanning";39,20663;0,8418
"5572";"Norge";"50820322";"5082";9;"Gutt";"Høyere utdanning";49,42491;0,82348
"5573";"Norge";"50820324";"5082";9;"Jente";"VGS";52,66245;-0,5055
"5574";"Norge";"50820325";"5082";9;"Gutt";"Ungdomsskole";42,6371;-1,90372
"5575";"Norge";"50820326";"5082";9;"Gutt";"VGS";40,85939;-0,02458
"5576";"Norge";"50820327";"5082";9;"Gutt";"Ungdomsskole";46,81653;0,59054
"5577";"Norge";"50820328";"5082";9;"Jente";"VGS";65,704;0,47858
"5578";"Norge";"50820601";"5082";9;"Jente";"Høyere utdanning";65,704;0,22666
"5579";"Norge";"50820603";"5082";9;"Jente";"Høyere utdanning";65,704;0,70184
"5580";"Norge";"50820604";"5082";9;"Jente";"Høyere utdanning";52,66245;-0,11282
"5581";"Norge";"50820605";"5082";9;"Annet";"Ungdomsskole";39,20663;1,4296
"5582";"Norge";"50820606";"5082";9;"Jente";"Høyere utdanning";65,704;1,68152
"5583";"Norge";"50820607";"5082";9;"Jente";"Ungdomsskole";65,704;0,89403
"5584";"Norge";"50820608";"5082";9;"Jente";"Høyere utdanning";65,704;1,31764
"5585";"Norge";"50820610";"5082";9;"Gutt";"VGS";46,81653;1,09371
"5586";"Norge";"50820614";"5082";9;"Annet";"Ungdomsskole";36,11853;0,36595
"5587";"Norge";"50820615";"5082";9;"Gutt";"Ungdomsskole";65,704;1,23367
"5588";"Norge";"50820616";"5082";9;"Jente";"Høyere utdanning";65,704;1,68152
"5589";"Norge";"50820617";"5082";9;"Gutt";"Kort utdanning";37,63793;-1,52001
"5590";"Norge";"50820621";"5082";9;"Gutt";"VGS";42,6371;-1,3439
"5591";"Norge";"50820622";"5082";9;"Gutt";"Høyere utdanning";40,85939;0,56189
"5592";"Norge";"50820625";"5082";9;"Gutt";"Kort utdanning";28,03514;1,31764
"5593";"Norge";"50820626";"5082";9;"Jente";"Høyere utdanning";65,704;1,17769
"5594";"Norge";"50820627";"5082";9;"Jente";"Høyere utdanning";49,42491;1,28965
"5595";"Norge";"50820628";"5082";9;"Jente";"Høyere utdanning";65,704;1,17769
"5596";"Norge";"50840301";"5084";9;"Jente";"VGS";48,27511;-3,0261
"5597";"Norge";"50840302";"5084";9;"Gutt";"Høyere utdanning";52,66245;1,00974
"5598";"Norge";"50840303";"5084";9;"Jente";"Høyere utdanning";65,704;0,19426
"5599";"Norge";"50840304";"5084";9;"Gutt";"Kort utdanning";49,42491;0,02631
"5600";"Norge";"50840305";"5084";9;"Jente";"Høyere utdanning";65,704;-0,14096
"5601";"Norge";"50840306";"5084";9;"Jente";"Ungdomsskole";65,704;0,69809
"5602";"Norge";"50840307";"5084";9;"Jente";"Høyere utdanning";65,704;0,81381
"5603";"Norge";"50840310";"5084";9;"Gutt";"Høyere utdanning";57,13913;0,33421
"5604";"Norge";"50840311";"5084";9;"Jente";"Høyere utdanning";65,704;-0,42903
"5605";"Norge";"50840312";"5084";9;"Gutt";"Høyere utdanning";40,85939;0,19426
"5606";"Norge";"50840313";"5084";9;"Gutt";"Høyere utdanning";46,81653;0,58988
"5607";"Norge";"50840314";"5084";9;"Jente";"Høyere utdanning";65,704;1,28965
"5608";"Norge";"50840315";"5084";9;"Jente";"Høyere utdanning";65,704;0,28264
"5609";"Norge";"50840317";"5084";9;"Gutt";"Høyere utdanning";57,13913;-2,33108
"5610";"Norge";"50840318";"5084";9;"Gutt";"Høyere utdanning";65,704;-0,16961
"5611";"Norge";"50840319";"5084";9;"Jente";"Høyere utdanning";57,13913;0,05497
"5612";"Norge";"50840320";"5084";9;"Jente";"VGS";65,704;-2,10649
"5613";"Norge";"50840321";"5084";9;"Jente";"VGS";65,704;1,00974
"5614";"Norge";"50840322";"5084";9;"Jente";"Høyere utdanning";65,704;0,8418
"5615";"Norge";"50840323";"5084";9;"Jente";"Høyere utdanning";65,704;-0,08939
"5616";"Norge";"50840324";"5084";9;"Gutt";"Ungdomsskole";49,58883;0,61412
"5617";"Norge";"50840325";"5084";9;"Gutt";"Høyere utdanning";65,704;-0,1976
"5618";"Norge";"50840501";"5084";9;"Gutt";"Høyere utdanning";39,20663;-0,78631
"5619";"Norge";"50840502";"5084";9;"Gutt";"Kort utdanning";65,704;-1,21277
"5620";"Norge";"50840503";"5084";9;"Gutt";"Høyere utdanning";65,704;0,30622
"5621";"Norge";"50840504";"5084";9;"Gutt";"Kort utdanning";57,13913;0,98175
"5622";"Norge";"50840505";"5084";9;"Jente";"VGS";65,704;-0,00542
"5623";"Norge";"50840506";"5084";9;"Gutt";"Kort utdanning";57,13913;-0,48126
"5624";"Norge";"50840507";"5084";9;"Jente";"Ungdomsskole";65,704;-1,2077
"5625";"Norge";"50840508";"5084";9;"Gutt";"Ungdomsskole";65,704;-1,82724
"5626";"Norge";"50840509";"5084";9;"Gutt";"Høyere utdanning";65,704;1,09371
"5627";"Norge";"50840511";"5084";9;"Jente";"Høyere utdanning";65,704;0,05497
"5628";"Norge";"50840512";"5084";9;"Jente";"VGS";65,704;-1,35225
"5629";"Norge";"50840513";"5084";9;"Jente";"Høyere utdanning";65,704;0,08229
"5630";"Norge";"50840514";"5084";9;"Gutt";"Høyere utdanning";46,81653;-0,90046
"5631";"Norge";"50840515";"5084";9;"Jente";"Ungdomsskole";65,704;-1,57158
"5632";"Norge";"50840516";"5084";9;"Gutt";"Høyere utdanning";52,66245;0,61787
"5633";"Norge";"50840517";"5084";9;"Gutt";"Ungdomsskole";37,63793;0,58613
"5634";"Norge";"50840519";"5084";9;"Jente";"Høyere utdanning";65,704;-0,42903
"5635";"Norge";"50840520";"5084";9;"Jente";"Høyere utdanning";65,704;0,67385
"5636";"Norge";"50840521";"5084";9;"Gutt";"Høyere utdanning";52,66245;0,89778
"5637";"Norge";"50840522";"5084";9;"Gutt";"Ungdomsskole";44,59585;0,47417
"5638";"Norge";"50840523";"5084";9;"Jente";"Høyere utdanning";65,704;0,81381
"5639";"Norge";"50840524";"5084";9;"Gutt";"Kort utdanning";40,85939;-1,42787
"5640";"Norge";"50850101";"5085";9;"Jente";"Kort utdanning";65,704;-0,78475
"5641";"Norge";"50850103";"5085";9;"Gutt";"Høyere utdanning";37,63793;-1,77852
"5642";"Norge";"50850104";"5085";9;"Gutt";"Ungdomsskole";37,63793;-2,19112
"5643";"Norge";"50850105";"5085";9;"Gutt";"Kort utdanning";39,20663;-0,6168
"5644";"Norge";"50860201";"5086";9;"Jente";"Høyere utdanning";65,704;0,36595
"5645";"Norge";"50860203";"5086";9;"Gutt";"VGS";58,18556;1,09371
"5646";"Norge";"50860204";"5086";9;"Jente";"Høyere utdanning";65,704;0,98175
"5647";"Norge";"50860205";"5086";9;"Gutt";"Høyere utdanning";49,42491;-0,36047
"5648";"Norge";"50860206";"5086";9;"Gutt";"Kort utdanning";28,03514;1,03773
"5649";"Norge";"50860207";"5086";9;"Gutt";"Kort utdanning";49,42491;-0,70011
"5650";"Norge";"50860209";"5086";9;"Jente";"Høyere utdanning";52,66245;0,67385
"5651";"Norge";"50860210";"5086";9;"Gutt";"Kort utdanning";57,13913;-1,31591
"5652";"Norge";"50860212";"5086";9;"Gutt";"VGS";42,6371;0,95376
"5653";"Norge";"50860213";"5086";9;"Jente";"Høyere utdanning";65,704;1,26166
"5654";"Norge";"50860214";"5086";9;"Gutt";"Høyere utdanning";65,704;-1,00143
"5655";"Norge";"50860216";"5086";9;"Gutt";"Høyere utdanning";57,13913;0,72983
"5656";"Norge";"50860217";"5086";9;"Gutt";"VGS";39,20663;-0,56457
"5657";"Norge";"50860218";"5086";9;"Jente";"Kort utdanning";65,704;0,70184
"5658";"Norge";"50860219";"5086";9;"Gutt";"Høyere utdanning";46,81653;0,47417
"5659";"Norge";"50860220";"5086";9;"Gutt";"Høyere utdanning";65,704;1,06572
"5660";"Norge";"50860221";"5086";9;"Jente";"VGS";42,6371;-1,3753
"5661";"Norge";"50860222";"5086";9;"Jente";"Høyere utdanning";65,704;1,00974
"5662";"Norge";"50860223";"5086";9;"Gutt";"Høyere utdanning";49,42491;0,36595
"5663";"Norge";"50860224";"5086";9;"Gutt";"Kort utdanning";44,59585;0,69875
"5664";"Norge";"50860225";"5086";9;"Jente";"Høyere utdanning";65,704;-0,08123
"5665";"Norge";"50860226";"5086";9;"Gutt";"Kort utdanning";57,13913;1,00974
"5666";"Norge";"50860503";"5086";9;"Jente";"Høyere utdanning";65,704;0,61412
"5667";"Norge";"50860504";"5086";9;"Gutt";"Høyere utdanning";52,66245;0,27823
"5668";"Norge";"50860505";"5086";9;"Gutt";"Kort utdanning";57,13913;1,03773
"5669";"Norge";"50860506";"5086";9;"Gutt";"VGS";34,6202;-0,61305
"5670";"Norge";"50860508";"5086";9;"Gutt";"Høyere utdanning";42,6371;0,8418
"5671";"Norge";"50860510";"5086";9;"Jente";"Høyere utdanning";65,704;0,95376
"5672";"Norge";"50860512";"5086";9;"Gutt";"Høyere utdanning";52,66245;0,47417
"5673";"Norge";"50860513";"5086";9;"Jente";"Høyere utdanning";65,704;0,8418
"5674";"Norge";"50860515";"5086";9;"Gutt";"Ungdomsskole";49,42491;0,39394
"5675";"Norge";"50860516";"5086";9;"Gutt";"Kort utdanning";34,6202;0,07911
"5676";"Norge";"50860517";"5086";9;"Gutt";"Høyere utdanning";57,13913;0,95376
"5677";"Norge";"50860518";"5086";9;"Gutt";"Høyere utdanning";37,63793;0,72983
"5678";"Norge";"50860520";"5086";9;"Jente";"Ungdomsskole";37,63793;0,28264
"5679";"Norge";"50860521";"5086";9;"Jente";"Kort utdanning";65,704;-0,92029
"5680";"Norge";"50860522";"5086";9;"Jente";"Høyere utdanning";65,704;0,86979
"5681";"Norge";"50860523";"5086";9;"Gutt";"Høyere utdanning";65,704;1,03773
"5682";"Norge";"50870101";"5087";9;"Jente";"Høyere utdanning";65,704;0,8418
"5683";"Norge";"50870102";"5087";9;"Gutt";"Høyere utdanning";37,63793;1,14594
"5684";"Norge";"50870103";"5087";9;"Jente";"Høyere utdanning";57,13913;0,58613
"5685";"Norge";"50870105";"5087";9;"Jente";"VGS";37,63793;0,78581
"5686";"Norge";"50870106";"5087";9;"Jente";"Høyere utdanning";65,704;1,03773
"5687";"Norge";"50870108";"5087";9;"Jente";"Ungdomsskole";52,66245;-0,89671
"5688";"Norge";"50870109";"5087";9;"Jente";"Høyere utdanning";65,704;-0,47244
"5689";"Norge";"50870114";"5087";9;"Jente";"VGS";52,66245;-0,05765
"5690";"Norge";"50870115";"5087";9;"Jente";"Høyere utdanning";65,704;0,64586
"5691";"Norge";"50870116";"5087";9;"Jente";"Høyere utdanning";65,704;1,00974
"5692";"Norge";"50870117";"5087";9;"Jente";"Høyere utdanning";65,704;0,8418
"5693";"Norge";"50870118";"5087";9;"Jente";"Høyere utdanning";57,13913;1,26166
"5694";"Norge";"50870120";"5087";9;"Jente";"Høyere utdanning";65,704;0,75407
"5695";"Norge";"50870121";"5087";9;"Jente";"Høyere utdanning";42,6371;1,17769
"5696";"Norge";"50870123";"5087";9;"Jente";"Høyere utdanning";65,704;0,8418
"5697";"Norge";"50870125";"5087";9;"Gutt";"Ungdomsskole";40,85939;-0,76426
"5698";"Norge";"50870127";"5087";9;"Gutt";"VGS";42,6371;-0,13655
"5699";"Norge";"50870130";"5087";9;"Gutt";"VGS";37,63793;1,26224
"5700";"Norge";"50880101";"5088";9;"Gutt";"Høyere utdanning";54,18484;-0,36555
"5701";"Norge";"50880102";"5088";9;"Jente";"VGS";65,704;0,47417
"5702";"Norge";"50880103";"5088";9;"Jente";"Høyere utdanning";57,13913;0,00274
"5703";"Norge";"50880104";"5088";9;"Gutt";"VGS";34,6202;-0,6168
"5704";"Norge";"50880105";"5088";9;"Gutt";"Høyere utdanning";37,63793;-1,75935
"5705";"Norge";"50880107";"5088";9;"Jente";"VGS";57,13913;0,72608
"5706";"Norge";"50880108";"5088";9;"Gutt";"Kort utdanning";65,704;-1,48385
"5707";"Norge";"50880109";"5088";9;"Gutt";"VGS";37,63793;0,67385
"5708";"Norge";"50880111";"5088";9;"Gutt";"Kort utdanning";65,704;-0,19319
"5709";"Norge";"50880112";"5088";9;"Jente";"Ungdomsskole";36,11853;-1,52067
"5710";"Norge";"50880113";"5088";9;"Jente";"Høyere utdanning";65,704;-0,19694
"5711";"Norge";"50880114";"5088";9;"Annet";"Ungdomsskole";37,63793;-0,2952
"5712";"Norge";"50880117";"5088";9;"Gutt";"VGS";65,704;-0,05765
"5713";"Norge";"50880118";"5088";9;"Jente";"Høyere utdanning";65,704;0,05055
"5714";"Norge";"50880119";"5088";9;"Jente";"Høyere utdanning";65,704;1,03773
"5715";"Norge";"50880120";"5088";9;"Gutt";"Ungdomsskole";37,63793;-1,17596
"5716";"Norge";"50880121";"5088";9;"Jente";"Kort utdanning";57,13913;0,89778
"5717";"Norge";"50880201";"5088";9;"Jente";"Ungdomsskole";65,704;-1,09198
"5718";"Norge";"50880202";"5088";9;"Jente";"Ungdomsskole";49,42491;-1,15238
"5719";"Norge";"50880204";"5088";9;"Gutt";"Kort utdanning";42,6371;-0,67653
"5720";"Norge";"50880205";"5088";9;"Jente";"VGS";49,42491;-0,72877
"5721";"Norge";"50880207";"5088";9;"Gutt";"Ungdomsskole";37,63793;-0,92845
"5722";"Norge";"50880208";"5088";9;"Jente";"Kort utdanning";65,704;0,19492
"5723";"Norge";"50880209";"5088";9;"Annet";"Høyere utdanning";57,13913;-0,30515
"5724";"Norge";"50880210";"5088";9;"Jente";"Høyere utdanning";57,13913;0,95376
"5725";"Norge";"50880212";"5088";9;"Gutt";"Høyere utdanning";65,704;0,67385
"5726";"Norge";"50880213";"5088";9;"Gutt";"Kort utdanning";42,6371;0,05497
"5727";"Norge";"50880214";"5088";9;"Gutt";"Ungdomsskole";37,63793;-2,32667
"5728";"Norge";"50880215";"5088";9;"Jente";"Høyere utdanning";44,59585;-2,30309
"5729";"Norge";"50880216";"5088";9;"Jente";"VGS";49,42491;0,11287
"5730";"Norge";"50880217";"5088";9;"Gutt";"Kort utdanning";65,704;-0,81274
"5731";"Norge";"50880218";"5088";9;"Gutt";"Ungdomsskole";37,63793;0,38803
"5732";"Norge";"50880219";"5088";9;"Annet";"Ungdomsskole";37,63793;0,36595
"5733";"Norge";"50880220";"5088";9;"Gutt";"Kort utdanning";39,20663;0,05563
"5734";"Norge";"50880221";"5088";9;"Jente";"Høyere utdanning";65,704;0,05805
"5735";"Norge";"50880222";"5088";9;"Gutt";"VGS";52,66245;-1,46403
"5736";"Norge";"50890101";"5089";9;"Jente";"Høyere utdanning";65,704;-1,01242
"5737";"Norge";"50890102";"5089";9;"Gutt";"VGS";37,63793;1,68152
"5738";"Norge";"50890103";"5089";9;"Jente";"Ungdomsskole";65,704;0,36595
"5739";"Norge";"50890104";"5089";9;"Gutt";"VGS";39,20663;1,04759
"5740";"Norge";"50890105";"5089";9;"Gutt";"Høyere utdanning";57,13913;1,56956
"5741";"Norge";"50890106";"5089";9;"Jente";"Kort utdanning";65,704;-0,00542
"5742";"Norge";"50890107";"5089";9;"Gutt";"Ungdomsskole";46,81653;0,72983
"5743";"Norge";"50890108";"5089";9;"Gutt";"VGS";49,42491;-0,3693
"5744";"Norge";"50890109";"5089";9;"Jente";"Høyere utdanning";65,704;0,41818
"5745";"Norge";"50890110";"5089";9;"Jente";"Høyere utdanning";65,704;1,68152
"5746";"Norge";"50890111";"5089";9;"Gutt";"Høyere utdanning";39,20663;1,06572
"5747";"Norge";"50890114";"5089";9;"Gutt";"Høyere utdanning";57,13913;0,41818
"5748";"Norge";"50890115";"5089";9;"Gutt";"Ungdomsskole";52,66245;-0,28533
"5749";"Norge";"50890116";"5089";9;"Jente";"VGS";57,13913;-0,89605
"5750";"Norge";"50890117";"5089";9;"Gutt";"VGS";65,704;0,95376
"5751";"Norge";"50890118";"5089";9;"Gutt";"Høyere utdanning";42,6371;-0,70011
"5752";"Norge";"50890119";"5089";9;"Jente";"Høyere utdanning";65,704;0,61412
"5753";"Norge";"50890120";"5089";9;"Jente";"Høyere utdanning";65,704;0,89403
"5754";"Norge";"50890121";"5089";9;"Gutt";"VGS";57,13913;-0,72877
"5755";"Norge";"50890122";"5089";9;"Gutt";"Ungdomsskole";65,704;-1,00426
"5756";"Norge";"50890123";"5089";9;"Gutt";"Høyere utdanning";65,704;0,58613
"5757";"Norge";"50890124";"5089";9;"Jente";"Høyere utdanning";65,704;-0,00542
"5758";"Norge";"50890126";"5089";9;"Gutt";"Høyere utdanning";65,704;0,16627
"5759";"Norge";"50890127";"5089";9;"Gutt";"VGS";39,20663;0,58679
"5760";"Norge";"50890128";"5089";9;"Gutt";"Høyere utdanning";52,66245;0,95376
"5761";"Norge";"50890201";"5089";9;"Gutt";"Høyere utdanning";44,59585;-0,17336
"5762";"Norge";"50890202";"5089";9;"Jente";"Høyere utdanning";65,704;0,41818
"5763";"Norge";"50890203";"5089";9;"Gutt";"VGS";37,63793;0,89778
"5764";"Norge";"50890204";"5089";9;"Jente";"Kort utdanning";65,704;0,56189
"5765";"Norge";"50890205";"5089";9;"Jente";"Ungdomsskole";57,13913;0,64586
"5766";"Norge";"50890206";"5089";9;"Jente";"Kort utdanning";65,704;-0,95644
"5767";"Norge";"50890207";"5089";9;"Jente";"Kort utdanning";65,704;0,16627
"5768";"Norge";"50890208";"5089";9;"Jente";"Høyere utdanning";65,704;1,68152
"5769";"Norge";"50890209";"5089";9;"Gutt";"Ungdomsskole";37,63793;-0,22493
"5770";"Norge";"50890210";"5089";9;"Gutt";"Høyere utdanning";57,13913;1,26166
"5771";"Norge";"50890211";"5089";9;"Jente";"Høyere utdanning";65,704;0,89778
"5772";"Norge";"50890213";"5089";9;"Gutt";"Kort utdanning";37,63793;-0,94275
"5773";"Norge";"50890214";"5089";9;"Gutt";"Kort utdanning";39,20663;0,4226
"5774";"Norge";"50890215";"5089";9;"Jente";"Høyere utdanning";44,59585;-0,48126
"5775";"Norge";"50890216";"5089";9;"Gutt";"Kort utdanning";65,704;-0,20135
"5776";"Norge";"50890217";"5089";9;"Jente";"Kort utdanning";65,704;-0,33689
"5777";"Norge";"50890218";"5089";9;"Gutt";"Kort utdanning";37,75679;0,45059
"5778";"Norge";"50890219";"5089";9;"Gutt";"Høyere utdanning";57,13913;1,68152
"5779";"Norge";"50890220";"5089";9;"Gutt";"Høyere utdanning";40,85939;0,27996
"5780";"Norge";"50890221";"5089";9;"Jente";"Høyere utdanning";65,704;-0,30957
"5781";"Norge";"50890222";"5089";9;"Gutt";"Høyere utdanning";46,81653;1,17769
"5782";"Norge";"50890223";"5089";9;"Jente";"Høyere utdanning";37,63793;-0,05765
"5783";"Norge";"50890224";"5089";9;"Gutt";"Høyere utdanning";65,704;1,68152
"5784";"Norge";"50890225";"5089";9;"Gutt";"Høyere utdanning";34,6202;0,8418
"5785";"Norge";"50890226";"5089";9;"Gutt";"Høyere utdanning";44,59585;1,03773
"5786";"Norge";"50890227";"5089";9;"Jente";"Ungdomsskole";65,704;-0,52318
"5787";"Norge";"50890228";"5089";9;"Jente";"Ungdomsskole";40,85939;-1,07007
"5788";"Norge";"50890229";"5089";9;"Gutt";"Høyere utdanning";49,42491;0,95376
"5789";"Norge";"50890230";"5089";9;"Gutt";"Høyere utdanning";44,59585;0,98175
"5790";"Norge";"50890231";"5089";9;"Jente";"Høyere utdanning";65,704;1,31764
"5791";"Norge";"50900101";"5090";9;"Jente";"Høyere utdanning";65,704;0,05055
"5792";"Norge";"50900102";"5090";9;"Jente";"Høyere utdanning";65,704;-0,19319
"5793";"Norge";"50900104";"5090";9;"Gutt";"Kort utdanning";52,66245;-0,53283
"5794";"Norge";"50900105";"5090";9;"Jente";"Ungdomsskole";65,704;-2,35907
"5795";"Norge";"50900107";"5090";9;"Gutt";"Kort utdanning";57,13913;-0,0614
"5796";"Norge";"50900108";"5090";9;"Gutt";"Høyere utdanning";39,20663;0,67385
"5797";"Norge";"50900112";"5090";9;"Jente";"Høyere utdanning";65,704;-2,72295
"5798";"Norge";"50900113";"5090";9;"Gutt";"Ungdomsskole";52,66245;-1,15679
"5799";"Norge";"50900114";"5090";9;"Gutt";"Høyere utdanning";65,704;0,53456
"5800";"Norge";"50900115";"5090";9;"Gutt";"VGS";65,704;0,27823
"5801";"Norge";"50900116";"5090";9;"Gutt";"Ungdomsskole";65,704;-1,76751
"5802";"Norge";"50900117";"5090";9;"Gutt";"Kort utdanning";44,59585;-0,90487
"5803";"Norge";"50900118";"5090";9;"Gutt";"Høyere utdanning";65,704;-2,04742
"5804";"Norge";"50900119";"5090";9;"Jente";"Høyere utdanning";65,704;0,02256
"5805";"Norge";"50900120";"5090";9;"Gutt";"VGS";52,66245;-0,4731
"5806";"Norge";"50900121";"5090";9;"Jente";"Høyere utdanning";52,66245;0,89778
"5807";"Norge";"50900122";"5090";9;"Jente";"Høyere utdanning";52,66245;-0,05765
"5808";"Norge";"50900123";"5090";9;"Gutt";"Høyere utdanning";42,6371;-0,05765
"5809";"Norge";"50900124";"5090";9;"Jente";"Høyere utdanning";65,704;1,14969
"5810";"Norge";"50900125";"5090";9;"Gutt";"VGS";49,42491;-1,31591
"5811";"Norge";"50900126";"5090";9;"Annet";"Ungdomsskole";37,63793;-1,35273
"5812";"Norge";"50900201";"5090";9;"Gutt";"Høyere utdanning";65,704;-1,60398
"5813";"Norge";"50900202";"5090";9;"Jente";"Høyere utdanning";65,704;1,34563
"5814";"Norge";"50900203";"5090";9;"Gutt";"Høyere utdanning";43,58085;0,59855
"5815";"Norge";"50900204";"5090";9;"Jente";"Høyere utdanning";49,42491;0,89778
"5816";"Norge";"50900205";"5090";9;"Jente";"Høyere utdanning";65,704;0,8418
"5817";"Norge";"50900206";"5090";9;"Gutt";"VGS";33,11239;-1,62381
"5818";"Norge";"50900207";"5090";9;"Gutt";"Høyere utdanning";42,6371;0,75407
"5819";"Norge";"50900208";"5090";9;"Gutt";"VGS";37,63793;0,70184
"5820";"Norge";"50900209";"5090";9;"Jente";"Høyere utdanning";65,704;0,50591
"5821";"Norge";"50900210";"5090";9;"Jente";"Høyere utdanning";57,13913;0,56189
"5822";"Norge";"50900211";"5090";9;"Gutt";"VGS";65,704;-1,8559
"5823";"Norge";"50900212";"5090";9;"Gutt";"Høyere utdanning";39,20663;-0,78916
"5824";"Norge";"50900213";"5090";9;"Gutt";"VGS";37,63793;-2,02318
"5825";"Norge";"50900214";"5090";9;"Gutt";"Høyere utdanning";49,42491;0,30622
"5826";"Norge";"50900216";"5090";9;"Jente";"Ungdomsskole";65,704;0,39394
"5827";"Norge";"50900217";"5090";9;"Gutt";"VGS";57,13913;-0,7281
"5828";"Norge";"50900219";"5090";9;"Gutt";"VGS";36,11853;-2,01655
"5829";"Norge";"50900221";"5090";9;"Annet";"Ungdomsskole";49,42491;-0,84254
"5830";"Norge";"50900222";"5090";9;"Gutt";"Ungdomsskole";57,13913;-1,28792
"5831";"Norge";"50900223";"5090";9;"Jente";"Høyere utdanning";65,704;0,75782
"5832";"Norge";"50910201";"5091";9;"Jente";"Kort utdanning";57,13913;0,64586
"5833";"Norge";"50910202";"5091";9;"Jente";"Høyere utdanning";36,23764;-2,60586
"5834";"Norge";"50910203";"5091";9;"Annet";"Høyere utdanning";65,704;-0,30582
"5835";"Norge";"50910204";"5091";9;"Jente";"Ungdomsskole";65,704;0,36595
"5836";"Norge";"50910206";"5091";9;"Gutt";"Høyere utdanning";49,42491;1,31764
"5837";"Norge";"50910208";"5091";9;"Gutt";"Ungdomsskole";57,13913;0,89778
"5838";"Norge";"50910209";"5091";9;"Jente";"VGS";65,704;-1,87506
"5839";"Norge";"50910210";"5091";9;"Jente";"Høyere utdanning";65,704;0,08229
"5840";"Norge";"50910213";"5091";9;"Jente";"VGS";65,704;0,10653
"5841";"Norge";"50910214";"5091";9;"Gutt";"Kort utdanning";42,6371;-0,8923
"5842";"Norge";"50910215";"5091";9;"Gutt";"VGS";43,14909;-0,64546
"5843";"Norge";"50910216";"5091";9;"Annet";"VGS";52,66245;-0,44444
"5844";"Norge";"50910217";"5091";9;"Jente";"Kort utdanning";65,704;-0,05765
"5845";"Norge";"50910218";"5091";9;"Gutt";"Kort utdanning";65,704;0,17068
"5846";"Norge";"50910219";"5091";9;"Gutt";"VGS";42,6371;-0,89605
"5847";"Norge";"50930101";"5093";9;"Gutt";"Høyere utdanning";57,13913;1,68152
"5848";"Norge";"50930102";"5093";9;"Gutt";"Høyere utdanning";65,704;0,44993
"5849";"Norge";"50930103";"5093";9;"Gutt";"Kort utdanning";40,85939;0,33862
"5850";"Norge";"50930104";"5093";9;"Jente";"Høyere utdanning";65,704;1,00599
"5851";"Norge";"50930105";"5093";9;"Jente";"Høyere utdanning";57,13913;0,72608
"5852";"Norge";"50930106";"5093";9;"Gutt";"Høyere utdanning";15,93837;0,89778
"5853";"Norge";"50930108";"5093";9;"Gutt";"VGS";57,13913;0,65427
"5854";"Norge";"50930109";"5093";9;"Jente";"VGS";65,704;0,58988
"5855";"Norge";"50930110";"5093";9;"Gutt";"Høyere utdanning";65,704;1,4296
"5856";"Norge";"50930112";"5093";9;"Gutt";"Høyere utdanning";57,13913;1,68152
"5857";"Norge";"50930113";"5093";9;"Jente";"Høyere utdanning";57,13913;1,14969
"5858";"Norge";"50930115";"5093";9;"Jente";"Høyere utdanning";65,704;0,50216
"5859";"Norge";"50930116";"5093";9;"Gutt";"Kort utdanning";65,704;0,95376
"5860";"Norge";"50930117";"5093";9;"Jente";"Høyere utdanning";57,13913;1,1217
"5861";"Norge";"50930118";"5093";9;"Gutt";"Høyere utdanning";65,704;0,87845
"5862";"Norge";"50930121";"5093";9;"Gutt";"Høyere utdanning";42,6371;1,06572
"5863";"Norge";"50930122";"5093";9;"Jente";"Høyere utdanning";65,704;0,67385
"5864";"Norge";"50930123";"5093";9;"Gutt";"Høyere utdanning";65,704;0,33421
"5865";"Norge";"50930125";"5093";9;"Jente";"Høyere utdanning";65,704;-0,20135
"5866";"Norge";"50930126";"5093";9;"Jente";"Høyere utdanning";65,704;0,75407
"5867";"Norge";"50930401";"5093";9;"Jente";"VGS";57,13913;-0,9247
"5868";"Norge";"50930403";"5093";9;"Gutt";"VGS";39,20663;-0,70453
"5869";"Norge";"50930404";"5093";9;"Gutt";"Ungdomsskole";65,704;-0,1976
"5870";"Norge";"50930405";"5093";9;"Gutt";"VGS";44,59585;-1,90747
"5871";"Norge";"50930406";"5093";9;"Jente";"Høyere utdanning";65,704;-0,9247
"5872";"Norge";"50930408";"5093";9;"Jente";"Høyere utdanning";65,704;1,03773
"5873";"Norge";"50930409";"5093";9;"Jente";"Høyere utdanning";65,704;0,55814
"5874";"Norge";"50930410";"5093";9;"Gutt";"Ungdomsskole";40,85939;1,68152
"5875";"Norge";"50930411";"5093";9;"Jente";"Høyere utdanning";57,13913;-0,3693
"5876";"Norge";"50930412";"5093";9;"Gutt";"Høyere utdanning";41,72966;-1,15238
"5877";"Norge";"50930413";"5093";9;"Jente";"Kort utdanning";57,13913;-0,08189
"5878";"Norge";"50930414";"5093";9;"Gutt";"VGS";65,704;0,39461
"5879";"Norge";"50930415";"5093";9;"Jente";"Kort utdanning";65,704;1,34563
"5880";"Norge";"50930416";"5093";9;"Jente";"Kort utdanning";65,704;-0,11363
"5881";"Norge";"50930417";"5093";9;"Gutt";"Kort utdanning";37,63793;0,27514
"5882";"Norge";"50930418";"5093";9;"Jente";"VGS";52,66245;0,92577
"5883";"Norge";"50930420";"5093";9;"Jente";"Høyere utdanning";65,704;1,68152
"5884";"Norge";"50930421";"5093";9;"Gutt";"Ungdomsskole";57,13913;0,47417
"5885";"Norge";"50930422";"5093";9;"Jente";"Ungdomsskole";65,704;0,64586
"5886";"Norge";"50930423";"5093";9;"Annet";"Kort utdanning";42,6371;0,61478
"5887";"Norge";"50940102";"5094";9;"Gutt";"Kort utdanning";57,13913;-0,36113
"5888";"Norge";"50940103";"5094";9;"Jente";"Høyere utdanning";65,704;0,78581
"5889";"Norge";"50940104";"5094";9;"Jente";"Høyere utdanning";65,704;0,72608
"5890";"Norge";"50940106";"5094";9;"Gutt";"Ungdomsskole";37,63793;-0,28412
"5891";"Norge";"50940108";"5094";9;"Gutt";"VGS";46,81653;-1,99144
"5892";"Norge";"50940111";"5094";9;"Jente";"Høyere utdanning";65,704;-0,59322
"5893";"Norge";"50940112";"5094";9;"Gutt";"Kort utdanning";37,63793;0,0543
"5894";"Norge";"50940113";"5094";9;"Jente";"Høyere utdanning";65,704;-1,14934
"5895";"Norge";"50940114";"5094";9;"Jente";"Høyere utdanning";65,704;1,34563
"5896";"Norge";"50940115";"5094";9;"Gutt";"Høyere utdanning";37,63793;1,17769
"5897";"Norge";"50940116";"5094";9;"Gutt";"Høyere utdanning";65,704;-0,19694
"5898";"Norge";"50940118";"5094";9;"Jente";"VGS";65,704;0,39019
"5899";"Norge";"50940119";"5094";9;"Gutt";"Kort utdanning";57,13913;-1,79925
"5900";"Norge";"50940202";"5094";9;"Gutt";"Kort utdanning";44,59585;-1,16872
"5901";"Norge";"50940203";"5094";9;"Gutt";"Ungdomsskole";39,20663;0,53015
"5902";"Norge";"50940204";"5094";9;"Gutt";"Høyere utdanning";44,59585;-1,74565
"5903";"Norge";"50940206";"5094";9;"Jente";"Høyere utdanning";63,8905;0,25399
"5904";"Norge";"50940207";"5094";9;"Gutt";"Ungdomsskole";52,66245;-0,9247
"5905";"Norge";"50940208";"5094";9;"Jente";"Høyere utdanning";57,13913;-0,33314
"5906";"Norge";"50940209";"5094";9;"Jente";"Høyere utdanning";57,13913;-0,64921
"5907";"Norge";"50940210";"5094";9;"Jente";"Høyere utdanning";46,81653;-1,91188
"5908";"Norge";"50940211";"5094";9;"Gutt";"Høyere utdanning";44,59585;-1,06465
"5909";"Norge";"50940212";"5094";9;"Jente";"Kort utdanning";52,66245;0,16627
"5910";"Norge";"50940213";"5094";9;"Jente";"VGS";57,13913;-1,04041
"5911";"Norge";"50940214";"5094";9;"Gutt";"Kort utdanning";57,13913;1,14969
"5912";"Norge";"50940216";"5094";9;"Gutt";"VGS";37,63793;-0,58815
"5913";"Norge";"50940217";"5094";9;"Gutt";"Kort utdanning";42,6371;0,83805
"5914";"Norge";"50940218";"5094";9;"Gutt";"VGS";42,6371;-0,6168
"5915";"Norge";"50940219";"5094";9;"Jente";"Kort utdanning";65,704;-0,53349
"5916";"Norge";"50950101";"5095";9;"Gutt";"Høyere utdanning";52,66245;0,95376
"5917";"Norge";"50950102";"5095";9;"Jente";"Høyere utdanning";65,704;0,8418
"5918";"Norge";"50950104";"5095";9;"Gutt";"VGS";36,11853;0,36595
"5919";"Norge";"50950105";"5095";9;"Gutt";"VGS";65,704;-1,46469
"5920";"Norge";"50950106";"5095";9;"Gutt";"Høyere utdanning";57,13913;0,8418
"5921";"Norge";"50950107";"5095";9;"Gutt";"VGS";42,6371;-1,3439
"5922";"Norge";"50950108";"5095";9;"Jente";"Høyere utdanning";65,704;1,56956
"5923";"Norge";"50950110";"5095";9;"Gutt";"Høyere utdanning";44,59585;1,14594
"5924";"Norge";"50950113";"5095";9;"Jente";"Høyere utdanning";65,704;1,68152
"5925";"Norge";"50950115";"5095";9;"Jente";"Høyere utdanning";65,704;0,8418
"5926";"Norge";"50950116";"5095";9;"Jente";"Høyere utdanning";65,704;1,68152
"5927";"Norge";"50950117";"5095";9;"Gutt";"Høyere utdanning";37,63793;-0,7434
"5928";"Norge";"50950122";"5095";9;"Gutt";"Kort utdanning";37,63793;-0,11738
"5929";"Norge";"50950401";"5095";9;"Jente";"Høyere utdanning";65,704;-0,05765
"5930";"Norge";"50950402";"5095";9;"Jente";"Høyere utdanning";40,23426;0,56189
"5931";"Norge";"50950403";"5095";9;"Jente";"Ungdomsskole";65,704;0,8418
"5932";"Norge";"50950406";"5095";9;"Gutt";"Ungdomsskole";37,63793;-0,31707
"5933";"Norge";"50950407";"5095";9;"Jente";"Høyere utdanning";65,704;0,22225
"5934";"Norge";"50950408";"5095";9;"Gutt";"Høyere utdanning";57,13913;1,03773
"5935";"Norge";"50950409";"5095";9;"Gutt";"Høyere utdanning";37,63793;0,75407
"5936";"Norge";"50950410";"5095";9;"Gutt";"Høyere utdanning";49,42491;0,86979
"5937";"Norge";"50950411";"5095";9;"Jente";"Høyere utdanning";49,42491;0,41818
"5938";"Norge";"50950412";"5095";9;"Gutt";"Kort utdanning";65,704;0,89778
"5939";"Norge";"50950413";"5095";9;"Gutt";"Høyere utdanning";65,704;0,41818
"5940";"Norge";"50950414";"5095";9;"Jente";"Høyere utdanning";65,704;0,56255
"5941";"Norge";"50950416";"5095";9;"Gutt";"Kort utdanning";49,42491;-0,34131
"5942";"Norge";"50950418";"5095";9;"Gutt";"VGS";37,63793;-0,96086
"5943";"Norge";"50950419";"5095";9;"Jente";"VGS";65,704;0,45059
"5944";"Norge";"50960102";"5096";9;"Gutt";"Høyere utdanning";52,66245;-0,64854
"5945";"Norge";"50960103";"5096";9;"Gutt";"VGS";52,66245;-0,6168
"5946";"Norge";"50960104";"5096";9;"Gutt";"Kort utdanning";44,59585;-0,59322
"5947";"Norge";"50960105";"5096";9;"Jente";"Høyere utdanning";65,704;0,89403
"5948";"Norge";"50960106";"5096";9;"Gutt";"Høyere utdanning";65,704;-0,33756
"5949";"Norge";"50960107";"5096";9;"Gutt";"Ungdomsskole";57,13913;0,78581
"5950";"Norge";"50960108";"5096";9;"Gutt";"Høyere utdanning";52,66245;0,33421
"5951";"Norge";"50960109";"5096";9;"Gutt";"Høyere utdanning";65,704;0,64586
"5952";"Norge";"50960110";"5096";9;"Annet";"Høyere utdanning";65,704;-2,04301
"5953";"Norge";"50960111";"5096";9;"Annet";"Høyere utdanning";65,704;1,34563
"5954";"Norge";"50960112";"5096";9;"Jente";"Ungdomsskole";65,704;-1,57599
"5955";"Norge";"50960114";"5096";9;"Jente";"Kort utdanning";65,704;0,36595
"5956";"Norge";"50960115";"5096";9;"Gutt";"Kort utdanning";31,55703;-1,0781
"5957";"Norge";"50960117";"5096";9;"Gutt";"Kort utdanning";34,6202;-2,16313
"5958";"Norge";"50960118";"5096";9;"Gutt";"VGS";28,03514;1,68152
"5959";"Norge";"50960119";"5096";9;"Gutt";"Høyere utdanning";57,13913;0,81381
"5960";"Norge";"50960120";"5096";9;"Gutt";"Høyere utdanning";39,20663;0,13828
"5961";"Norge";"50960121";"5096";9;"Gutt";"Høyere utdanning";34,6202;-1,09706
"5962";"Norge";"50960122";"5096";9;"Gutt";"Kort utdanning";23,06431;-0,59322
"5963";"Norge";"50960123";"5096";9;"Jente";"Høyere utdanning";65,704;0,69809
"5964";"Norge";"50960124";"5096";9;"Gutt";"Kort utdanning";42,6371;-1,04041
"5965";"Norge";"50960125";"5096";9;"Gutt";"Høyere utdanning";49,42491;0,05872
"5966";"Norge";"50960201";"5096";9;"Jente";"Høyere utdanning";36,98389;-2,72229
"5967";"Norge";"50960202";"5096";9;"Gutt";"VGS";65,704;-1,73952
"5968";"Norge";"50960203";"5096";9;"Gutt";"Kort utdanning";65,704;-0,95644
"5969";"Norge";"50960204";"5096";9;"Gutt";"Høyere utdanning";40,85939;-1,15843
"5970";"Norge";"50960205";"5096";9;"Jente";"VGS";65,704;-0,61305
"5971";"Norge";"50960207";"5096";9;"Gutt";"Høyere utdanning";65,704;-0,72435
"5972";"Norge";"50960209";"5096";9;"Gutt";"VGS";65,704;-0,8923
"5973";"Norge";"50960212";"5096";9;"Gutt";"Høyere utdanning";59,83707;-0,02458
"5974";"Norge";"50960213";"5096";9;"Gutt";"Høyere utdanning";49,42491;0,08605
"5975";"Norge";"50960215";"5096";9;"Gutt";"Kort utdanning";65,704;1,03773
"5976";"Norge";"50960216";"5096";9;"Gutt";"VGS";65,704;-1,48385
"5977";"Norge";"50960217";"5096";9;"Gutt";"Høyere utdanning";42,6371;0,27823
"5978";"Norge";"50960218";"5096";9;"Gutt";"Høyere utdanning";65,704;0,39394
"5979";"Norge";"50960219";"5096";9;"Gutt";"Høyere utdanning";37,63793;0,75407
"5980";"Norge";"50960220";"5096";9;"Jente";"Høyere utdanning";57,13913;-0,05324
"5981";"Norge";"50960221";"5096";9;"Gutt";"Høyere utdanning";52,66245;1,03773
"5982";"Norge";"50960223";"5096";9;"Gutt";"Høyere utdanning";57,13913;0,72983
"5983";"Norge";"50960224";"5096";9;"Gutt";"Høyere utdanning";40,85939;0,44993
"5984";"Norge";"50960226";"5096";9;"Jente";"Høyere utdanning";65,704;-0,78475
"5985";"Norge";"50960227";"5096";9;"Jente";"Ungdomsskole";49,42491;-1,06465
"5986";"Norge";"50960228";"5096";9;"Jente";"Høyere utdanning";65,704;-1,2002
"5987";"Norge";"50960229";"5096";9;"Jente";"VGS";65,704;0,89778
"5988";"Norge";"50960231";"5096";9;"Gutt";"VGS";46,87167;-1,57599
"5989";"Norge";"50960232";"5096";9;"Gutt";"Høyere utdanning";46,81653;0,39019
"5990";"Norge";"50960233";"5096";9;"Jente";"Høyere utdanning";52,66245;-0,33314
"5991";"Norge";"50970301";"5097";9;"Jente";"Høyere utdanning";65,704;-1,43604
"5992";"Norge";"50970302";"5097";9;"Gutt";"Høyere utdanning";57,13913;-1,90305
"5993";"Norge";"50970303";"5097";9;"Gutt";"VGS";36,11853;0,95376
"5994";"Norge";"50970304";"5097";9;"Gutt";"VGS";42,6371;-0,00542
"5995";"Norge";"50970305";"5097";9;"Jente";"VGS";44,59585;0,22225
"5996";"Norge";"50970306";"5097";9;"Jente";"Kort utdanning";65,704;1,36942
"5997";"Norge";"50970307";"5097";9;"Gutt";"Høyere utdanning";46,81653;0,50591
"5998";"Norge";"50970309";"5097";9;"Jente";"Høyere utdanning";65,704;0,05805
"5999";"Norge";"50970310";"5097";9;"Gutt";"Ungdomsskole";40,85939;0,36595
"6000";"Norge";"50970311";"5097";9;"Jente";"Høyere utdanning";65,704;1,03773
"6001";"Norge";"50970312";"5097";9;"Jente";"Høyere utdanning";65,704;0,86979
"6002";"Norge";"50970313";"5097";9;"Gutt";"Høyere utdanning";65,704;1,56956
"6003";"Norge";"50970314";"5097";9;"Gutt";"Kort utdanning";65,704;0,58613
"6004";"Norge";"50970316";"5097";9;"Gutt";"Høyere utdanning";46,81653;1,06572
"6005";"Norge";"50970317";"5097";9;"Jente";"Høyere utdanning";65,704;0,72608
"6006";"Norge";"50970318";"5097";9;"Gutt";"Ungdomsskole";52,66245;-1,73952
"6007";"Norge";"50970319";"5097";9;"Jente";"Ungdomsskole";65,704;0,22225
"6008";"Norge";"50970320";"5097";9;"Gutt";"Høyere utdanning";57,13913;0,86979
"6009";"Norge";"50970321";"5097";9;"Jente";"Høyere utdanning";65,704;0,33421
"6010";"Norge";"50970322";"5097";9;"Gutt";"Høyere utdanning";65,704;1,00974
"6011";"Norge";"50970323";"5097";9;"Gutt";"Høyere utdanning";65,704;0,27823
"6012";"Norge";"50970324";"5097";9;"Jente";"Høyere utdanning";65,704;0,67385
"6013";"Norge";"50970325";"5097";9;"Jente";"Høyere utdanning";65,704;1,68152
"6014";"Norge";"50970326";"5097";9;"Jente";"VGS";65,704;-0,44511
"6015";"Norge";"50970327";"5097";9;"Gutt";"Høyere utdanning";65,704;-0,48126
"6016";"Norge";"50970328";"5097";9;"Gutt";"Kort utdanning";52,66245;0,39019
"6017";"Norge";"50970501";"5097";9;"Jente";"VGS";34,6202;-1,01242
"6018";"Norge";"50970502";"5097";9;"Jente";"VGS";65,704;-1,88389
"6019";"Norge";"50970503";"5097";9;"Gutt";"Høyere utdanning";34,6202;-0,53217
"6020";"Norge";"50970504";"5097";9;"Annet";"Ungdomsskole";15,93837;0,36595
"6021";"Norge";"50970505";"5097";9;"Gutt";"Kort utdanning";42,6371;-0,58506
"6022";"Norge";"50970507";"5097";9;"Jente";"Høyere utdanning";65,704;0,8418
"6023";"Norge";"50970508";"5097";9;"Jente";"Kort utdanning";65,704;0,02698
"6024";"Norge";"50970511";"5097";9;"Gutt";"VGS";37,63793;-1,33684
"6025";"Norge";"50970512";"5097";9;"Jente";"Høyere utdanning";65,704;0,36595
"6026";"Norge";"50970513";"5097";9;"Jente";"Høyere utdanning";65,704;0,8418
"6027";"Norge";"50970515";"5097";9;"Gutt";"VGS";36,11853;-0,92779
"6028";"Norge";"50970517";"5097";9;"Gutt";"VGS";65,704;0,47417
"6029";"Norge";"50970518";"5097";9;"Gutt";"Ungdomsskole";39,20663;-0,98002
"6030";"Norge";"50970519";"5097";9;"Jente";"Høyere utdanning";57,13913;-0,05765
"6031";"Norge";"50970520";"5097";9;"Jente";"Kort utdanning";57,13913;-0,02966
"6032";"Norge";"50970522";"5097";9;"Gutt";"Høyere utdanning";49,42491;1,52156
"6033";"Norge";"50970523";"5097";9;"Gutt";"Høyere utdanning";42,6371;0,78581
"6034";"Norge";"50980101";"5098";9;"Gutt";"Kort utdanning";46,81653;-0,48126
"6035";"Norge";"50980102";"5098";9;"Gutt";"Høyere utdanning";49,42491;0,56189
"6036";"Norge";"50980103";"5098";9;"Gutt";"VGS";49,42491;0,25399
"6037";"Norge";"50980104";"5098";9;"Gutt";"Kort utdanning";40,85939;-0,6168
"6038";"Norge";"50980105";"5098";9;"Jente";"VGS";65,704;-1,45586
"6039";"Norge";"50980107";"5098";9;"Gutt";"Ungdomsskole";22,5882;0,08671
"6040";"Norge";"50980108";"5098";9;"Gutt";"Kort utdanning";57,13913;-1,85148
"6041";"Norge";"50980109";"5098";9;"Jente";"Høyere utdanning";65,704;0,70184
"6042";"Norge";"50980110";"5098";9;"Jente";"Ungdomsskole";65,704;0,44993
"6043";"Norge";"50980111";"5098";9;"Jente";"VGS";37,63793;-0,08189
"6044";"Norge";"50980112";"5098";9;"Gutt";"Kort utdanning";57,13913;0,72983
"6045";"Norge";"50980113";"5098";9;"Jente";"VGS";65,704;-1,82724
"6046";"Norge";"50980115";"5098";9;"Jente";"Høyere utdanning";65,704;-1,06399
"6047";"Norge";"50980116";"5098";9;"Gutt";"Høyere utdanning";34,6202;0,39019
"6048";"Norge";"50980117";"5098";9;"Gutt";"VGS";42,6371;-1,07216
"6049";"Norge";"50980118";"5098";9;"Jente";"VGS";65,704;-0,81649
"6050";"Norge";"50980119";"5098";9;"Jente";"Høyere utdanning";65,704;0,47417
"6051";"Norge";"50980120";"5098";9;"Jente";"Kort utdanning";44,59585;-0,8923
"6052";"Norge";"50980121";"5098";9;"Jente";"Høyere utdanning";65,704;0,78581
"6053";"Norge";"50980123";"5098";9;"Jente";"Høyere utdanning";65,704;0,27823
"6054";"Norge";"50980201";"5098";9;"Jente";"Kort utdanning";64,49352;0,8418
"6055";"Norge";"50980202";"5098";9;"Gutt";"VGS";65,704;-0,30582
"6056";"Norge";"50980204";"5098";9;"Jente";"Høyere utdanning";65,704;-0,00542
"6057";"Norge";"50980205";"5098";9;"Gutt";"Høyere utdanning";40,85939;-0,05765
"6058";"Norge";"50980206";"5098";9;"Gutt";"Høyere utdanning";58,18556;0,50591
"6059";"Norge";"50980207";"5098";9;"Jente";"Ungdomsskole";65,704;0,19801
"6060";"Norge";"50980208";"5098";9;"Gutt";"Høyere utdanning";65,704;0,75782
"6061";"Norge";"50980209";"5098";9;"Gutt";"VGS";65,704;0,8418
"6062";"Norge";"50980210";"5098";9;"Gutt";"Ungdomsskole";37,63793;0,61478
"6063";"Norge";"50980211";"5098";9;"Gutt";"Kort utdanning";52,66245;1,27342
"6064";"Norge";"50980212";"5098";9;"Jente";"Kort utdanning";65,704;0,226
"6065";"Norge";"50980213";"5098";9;"Jente";"Høyere utdanning";65,704;-0,73474
"6066";"Norge";"50980214";"5098";9;"Gutt";"Høyere utdanning";57,13913;-0,41712
"6067";"Norge";"50980215";"5098";9;"Jente";"VGS";65,704;-0,36489
"6068";"Norge";"50980217";"5098";9;"Gutt";"Ungdomsskole";25,77277;-1,03666
"6069";"Norge";"50980218";"5098";9;"Jente";"Høyere utdanning";65,704;-0,02966
"6070";"Norge";"50980219";"5098";9;"Gutt";"Høyere utdanning";49,42491;0,41818
"6071";"Norge";"50980220";"5098";9;"Gutt";"VGS";44,59585;-0,38913
"6072";"Norge";"50980221";"5098";9;"Gutt";"Ungdomsskole";65,704;0,05055
"6073";"Norge";"50980222";"5098";9;"Jente";"VGS";37,63793;-0,64921
"6074";"Norge";"50980223";"5098";9;"Jente";"Høyere utdanning";65,704;-0,36047
"6075";"Norge";"50980224";"5098";9;"Gutt";"Kort utdanning";57,13913;-0,39288
"6076";"Norge";"50980225";"5098";9;"Jente";"Høyere utdanning";49,42491;-1,38005
"6077";"Norge";"50980226";"5098";9;"Jente";"Ungdomsskole";65,704;-0,89671
"6078";"Norge";"50980227";"5098";9;"Gutt";"VGS";44,59585;0,92202
"6079";"Norge";"50980228";"5098";9;"Jente";"Ungdomsskole";65,704;-0,05765
"6080";"Norge";"51000201";"5100";9;"Gutt";"Høyere utdanning";52,66245;0,08229
"6081";"Norge";"51000202";"5100";9;"Gutt";"Høyere utdanning";65,704;0,67385
"6082";"Norge";"51000203";"5100";9;"Gutt";"Høyere utdanning";65,704;0,72983
"6083";"Norge";"51000204";"5100";9;"Gutt";"VGS";34,02833;-0,53724
"6084";"Norge";"51000207";"5100";9;"Jente";"Høyere utdanning";65,704;-2,18227
"6085";"Norge";"51000210";"5100";9;"Gutt";"Høyere utdanning";65,704;0,61412
"6086";"Norge";"51000211";"5100";9;"Jente";"Høyere utdanning";65,704;0,72983
"6087";"Norge";"51000212";"5100";9;"Gutt";"Høyere utdanning";65,704;1,03773
"6088";"Norge";"51000213";"5100";9;"Jente";"VGS";65,704;0,33796
"6089";"Norge";"51000216";"5100";9;"Gutt";"Kort utdanning";40,85939;-0,5055
"6090";"Norge";"51000217";"5100";9;"Gutt";"Høyere utdanning";42,6371;-1,20836
"6091";"Norge";"51000218";"5100";9;"Jente";"Høyere utdanning";65,704;0,89778
"6092";"Norge";"51000220";"5100";9;"Jente";"Høyere utdanning";65,704;0,30622
"6093";"Norge";"51000221";"5100";9;"Gutt";"Høyere utdanning";45,51462;0,00274
"6094";"Norge";"51000224";"5100";9;"Gutt";"Ungdomsskole";52,66245;-1,40805
"6095";"Norge";"51000225";"5100";9;"Gutt";"Kort utdanning";65,704;0,36595
"6096";"Norge";"51000226";"5100";9;"Gutt";"Høyere utdanning";57,13913;0,8418
"6097";"Norge";"51000227";"5100";9;"Jente";"Høyere utdanning";65,704;0,47792
"6098";"Norge";"51000228";"5100";9;"Gutt";"Høyere utdanning";49,42491;0,92202
"6099";"Norge";"51000229";"5100";9;"Gutt";"VGS";37,63793;0,8418
"6100";"Norge";"51000230";"5100";9;"Gutt";"Høyere utdanning";44,59585;-1,15172
"6101";"Norge";"51000501";"5100";9;"Jente";"Høyere utdanning";65,704;0,47792
"6102";"Norge";"51000502";"5100";9;"Jente";"Høyere utdanning";57,13913;0,61412
"6103";"Norge";"51000503";"5100";9;"Gutt";"Høyere utdanning";65,704;0,95376
"6104";"Norge";"51000504";"5100";9;"Jente";"Høyere utdanning";65,704;0,98175
"6105";"Norge";"51000505";"5100";9;"Gutt";"VGS";40,85939;-1,29233
"6106";"Norge";"51000506";"5100";9;"Jente";"Høyere utdanning";65,704;-0,47685
"6107";"Norge";"51000507";"5100";9;"Jente";"Kort utdanning";65,704;0,02631
"6108";"Norge";"51000508";"5100";9;"Jente";"Høyere utdanning";65,704;-0,0614
"6109";"Norge";"51000509";"5100";9;"Jente";"Høyere utdanning";65,704;0,47417
"6110";"Norge";"51000510";"5100";9;"Gutt";"Høyere utdanning";44,59585;-0,12806
"6111";"Norge";"51000511";"5100";9;"Jente";"VGS";34,6202;0,6701
"6112";"Norge";"51000512";"5100";9;"Jente";"Høyere utdanning";65,704;0,02698
"6113";"Norge";"51000513";"5100";9;"Jente";"Høyere utdanning";65,704;-0,75915
"6114";"Norge";"51000514";"5100";9;"Gutt";"Høyere utdanning";42,6371;0,81381
"6115";"Norge";"51000515";"5100";9;"Gutt";"Kort utdanning";52,66245;-0,78408
"6116";"Norge";"51000516";"5100";9;"Gutt";"Høyere utdanning";50,31083;0,226
"6117";"Norge";"51000517";"5100";9;"Gutt";"VGS";52,66245;-1,2002
"6118";"Norge";"51000518";"5100";9;"Gutt";"Høyere utdanning";46,81653;-0,59322
"6119";"Norge";"51000520";"5100";9;"Gutt";"Kort utdanning";65,704;-0,47685
"6120";"Norge";"51000521";"5100";9;"Jente";"Kort utdanning";65,704;0,89778
"6121";"Norge";"51000522";"5100";9;"Gutt";"Høyere utdanning";65,704;0,11404
"6122";"Norge";"51000523";"5100";9;"Gutt";"Høyere utdanning";52,66245;-0,05765
"6123";"Norge";"51000524";"5100";9;"Jente";"Høyere utdanning";65,704;0,3622
"6124";"Norge";"51000525";"5100";9;"Gutt";"VGS";46,81653;0,75407
"6125";"Norge";"51000526";"5100";9;"Annet";"VGS";65,704;-1,99144
"6126";"Norge";"51030101";"5103";9;"Jente";"Høyere utdanning";65,704;-3,43999
"6127";"Norge";"51030102";"5103";9;"Jente";"Høyere utdanning";65,704;1,17769
"6128";"Norge";"51030103";"5103";9;"Gutt";"Ungdomsskole";37,63793;-0,22212
"6129";"Norge";"51030104";"5103";9;"Jente";"Høyere utdanning";65,704;1,03773
"6130";"Norge";"51030105";"5103";9;"Jente";"Høyere utdanning";65,704;0,98175
"6131";"Norge";"51030106";"5103";9;"Gutt";"VGS";37,63793;-1,49528
"6132";"Norge";"51030108";"5103";9;"Jente";"Høyere utdanning";65,704;1,14969
"6133";"Norge";"51030109";"5103";9;"Gutt";"VGS";37,63793;0,53015
"6134";"Norge";"51030110";"5103";9;"Gutt";"Høyere utdanning";44,59585;0,78581
"6135";"Norge";"51030111";"5103";9;"Jente";"Høyere utdanning";65,704;0,95376
"6136";"Norge";"51030112";"5103";9;"Jente";"Høyere utdanning";65,704;1,56956
"6137";"Norge";"51030113";"5103";9;"Jente";"VGS";52,66245;-0,87622
"6138";"Norge";"51030114";"5103";9;"Jente";"Ungdomsskole";65,704;-0,22052
"6139";"Norge";"51030115";"5103";9;"Jente";"VGS";65,704;1,17769
"6140";"Norge";"51030117";"5103";9;"Jente";"Høyere utdanning";65,704;0,61412
"6141";"Norge";"51030118";"5103";9;"Jente";"Høyere utdanning";65,704;0,67385
"6142";"Norge";"51030119";"5103";9;"Jente";"Ungdomsskole";65,704;1,17769
"6143";"Norge";"51030120";"5103";9;"Gutt";"Høyere utdanning";65,704;1,31764
"6144";"Norge";"51030121";"5103";9;"Jente";"Høyere utdanning";65,704;1,00974
"6145";"Norge";"51030122";"5103";9;"Gutt";"Høyere utdanning";37,63793;0,08229
"6146";"Norge";"51030124";"5103";9;"Gutt";"Høyere utdanning";57,13913;0,72983
"6147";"Norge";"51030125";"5103";9;"Gutt";"Høyere utdanning";57,13913;1,68152
"6148";"Norge";"51030126";"5103";9;"Jente";"Ungdomsskole";65,704;0,22666
"6149";"Norge";"51030127";"5103";9;"Jente";"Høyere utdanning";65,704;0,98175
"6150";"Norge";"51030128";"5103";9;"Gutt";"VGS";65,704;0,1147
"6151";"Norge";"51030129";"5103";9;"Gutt";"VGS";65,704;0,36595
"6152";"Norge";"51030130";"5103";9;"Gutt";"Høyere utdanning";57,13913;0,58613
"6153";"Norge";"51030131";"5103";9;"Jente";"Høyere utdanning";65,704;1,03773
"6154";"Norge";"51030201";"5103";9;"Gutt";"Høyere utdanning";52,66245;-0,48126
"6155";"Norge";"51030202";"5103";9;"Gutt";"Ungdomsskole";39,20663;-1,06482
"6156";"Norge";"51030204";"5103";9;"Jente";"Høyere utdanning";65,704;0,16627
"6157";"Norge";"51030205";"5103";9;"Gutt";"Høyere utdanning";65,704;1,25791
"6158";"Norge";"51030206";"5103";9;"Gutt";"Høyere utdanning";65,704;1,14969
"6159";"Norge";"51030208";"5103";9;"Jente";"Ungdomsskole";42,6371;0,25188
"6160";"Norge";"51030209";"5103";9;"Jente";"Høyere utdanning";65,704;1,26166
"6161";"Norge";"51030210";"5103";9;"Jente";"Høyere utdanning";65,704;-2,15497
"6162";"Norge";"51030211";"5103";9;"Gutt";"Ungdomsskole";49,42491;-0,34065
"6163";"Norge";"51030212";"5103";9;"Gutt";"Kort utdanning";65,704;1,06572
"6164";"Norge";"51030214";"5103";9;"Gutt";"Ungdomsskole";15,93837;-2,70582
"6165";"Norge";"51030217";"5103";9;"Jente";"Høyere utdanning";65,704;0,61412
"6166";"Norge";"51030218";"5103";9;"Gutt";"Høyere utdanning";65,704;1,31764
"6167";"Norge";"51030219";"5103";9;"Gutt";"Høyere utdanning";39,20663;1,56956
"6168";"Norge";"51030220";"5103";9;"Gutt";"Høyere utdanning";49,42491;-0,08498
"6169";"Norge";"51030221";"5103";9;"Jente";"Høyere utdanning";65,704;0,98175
"6170";"Norge";"51030222";"5103";9;"Gutt";"VGS";37,63793;-1,0964
"6171";"Norge";"51030223";"5103";9;"Jente";"Høyere utdanning";65,704;0,08229
"6172";"Norge";"51030224";"5103";9;"Gutt";"Høyere utdanning";42,6371;0,4226
"6173";"Norge";"51030225";"5103";9;"Gutt";"Høyere utdanning";52,66245;1,03773
"6174";"Norge";"51030226";"5103";9;"Jente";"Høyere utdanning";65,704;1,09371
"6175";"Norge";"51030227";"5103";9;"Jente";"Høyere utdanning";65,704;1,68152
"6176";"Norge";"51030228";"5103";9;"Gutt";"VGS";36,11853;0,03284
"6177";"Norge";"51030229";"5103";9;"Jente";"Høyere utdanning";65,704;-1,29233
"6178";"Norge";"51030230";"5103";9;"Jente";"Kort utdanning";65,704;1,56956
"6179";"Norge";"51030233";"5103";9;"Gutt";"Høyere utdanning";65,704;-1,28792
"6180";"Norge";"51040201";"5104";9;"Jente";"Høyere utdanning";49,42491;-2,77827
"6181";"Norge";"51040203";"5104";9;"Gutt";"Kort utdanning";42,6371;0,05872
"6182";"Norge";"51040204";"5104";9;"Gutt";"Kort utdanning";44,59585;-1,60398
"6183";"Norge";"51040205";"5104";9;"Gutt";"Kort utdanning";39,20663;-0,64479
"6184";"Norge";"51040206";"5104";9;"Gutt";"Høyere utdanning";49,42491;0,22225
"6185";"Norge";"51040208";"5104";9;"Jente";"Høyere utdanning";65,704;0,89778
"6186";"Norge";"51040209";"5104";9;"Jente";"Høyere utdanning";65,704;1,26166
"6187";"Norge";"51040211";"5104";9;"Jente";"Høyere utdanning";57,13913;-0,28158
"6188";"Norge";"51040212";"5104";9;"Annet";"Ungdomsskole";37,63793;-1,63197
"6189";"Norge";"51040213";"5104";9;"Gutt";"Ungdomsskole";46,81653;-0,98818
"6190";"Norge";"51040215";"5104";9;"Gutt";"Høyere utdanning";65,704;-0,42087
"6191";"Norge";"51040216";"5104";9;"Gutt";"Høyere utdanning";42,6371;1,09371
"6192";"Norge";"51040217";"5104";9;"Jente";"Høyere utdanning";65,704;0,50591
"6193";"Norge";"51040218";"5104";9;"Jente";"Høyere utdanning";65,704;-0,1976
"6194";"Norge";"51040219";"5104";9;"Gutt";"VGS";52,66245;-2,61123
"6195";"Norge";"51040301";"5104";9;"Jente";"Kort utdanning";65,704;-0,82379
"6196";"Norge";"51040302";"5104";9;"Jente";"VGS";65,704;0,05774
"6197";"Norge";"51040303";"5104";9;"Jente";"VGS";65,704;0,39631
"6198";"Norge";"51040305";"5104";9;"Jente";"Høyere utdanning";65,704;1,4296
"6199";"Norge";"51040306";"5104";9;"Gutt";"Høyere utdanning";65,704;-0,00542
"6200";"Norge";"51040307";"5104";9;"Jente";"VGS";65,704;0,47417
"6201";"Norge";"51040308";"5104";9;"Annet";"Ungdomsskole";40,85939;0,53015
"6202";"Norge";"51040309";"5104";9;"Jente";"Høyere utdanning";65,704;-0,6168
"6203";"Norge";"51040310";"5104";9;"Jente";"Høyere utdanning";65,704;0,72983
"6204";"Norge";"51040311";"5104";9;"Jente";"VGS";65,704;0,51381
"6205";"Norge";"51040312";"5104";9;"Jente";"Høyere utdanning";65,704;0,72983
"6206";"Norge";"51040314";"5104";9;"Gutt";"Ungdomsskole";40,85939;0,95376
"6207";"Norge";"51040317";"5104";9;"Gutt";"Ungdomsskole";40,85939;-0,3089
"6208";"Norge";"51060201";"5106";9;"Jente";"Høyere utdanning";65,704;1,25791
"6209";"Norge";"51060202";"5106";9;"Gutt";"Høyere utdanning";49,42491;1,03773
"6210";"Norge";"51060203";"5106";9;"Gutt";"Høyere utdanning";29,89724;-1,49234
"6211";"Norge";"51060204";"5106";9;"Jente";"Høyere utdanning";65,704;-0,0614
"6212";"Norge";"51060205";"5106";9;"Jente";"Høyere utdanning";36,11853;0,2185
"6213";"Norge";"51060206";"5106";9;"Gutt";"Ungdomsskole";44,59585;1,26166
"6214";"Norge";"51060207";"5106";9;"Jente";"Kort utdanning";57,13913;0,1147
"6215";"Norge";"51060208";"5106";9;"Gutt";"VGS";46,81653;0,81381
"6216";"Norge";"51060209";"5106";9;"Gutt";"Høyere utdanning";37,63793;1,14969
"6217";"Norge";"51060210";"5106";9;"Gutt";"Ungdomsskole";46,81653;0,36595
"6218";"Norge";"51060211";"5106";9;"Jente";"Kort utdanning";65,704;1,56956
"6219";"Norge";"51060212";"5106";9;"Jente";"Høyere utdanning";65,704;0,72983
"6220";"Norge";"51060213";"5106";9;"Jente";"Høyere utdanning";65,704;1,17769
"6221";"Norge";"51060214";"5106";9;"Gutt";"VGS";65,704;0,72608
"6222";"Norge";"51060215";"5106";9;"Jente";"Høyere utdanning";65,704;0,02631
"6223";"Norge";"51060216";"5106";9;"Gutt";"Høyere utdanning";65,704;0,41885
"6224";"Norge";"51060217";"5106";9;"Jente";"Høyere utdanning";57,13913;0,39019
"6225";"Norge";"51060218";"5106";9;"Gutt";"Høyere utdanning";41,63162;0,95376
"6226";"Norge";"51060219";"5106";9;"Gutt";"Kort utdanning";44,59585;0,56189
"6227";"Norge";"51060220";"5106";9;"Jente";"VGS";65,704;0,83805
"6228";"Norge";"51060221";"5106";9;"Gutt";"Høyere utdanning";57,13913;-0,22493
"6229";"Norge";"51060222";"5106";9;"Jente";"Høyere utdanning";65,704;0,86979
"6230";"Norge";"51060223";"5106";9;"Gutt";"Kort utdanning";65,704;0,8418
"6231";"Norge";"51060224";"5106";9;"Jente";"VGS";65,704;1,31764
"6232";"Norge";"51060225";"5106";9;"Jente";"Høyere utdanning";65,704;1,20568
"6233";"Norge";"51060226";"5106";9;"Gutt";"Høyere utdanning";42,6371;-0,1976
"6234";"Norge";"51060227";"5106";9;"Jente";"Høyere utdanning";65,704;1,09371
"6235";"Norge";"51060228";"5106";9;"Jente";"Kort utdanning";65,704;0,83805
"6236";"Norge";"51060230";"5106";9;"Gutt";"Høyere utdanning";52,66245;0,8418
"6237";"Norge";"51060401";"5106";9;"Gutt";"Høyere utdanning";44,59585;1,65353
"6238";"Norge";"51060402";"5106";9;"Gutt";"Kort utdanning";46,81653;0,19867
"6239";"Norge";"51060403";"5106";9;"Gutt";"Høyere utdanning";49,42491;1,68152
"6240";"Norge";"51060404";"5106";9;"Annet";"Høyere utdanning";42,6371;0,64586
"6241";"Norge";"51060405";"5106";9;"Jente";"Høyere utdanning";52,66245;0,64586
"6242";"Norge";"51060406";"5106";9;"Gutt";"VGS";65,704;1,12237
"6243";"Norge";"51060408";"5106";9;"Gutt";"Høyere utdanning";49,42491;0,17002
"6244";"Norge";"51060409";"5106";9;"Jente";"Høyere utdanning";49,42491;0,61787
"6245";"Norge";"51060410";"5106";9;"Gutt";"Høyere utdanning";65,704;1,00974
"6246";"Norge";"51060411";"5106";9;"Gutt";"VGS";36,11853;1,02776
"6247";"Norge";"51060412";"5106";9;"Gutt";"Høyere utdanning";39,20663;0,22225
"6248";"Norge";"51060413";"5106";9;"Gutt";"Høyere utdanning";49,42491;1,09371
"6249";"Norge";"51060414";"5106";9;"Jente";"Høyere utdanning";65,704;-0,00542
"6250";"Norge";"51060415";"5106";9;"Gutt";"Ungdomsskole";52,66245;1,03773
"6251";"Norge";"51060416";"5106";9;"Jente";"Høyere utdanning";65,704;0,81005
"6252";"Norge";"51060417";"5106";9;"Jente";"Høyere utdanning";49,42491;1,03773
"6253";"Norge";"51060418";"5106";9;"Gutt";"Kort utdanning";36,11853;-0,30957
"6254";"Norge";"51060419";"5106";9;"Gutt";"Høyere utdanning";39,20663;0,24649
"6255";"Norge";"51060420";"5106";9;"Gutt";"Høyere utdanning";57,13913;0,58613
"6256";"Norge";"51060421";"5106";9;"Jente";"Kort utdanning";65,704;0,4226
"6257";"Norge";"51060423";"5106";9;"Jente";"Høyere utdanning";65,704;1,09371
"6258";"Norge";"51060424";"5106";9;"Gutt";"Høyere utdanning";40,85939;0,8418
"6259";"Norge";"51060425";"5106";9;"Jente";"Høyere utdanning";65,704;1,34563
"6260";"Norge";"51060426";"5106";9;"Gutt";"Høyere utdanning";37,63793;1,03773
"6261";"Norge";"51060427";"5106";9;"Gutt";"Høyere utdanning";44,59585;-0,39729
"6262";"Norge";"51060429";"5106";9;"Annet";"Ungdomsskole";37,63793;-1,69514
"6263";"Norge";"51060430";"5106";9;"Gutt";"VGS";46,81653;0,8418
"6264";"Norge";"51070301";"5107";9;"Jente";"Høyere utdanning";65,704;-0,10922
"6265";"Norge";"51070302";"5107";9;"Gutt";"Høyere utdanning";65,704;0,02256
"6266";"Norge";"51070305";"5107";9;"Gutt";"Høyere utdanning";65,704;0,53015
"6267";"Norge";"51070306";"5107";9;"Gutt";"Høyere utdanning";36,11853;0,30622
"6268";"Norge";"51070307";"5107";9;"Jente";"Kort utdanning";42,6371;-1,04041
"6269";"Norge";"51070308";"5107";9;"Gutt";"VGS";44,59585;-0,25358
"6270";"Norge";"51070309";"5107";9;"Jente";"Høyere utdanning";65,704;-1,08823
"6271";"Norge";"51070310";"5107";9;"Gutt";"VGS";31,55703;-0,02966
"6272";"Norge";"51070311";"5107";9;"Jente";"VGS";57,13913;0,10653
"6273";"Norge";"51070312";"5107";9;"Jente";"Høyere utdanning";65,704;-1,04041
"6274";"Norge";"51070313";"5107";9;"Jente";"Høyere utdanning";65,704;-0,55641
"6275";"Norge";"51070315";"5107";9;"Gutt";"VGS";65,704;-0,19319
"6276";"Norge";"51070316";"5107";9;"Annet";"Kort utdanning";65,704;0,39461
"6277";"Norge";"51070318";"5107";9;"Gutt";"Kort utdanning";40,85939;0,22225
"6278";"Norge";"51070320";"5107";9;"Jente";"Høyere utdanning";65,704;-0,34131
"6279";"Norge";"51070321";"5107";9;"Gutt";"Ungdomsskole";37,63793;-1,32474
"6280";"Norge";"51070322";"5107";9;"Jente";"VGS";65,704;-1,92095
"6281";"Norge";"51070323";"5107";9;"Gutt";"Kort utdanning";39,20663;-0,87688
"6282";"Norge";"51070324";"5107";9;"Jente";"Høyere utdanning";65,704;-1,93138
"6283";"Norge";"51070325";"5107";9;"Jente";"Høyere utdanning";65,704;-0,69636
"6284";"Norge";"51070326";"5107";9;"Gutt";"Høyere utdanning";46,81653;-0,33248
"6285";"Norge";"51070501";"5107";9;"Gutt";"VGS";37,63793;0,58613
"6286";"Norge";"51070502";"5107";9;"Jente";"VGS";37,63793;-2,19112
"6287";"Norge";"51070503";"5107";9;"Jente";"VGS";65,704;-1,56783
"6288";"Norge";"51070505";"5107";9;"Gutt";"VGS";40,85939;-1,34831
"6289";"Norge";"51070506";"5107";9;"Jente";"VGS";65,704;0,50591
"6290";"Norge";"51070507";"5107";9;"Gutt";"Høyere utdanning";25,77277;1,26166
"6291";"Norge";"51070508";"5107";9;"Gutt";"Ungdomsskole";37,63793;-2,05224
"6292";"Norge";"51070509";"5107";9;"Jente";"Høyere utdanning";46,81653;-0,47685
"6293";"Norge";"51070510";"5107";9;"Gutt";"Høyere utdanning";42,6371;0,95376
"6294";"Norge";"51070511";"5107";9;"Jente";"Høyere utdanning";65,704;-0,39729
"6295";"Norge";"51070512";"5107";9;"Gutt";"Ungdomsskole";42,6371;-1,11997
"6296";"Norge";"51070513";"5107";9;"Gutt";"VGS";65,704;-0,72877
"6297";"Norge";"51070514";"5107";9;"Gutt";"VGS";22,5882;1,06572
"6298";"Norge";"51070515";"5107";9;"Gutt";"Ungdomsskole";39,20663;-0,92911
"6299";"Norge";"51070516";"5107";9;"Gutt";"Kort utdanning";40,85939;0,10653
"6300";"Norge";"51070517";"5107";9;"Jente";"Høyere utdanning";57,13913;0,64586
"6301";"Norge";"51070518";"5107";9;"Gutt";"Ungdomsskole";37,63793;-0,31707
"6302";"Norge";"51070519";"5107";9;"Gutt";"Ungdomsskole";37,63793;-1,17596
"6303";"Norge";"51070520";"5107";9;"Gutt";"VGS";37,63793;-0,75301
"6304";"Norge";"51070521";"5107";9;"Gutt";"VGS";37,63793;-0,22559
"6305";"Norge";"51070522";"5107";9;"Jente";"VGS";57,13913;-1,42787
"6306";"Norge";"51070523";"5107";9;"Gutt";"Kort utdanning";37,63793;-0,67278
"6307";"Norge";"51070524";"5107";9;"Jente";"Høyere utdanning";65,704;-0,1652
"6308";"Norge";"51080101";"5108";9;"Gutt";"Høyere utdanning";39,20663;-0,53217
"6309";"Norge";"51080104";"5108";9;"Gutt";"VGS";57,13913;-0,89605
"6310";"Norge";"51080105";"5108";9;"Gutt";"VGS";37,63793;-1,01176
"6311";"Norge";"51080106";"5108";9;"Gutt";"Høyere utdanning";37,63793;-0,05765
"6312";"Norge";"51080107";"5108";9;"Gutt";"Høyere utdanning";46,81653;-0,56148
"6313";"Norge";"51080108";"5108";9;"Gutt";"VGS";40,85939;0,8418
"6314";"Norge";"51080109";"5108";9;"Gutt";"VGS";65,704;-0,9851
"6315";"Norge";"51080110";"5108";9;"Gutt";"VGS";37,63793;0,95376
"6316";"Norge";"51080111";"5108";9;"Gutt";"VGS";36,11853;0,02631
"6317";"Norge";"51080112";"5108";9;"Jente";"Ungdomsskole";41,72966;-1,14537
"6318";"Norge";"51080113";"5108";9;"Jente";"Kort utdanning";65,704;-1,40429
"6319";"Norge";"51080114";"5108";9;"Jente";"Kort utdanning";65,704;-0,4731
"6320";"Norge";"51080115";"5108";9;"Jente";"Kort utdanning";65,704;-0,08498
"6321";"Norge";"51080116";"5108";9;"Jente";"VGS";42,6371;-1,03666
"6322";"Norge";"51080118";"5108";9;"Jente";"VGS";49,42491;-1,00426
"6323";"Norge";"51080119";"5108";9;"Jente";"VGS";44,59585;-0,30449
"6324";"Norge";"51080120";"5108";9;"Jente";"Høyere utdanning";65,704;-0,08564
"6325";"Norge";"51080122";"5108";9;"Jente";"Høyere utdanning";52,66245;0,14203
"6326";"Norge";"51080123";"5108";9;"Jente";"Ungdomsskole";65,704;0,33796
"6327";"Norge";"51080124";"5108";9;"Gutt";"Ungdomsskole";37,63793;-1,88323
"6328";"Norge";"51080201";"5108";9;"Gutt";"Ungdomsskole";65,704;0,47858
"6329";"Norge";"51080204";"5108";9;"Gutt";"Høyere utdanning";65,704;0,05805
"6330";"Norge";"51080206";"5108";9;"Gutt";"Høyere utdanning";37,63793;-0,34131
"6331";"Norge";"51080207";"5108";9;"Gutt";"VGS";39,20663;-0,6168
"6332";"Norge";"51080208";"5108";9;"Gutt";"Høyere utdanning";37,63793;0,25024
"6333";"Norge";"51080209";"5108";9;"Gutt";"VGS";57,13913;-2,24711
"6334";"Norge";"51080210";"5108";9;"Gutt";"Kort utdanning";65,704;-0,61746
"6335";"Norge";"51080211";"5108";9;"Jente";"Høyere utdanning";65,704;0,56189
"6336";"Norge";"51080212";"5108";9;"Jente";"Høyere utdanning";46,81653;-0,69702
"6337";"Norge";"51080213";"5108";9;"Jente";"VGS";65,704;0,8418
"6338";"Norge";"51080214";"5108";9;"Jente";"Høyere utdanning";65,704;-1,04041
"6339";"Norge";"51080215";"5108";9;"Jente";"Høyere utdanning";57,13913;-0,19319
"6340";"Norge";"51080216";"5108";9;"Jente";"VGS";37,63793;-0,90487
"6341";"Norge";"51080217";"5108";9;"Jente";"Kort utdanning";49,42491;0,81381
"6342";"Norge";"51080218";"5108";9;"Jente";"Høyere utdanning";65,704;-0,86872
"6343";"Norge";"51080219";"5108";9;"Jente";"Høyere utdanning";42,6371;-1,03225
"6344";"Norge";"51080220";"5108";9;"Jente";"VGS";65,704;-1,76751
"6345";"Norge";"51090102";"5109";9;"Jente";"Høyere utdanning";15,93837;-0,75234
"6346";"Norge";"51090103";"5109";9;"Gutt";"VGS";40,85939;-1,24731
"6347";"Norge";"51090104";"5109";9;"Annet";"VGS";65,704;0,86979
"6348";"Norge";"51090105";"5109";9;"Jente";"Ungdomsskole";65,704;0,95376
"6349";"Norge";"51090106";"5109";9;"Gutt";"Høyere utdanning";39,20663;0,33421
"6350";"Norge";"51090107";"5109";9;"Jente";"Kort utdanning";44,59585;1,00974
"6351";"Norge";"51090108";"5109";9;"Gutt";"Høyere utdanning";52,66245;0,19051
"6352";"Norge";"51090109";"5109";9;"Jente";"Ungdomsskole";65,704;0,58613
"6353";"Norge";"51090112";"5109";9;"Jente";"Høyere utdanning";65,704;-0,22559
"6354";"Norge";"51090113";"5109";9;"Jente";"VGS";65,704;0,22225
"6355";"Norge";"51090114";"5109";9;"Gutt";"Kort utdanning";65,704;-0,02893
"6356";"Norge";"51090115";"5109";9;"Gutt";"Kort utdanning";65,704;-1,57599
"6357";"Norge";"51090116";"5109";9;"Gutt";"VGS";40,85939;-0,08498
"6358";"Norge";"51090119";"5109";9;"Jente";"Ungdomsskole";52,66245;0,89778
"6359";"Norge";"51090120";"5109";9;"Gutt";"Ungdomsskole";37,63793;0,08296
"6360";"Norge";"51090121";"5109";9;"Jente";"Ungdomsskole";65,704;1,03773
"6361";"Norge";"51090122";"5109";9;"Gutt";"Ungdomsskole";42,6371;1,14969
"6362";"Norge";"51090123";"5109";9;"Jente";"Høyere utdanning";65,704;0,36595
"6363";"Norge";"51090124";"5109";9;"Gutt";"VGS";37,63793;-0,78033
"6364";"Norge";"51090125";"5109";9;"Gutt";"Høyere utdanning";40,85939;0,89117
"6365";"Norge";"51090126";"5109";9;"Gutt";"Høyere utdanning";57,13913;0,56189
"6366";"Norge";"51090128";"5109";9;"Gutt";"Ungdomsskole";46,81653;0,8418
"6367";"Norge";"51090129";"5109";9;"Jente";"Høyere utdanning";52,66245;0,92202
"6368";"Norge";"51090201";"5109";9;"Jente";"Ungdomsskole";65,704;1,00974
"6369";"Norge";"51090202";"5109";9;"Gutt";"Høyere utdanning";52,66245;0,39394
"6370";"Norge";"51090203";"5109";9;"Gutt";"VGS";39,20663;0,30622
"6371";"Norge";"51090204";"5109";9;"Gutt";"Ungdomsskole";39,20663;0,72983
"6372";"Norge";"51090205";"5109";9;"Gutt";"VGS";42,6371;0,13453
"6373";"Norge";"51090206";"5109";9;"Gutt";"Høyere utdanning";52,66245;0,72233
"6374";"Norge";"51090208";"5109";9;"Jente";"Høyere utdanning";57,13913;0,28264
"6375";"Norge";"51090210";"5109";9;"Gutt";"Høyere utdanning";37,63793;-0,5055
"6376";"Norge";"51090211";"5109";9;"Jente";"Kort utdanning";63,8905;-0,33756
"6377";"Norge";"51090212";"5109";9;"Jente";"Høyere utdanning";65,704;0,78581
"6378";"Norge";"51090213";"5109";9;"Gutt";"Høyere utdanning";65,704;0,13828
"6379";"Norge";"51090214";"5109";9;"Gutt";"Kort utdanning";65,704;1,56956
"6380";"Norge";"51090215";"5109";9;"Jente";"VGS";65,704;-0,36489
"6381";"Norge";"51090216";"5109";9;"Jente";"Kort utdanning";65,704;0,31063
"6382";"Norge";"51090217";"5109";9;"Gutt";"Kort utdanning";49,42491;0,8418
"6383";"Norge";"51090219";"5109";9;"Jente";"Høyere utdanning";65,704;-0,36864
"6384";"Norge";"51090221";"5109";9;"Gutt";"Ungdomsskole";49,42491;1,56956
"6385";"Norge";"51090222";"5109";9;"Jente";"VGS";39,20663;-0,0614
"6386";"Norge";"51090223";"5109";9;"Gutt";"Høyere utdanning";42,6371;0,41818
"6387";"Norge";"51090224";"5109";9;"Gutt";"VGS";65,704;-1,71153
"6388";"Norge";"51090225";"5109";9;"Jente";"Ungdomsskole";65,704;0,64211
"6389";"Norge";"51090227";"5109";9;"Jente";"Kort utdanning";65,704;0,08417
"6390";"Norge";"51090228";"5109";9;"Gutt";"VGS";65,704;-0,87091
"6391";"Norge";"51090229";"5109";9;"Jente";"Ungdomsskole";65,704;0,75849
"6392";"Norge";"51110201";"5111";9;"Jente";"VGS";65,704;-0,70894
"6393";"Norge";"51110202";"5111";9;"Gutt";"Høyere utdanning";37,63793;-0,45284
"6394";"Norge";"51110203";"5111";9;"Jente";"Ungdomsskole";49,42491;-0,05765
"6395";"Norge";"51110204";"5111";9;"Gutt";"Høyere utdanning";65,704;0,89778
"6396";"Norge";"51110205";"5111";9;"Jente";"Kort utdanning";49,42491;-0,49184
"6397";"Norge";"51110207";"5111";9;"Jente";"VGS";46,81653;-1,42191
"6398";"Norge";"51110208";"5111";9;"Gutt";"VGS";65,704;-0,86872
"6399";"Norge";"51110209";"5111";9;"Gutt";"VGS";49,42491;0,33763
"6400";"Norge";"51110210";"5111";9;"Jente";"Kort utdanning";65,704;0,58613
"6401";"Norge";"51110211";"5111";9;"Jente";"VGS";65,704;-0,08756
"6402";"Norge";"51110212";"5111";9;"Jente";"Høyere utdanning";65,704;0,0543
"6403";"Norge";"51110213";"5111";9;"Jente";"VGS";65,704;-2,32845
"6404";"Norge";"51110214";"5111";9;"Jente";"Høyere utdanning";49,42491;0,10159
"6405";"Norge";"51110216";"5111";9;"Jente";"Høyere utdanning";57,13913;-0,30515
"6406";"Norge";"51110218";"5111";9;"Gutt";"Høyere utdanning";48,69624;-0,41235
"6407";"Norge";"51110219";"5111";9;"Gutt";"Høyere utdanning";52,66245;0,8418
"6408";"Norge";"51110221";"5111";9;"Gutt";"Høyere utdanning";57,13913;0,8418
"6409";"Norge";"51110223";"5111";9;"Jente";"Kort utdanning";65,704;-0,36113
"6410";"Norge";"51110225";"5111";9;"Gutt";"VGS";40,85939;-1,03225
"6411";"Norge";"51110227";"5111";9;"Gutt";"Kort utdanning";42,6371;-0,47751
"6412";"Norge";"51110230";"5111";9;"Jente";"Høyere utdanning";65,704;-0,42903
"6413";"Norge";"51110301";"5111";9;"Jente";"Ungdomsskole";49,42491;0,33796
"6414";"Norge";"51110304";"5111";9;"Jente";"Høyere utdanning";65,704;0,8418
"6415";"Norge";"51110305";"5111";9;"Jente";"Høyere utdanning";65,704;1,68152
"6416";"Norge";"51110306";"5111";9;"Jente";"Høyere utdanning";65,704;-0,42087
"6417";"Norge";"51110307";"5111";9;"Gutt";"Høyere utdanning";56,33136;-0,61305
"6418";"Norge";"51110308";"5111";9;"Gutt";"VGS";46,81653;-2,01943
"6419";"Norge";"51110309";"5111";9;"Gutt";"VGS";65,704;-1,45211
"6420";"Norge";"51110310";"5111";9;"Gutt";"Ungdomsskole";37,63793;0,34395
"6421";"Norge";"51110311";"5111";9;"Gutt";"Høyere utdanning";65,704;0,88864
"6422";"Norge";"51110312";"5111";9;"Gutt";"VGS";44,59585;1,00649
"6423";"Norge";"51110313";"5111";9;"Gutt";"Ungdomsskole";37,63793;-0,67081
"6424";"Norge";"51110314";"5111";9;"Gutt";"Ungdomsskole";34,6202;0,81381
"6425";"Norge";"51110315";"5111";9;"Gutt";"Kort utdanning";57,13913;-0,11297
"6426";"Norge";"51110317";"5111";9;"Gutt";"VGS";52,66245;-1,14421
"6427";"Norge";"51110319";"5111";9;"Gutt";"Høyere utdanning";37,63793;-1,88409
"6428";"Norge";"51110320";"5111";9;"Gutt";"Kort utdanning";37,63793;-2,07916
"6429";"Norge";"51110322";"5111";9;"Jente";"Høyere utdanning";65,704;-0,19319
"6430";"Norge";"51110323";"5111";9;"Gutt";"Ungdomsskole";46,81653;0,08229
"6431";"Norge";"51110324";"5111";9;"Jente";"Høyere utdanning";57,13913;-0,11297
"6432";"Norge";"51110325";"5111";9;"Jente";"Kort utdanning";65,704;-0,40104
"6433";"Norge";"51110326";"5111";9;"Gutt";"Kort utdanning";36,11853;0,47417
"6434";"Norge";"51110327";"5111";9;"Gutt";"Kort utdanning";49,42491;0,02698
"6435";"Norge";"51110328";"5111";9;"Jente";"Høyere utdanning";65,704;-1,09477
"6436";"Norge";"51120202";"5112";9;"Gutt";"Høyere utdanning";65,704;0,00274
"6437";"Norge";"51120203";"5112";9;"Jente";"Høyere utdanning";57,13913;-0,54099
"6438";"Norge";"51120204";"5112";9;"Jente";"VGS";65,704;0,72608
"6439";"Norge";"51120205";"5112";9;"Jente";"Høyere utdanning";65,704;0,58988
"6440";"Norge";"51120206";"5112";9;"Jente";"Høyere utdanning";65,704;-0,76117
"6441";"Norge";"51120207";"5112";9;"Jente";"Høyere utdanning";65,704;0,50591
"6442";"Norge";"51120211";"5112";9;"Jente";"Høyere utdanning";63,8905;-1,6593
"6443";"Norge";"51120213";"5112";9;"Annet";"VGS";15,93837;0,95376
"6444";"Norge";"51120214";"5112";9;"Jente";"Ungdomsskole";65,704;-0,87506
"6445";"Norge";"51120216";"5112";9;"Gutt";"Høyere utdanning";52,66245;-0,64612
"6446";"Norge";"51120217";"5112";9;"Gutt";"Ungdomsskole";65,704;0,00274
"6447";"Norge";"51120301";"5112";9;"Jente";"Ungdomsskole";65,704;0,08229
"6448";"Norge";"51120302";"5112";9;"Gutt";"Ungdomsskole";37,63793;-1,59582
"6449";"Norge";"51120303";"5112";9;"Annet";"Ungdomsskole";34,6202;-3,1781
"6450";"Norge";"51120304";"5112";9;"Annet";"Ungdomsskole";37,63793;0,33093
"6451";"Norge";"51120306";"5112";9;"Jente";"Høyere utdanning";65,704;0,22666
"6452";"Norge";"51120307";"5112";9;"Gutt";"Høyere utdanning";46,81653;0,47792
"6453";"Norge";"51120308";"5112";9;"Jente";"VGS";40,85939;-1,93104
"6454";"Norge";"51120309";"5112";9;"Jente";"Høyere utdanning";37,63793;-0,64546
"6455";"Norge";"51120310";"5112";9;"Gutt";"Høyere utdanning";65,704;-1,06465
"6456";"Norge";"51120311";"5112";9;"Jente";"VGS";57,13913;0,36595
"6457";"Norge";"51120312";"5112";9;"Jente";"Høyere utdanning";39,20663;0,55814
"6458";"Norge";"51120313";"5112";9;"Gutt";"Høyere utdanning";39,20663;-0,2765
"6459";"Norge";"51120315";"5112";9;"Gutt";"Ungdomsskole";37,63793;0,3352
"6460";"Norge";"51120316";"5112";9;"Annet";"Kort utdanning";37,63793;0,95376
"6461";"Norge";"51130103";"5113";9;"Gutt";"Høyere utdanning";65,704;0,58988
"6462";"Norge";"51130104";"5113";9;"Gutt";"Høyere utdanning";65,704;1,14969
"6463";"Norge";"51130106";"5113";9;"Gutt";"Høyere utdanning";39,20663;-0,87622
"6464";"Norge";"51130108";"5113";9;"Jente";"Høyere utdanning";65,704;1,14969
"6465";"Norge";"51130109";"5113";9;"Gutt";"Ungdomsskole";65,704;1,68152
"6466";"Norge";"51130110";"5113";9;"Gutt";"Høyere utdanning";37,63793;0,02045
"6467";"Norge";"51130111";"5113";9;"Jente";"Høyere utdanning";35,92356;0,92577
"6468";"Norge";"51130113";"5113";9;"Jente";"Høyere utdanning";65,704;1,56956
"6469";"Norge";"51130114";"5113";9;"Jente";"Høyere utdanning";65,704;0,08229
"6470";"Norge";"51130115";"5113";9;"Jente";"Høyere utdanning";65,704;0,75782
"6471";"Norge";"51130116";"5113";9;"Jente";"Ungdomsskole";57,13913;-0,20135
"6472";"Norge";"51130117";"5113";9;"Jente";"Ungdomsskole";37,63793;-1,28792
"6473";"Norge";"51130118";"5113";9;"Gutt";"Høyere utdanning";37,63793;0,50216
"6474";"Norge";"51130119";"5113";9;"Gutt";"Kort utdanning";42,6371;0,8418
"6475";"Norge";"51130121";"5113";9;"Gutt";"Kort utdanning";57,13913;-0,36489
"6476";"Norge";"51130122";"5113";9;"Gutt";"Ungdomsskole";49,42491;-0,38846
"6477";"Norge";"51130123";"5113";9;"Jente";"Høyere utdanning";65,704;0,78581
"6478";"Norge";"51130124";"5113";9;"Jente";"Høyere utdanning";65,704;-0,14537
"6479";"Norge";"51130125";"5113";9;"Jente";"Høyere utdanning";49,42491;-1,17154
"6480";"Norge";"51130301";"5113";9;"Gutt";"Ungdomsskole";65,704;1,34563
"6481";"Norge";"51130302";"5113";9;"Jente";"Ungdomsskole";65,704;-0,22118
"6482";"Norge";"51130303";"5113";9;"Jente";"Ungdomsskole";65,704;0,36595
"6483";"Norge";"51130304";"5113";9;"Jente";"Ungdomsskole";65,704;0,14
"6484";"Norge";"51130306";"5113";9;"Gutt";"Ungdomsskole";37,63793;0,39394
"6485";"Norge";"51130307";"5113";9;"Gutt";"Høyere utdanning";46,81653;1,09371
"6486";"Norge";"51130308";"5113";9;"Jente";"VGS";37,63793;0,25399
"6487";"Norge";"51130309";"5113";9;"Jente";"Høyere utdanning";65,704;0,8418
"6488";"Norge";"51130311";"5113";9;"Gutt";"Høyere utdanning";57,13913;0,55814
"6489";"Norge";"51130312";"5113";9;"Gutt";"Høyere utdanning";65,704;-0,58305
"6490";"Norge";"51130313";"5113";9;"Gutt";"Ungdomsskole";42,6371;-0,08564
"6491";"Norge";"51130315";"5113";9;"Jente";"Høyere utdanning";44,59585;1,26166
"6492";"Norge";"51130316";"5113";9;"Gutt";"VGS";46,81653;0,95376
"6493";"Norge";"51130317";"5113";9;"Gutt";"Høyere utdanning";52,66245;1,68152
"6494";"Norge";"51130318";"5113";9;"Jente";"Høyere utdanning";65,704;0,47792
"6495";"Norge";"51130319";"5113";9;"Gutt";"Høyere utdanning";49,42491;0,55814
"6496";"Norge";"51130320";"5113";9;"Gutt";"Høyere utdanning";65,704;0,86979
"6497";"Norge";"51130321";"5113";9;"Gutt";"VGS";65,704;-1,35206
"6498";"Norge";"51130322";"5113";9;"Gutt";"Høyere utdanning";65,704;0,64211
"6499";"Norge";"51130324";"5113";9;"Jente";"Høyere utdanning";65,704;1,26166
"6500";"Norge";"51140201";"5114";9;"Jente";"Kort utdanning";65,704;0,36595
"6501";"Norge";"51140202";"5114";9;"Gutt";"Høyere utdanning";57,13913;0,30622
"6502";"Norge";"51140203";"5114";9;"Jente";"Høyere utdanning";65,704;0,16252
"6503";"Norge";"51140204";"5114";9;"Gutt";"VGS";46,81653;-0,28025
"6504";"Norge";"51140207";"5114";9;"Gutt";"Høyere utdanning";46,81653;1,31764
"6505";"Norge";"51140208";"5114";9;"Jente";"Høyere utdanning";65,704;-1,15238
"6506";"Norge";"51140209";"5114";9;"Jente";"Høyere utdanning";65,704;0,36595
"6507";"Norge";"51140211";"5114";9;"Jente";"Høyere utdanning";57,13913;0,64586
"6508";"Norge";"51140212";"5114";9;"Gutt";"VGS";65,704;-2,04742
"6509";"Norge";"51140213";"5114";9;"Jente";"VGS";57,13913;-0,14096
"6510";"Norge";"51140214";"5114";9;"Gutt";"Høyere utdanning";57,13913;-0,08564
"6511";"Norge";"51140215";"5114";9;"Jente";"Høyere utdanning";57,13913;-1,62381
"6512";"Norge";"51140216";"5114";9;"Gutt";"Høyere utdanning";37,63793;-1,16149
"6513";"Norge";"51140218";"5114";9;"Jente";"VGS";65,704;0,95376
"6514";"Norge";"51140220";"5114";9;"Jente";"Høyere utdanning";65,704;0,89778
"6515";"Norge";"51140221";"5114";9;"Jente";"Høyere utdanning";65,704;-1,71594
"6516";"Norge";"51140222";"5114";9;"Jente";"VGS";65,704;-2,4484
"6517";"Norge";"51140223";"5114";9;"Gutt";"Høyere utdanning";44,59585;0,36595
"6518";"Norge";"51140224";"5114";9;"Gutt";"Høyere utdanning";65,704;1,17769
"6519";"Norge";"51140225";"5114";9;"Jente";"Kort utdanning";65,704;-0,45261
"6520";"Norge";"51140226";"5114";9;"Jente";"Høyere utdanning";65,704;1,20568
"6521";"Norge";"51140228";"5114";9;"Jente";"Høyere utdanning";65,704;0,64586
"6522";"Norge";"51140229";"5114";9;"Jente";"Kort utdanning";65,704;0,17002
"6523";"Norge";"51140230";"5114";9;"Gutt";"Høyere utdanning";65,704;0,47792
"6524";"Norge";"51140301";"5114";9;"Jente";"VGS";65,704;-0,029
"6525";"Norge";"51140302";"5114";9;"Jente";"Høyere utdanning";65,704;0,08671
"6526";"Norge";"51140303";"5114";9;"Jente";"Høyere utdanning";65,704;0,11404
"6527";"Norge";"51140304";"5114";9;"Gutt";"Ungdomsskole";52,66245;0,33421
"6528";"Norge";"51140305";"5114";9;"Gutt";"Kort utdanning";49,42491;-0,56457
"6529";"Norge";"51140306";"5114";9;"Jente";"Høyere utdanning";65,704;1,00974
"6530";"Norge";"51140307";"5114";9;"Gutt";"Høyere utdanning";65,704;0,36595
"6531";"Norge";"51140308";"5114";9;"Jente";"Høyere utdanning";65,704;1,68152
"6532";"Norge";"51140309";"5114";9;"Gutt";"Høyere utdanning";65,704;-0,03115
"6533";"Norge";"51140310";"5114";9;"Jente";"VGS";65,704;0,36595
"6534";"Norge";"51140311";"5114";9;"Gutt";"Kort utdanning";40,85939;-0,30515
"6535";"Norge";"51140312";"5114";9;"Gutt";"Høyere utdanning";49,42491;1,68152
"6536";"Norge";"51140313";"5114";9;"Gutt";"Høyere utdanning";57,13913;1,68152
"6537";"Norge";"51140315";"5114";9;"Jente";"Kort utdanning";65,704;1,00974
"6538";"Norge";"51140316";"5114";9;"Jente";"Høyere utdanning";65,704;-0,08189
"6539";"Norge";"51140317";"5114";9;"Gutt";"Kort utdanning";40,85939;-1,68795
"6540";"Norge";"51140318";"5114";9;"Gutt";"Høyere utdanning";52,66245;0,75407
"6541";"Norge";"51140319";"5114";9;"Jente";"Høyere utdanning";65,704;-1,46403
"6542";"Norge";"51140320";"5114";9;"Jente";"Kort utdanning";49,42491;-0,19319
"6543";"Norge";"51140321";"5114";9;"Gutt";"Kort utdanning";57,13913;-1,13618
"6544";"Norge";"51140322";"5114";9;"Jente";"VGS";65,704;-1,71153
"6545";"Norge";"51140323";"5114";9;"Jente";"Høyere utdanning";65,704;0,36595
"6546";"Norge";"51140324";"5114";9;"Jente";"Kort utdanning";65,704;-0,75676
"6547";"Norge";"51140326";"5114";9;"Gutt";"Høyere utdanning";39,20663;-0,20135
"6548";"Norge";"51140327";"5114";9;"Gutt";"Høyere utdanning";42,6371;0,95376
"6549";"Norge";"51140328";"5114";9;"Gutt";"Kort utdanning";44,59585;-0,22118
"6550";"Norge";"51150101";"5115";9;"Gutt";"Ungdomsskole";46,81653;-0,67345
"6551";"Norge";"51150102";"5115";9;"Gutt";"Ungdomsskole";49,42491;-0,05765
"6552";"Norge";"51150105";"5115";9;"Gutt";"Ungdomsskole";49,42491;1,34563
"6553";"Norge";"51150106";"5115";9;"Gutt";"VGS";36,11853;-0,90112
"6554";"Norge";"51150107";"5115";9;"Gutt";"Kort utdanning";65,704;1,09371
"6555";"Norge";"51150108";"5115";9;"Gutt";"Høyere utdanning";57,13913;0,36595
"6556";"Norge";"51150111";"5115";9;"Gutt";"VGS";36,98389;1,00387
"6557";"Norge";"51150115";"5115";9;"Jente";"Høyere utdanning";65,704;0,8418
"6558";"Norge";"51150117";"5115";9;"Jente";"Ungdomsskole";65,704;0,8418
"6559";"Norge";"51150120";"5115";9;"Jente";"Høyere utdanning";65,704;0,81381
"6560";"Norge";"51150121";"5115";9;"Jente";"Høyere utdanning";65,704;1,17769
"6561";"Norge";"51150124";"5115";9;"Jente";"Høyere utdanning";65,704;0,8418
"6562";"Norge";"51150125";"5115";9;"Jente";"Høyere utdanning";65,704;1,17769
"6563";"Norge";"51150127";"5115";9;"Gutt";"Høyere utdanning";39,20663;-1,15679
"6564";"Norge";"51150201";"5115";9;"Annet";"VGS";39,20663;-0,53217
"6565";"Norge";"51150202";"5115";9;"Gutt";"Høyere utdanning";65,704;-0,48126
"6566";"Norge";"51150205";"5115";9;"Gutt";"VGS";46,81653;-1,00426
"6567";"Norge";"51150208";"5115";9;"Gutt";"Kort utdanning";57,13913;0,3957
"6568";"Norge";"51150210";"5115";9;"Gutt";"Kort utdanning";46,81653;0,05055
"6569";"Norge";"51150211";"5115";9;"Gutt";"Høyere utdanning";52,66245;0,98175
"6570";"Norge";"51150212";"5115";9;"Gutt";"Kort utdanning";37,63793;-0,36555
"6571";"Norge";"51150213";"5115";9;"Gutt";"Høyere utdanning";42,6371;0,00274
"6572";"Norge";"51150215";"5115";9;"Gutt";"Høyere utdanning";42,6371;-0,11738
"6573";"Norge";"51150216";"5115";9;"Gutt";"Kort utdanning";65,704;0,25024
"6574";"Norge";"51150218";"5115";9;"Jente";"Høyere utdanning";65,704;1,68152
"6575";"Norge";"51150219";"5115";9;"Jente";"VGS";37,63793;-0,19319
"6576";"Norge";"51150221";"5115";9;"Jente";"Høyere utdanning";65,704;0,81381
"6577";"Norge";"51150222";"5115";9;"Jente";"Kort utdanning";65,704;0,95376
"6578";"Norge";"51150223";"5115";9;"Jente";"VGS";39,20663;0,95376
"6579";"Norge";"51150224";"5115";9;"Jente";"Høyere utdanning";65,704;0,11404
"6580";"Norge";"51150225";"5115";9;"Jente";"Kort utdanning";44,59585;-0,19319
"6581";"Norge";"51150226";"5115";9;"Jente";"Kort utdanning";65,704;0,72983
"6582";"Norge";"51150227";"5115";9;"Gutt";"VGS";65,704;0,64211
"6583";"Norge";"51170101";"5117";9;"Jente";"Høyere utdanning";49,42491;-0,05765
"6584";"Norge";"51170104";"5117";9;"Gutt";"VGS";33,11239;-0,50109
"6585";"Norge";"51170105";"5117";9;"Gutt";"VGS";42,6371;-0,22493
"6586";"Norge";"51170107";"5117";9;"Jente";"Kort utdanning";49,42491;-0,00542
"6587";"Norge";"51170109";"5117";9;"Gutt";"VGS";49,42491;-0,58506
"6588";"Norge";"51170112";"5117";9;"Jente";"Ungdomsskole";37,63793;-1,52772
"6589";"Norge";"51170114";"5117";9;"Jente";"VGS";65,704;-2,18152
"6590";"Norge";"51170115";"5117";9;"Gutt";"Ungdomsskole";40,85939;-0,28533
"6591";"Norge";"51170116";"5117";9;"Gutt";"Høyere utdanning";65,704;0,8418
"6592";"Norge";"51170117";"5117";9;"Gutt";"VGS";39,63473;0,47417
"6593";"Norge";"51170119";"5117";9;"Gutt";"Høyere utdanning";46,81653;0,69809
"6594";"Norge";"51170302";"5117";9;"Jente";"Høyere utdanning";65,704;0,89778
"6595";"Norge";"51170304";"5117";9;"Annet";"VGS";65,704;-1,76751
"6596";"Norge";"51170305";"5117";9;"Jente";"Høyere utdanning";57,13913;-0,44511
"6597";"Norge";"51170306";"5117";9;"Gutt";"Kort utdanning";49,42491;-0,50109
"6598";"Norge";"51170307";"5117";9;"Jente";"VGS";44,59585;-0,30515
"6599";"Norge";"51170308";"5117";9;"Gutt";"VGS";49,42491;0,95376
"6600";"Norge";"51170309";"5117";9;"Gutt";"Høyere utdanning";39,20663;0,78581
"6601";"Norge";"51170311";"5117";9;"Gutt";"Kort utdanning";37,63793;-0,42903
"6602";"Norge";"51170313";"5117";9;"Gutt";"Høyere utdanning";65,704;-0,25292
"6603";"Norge";"51170314";"5117";9;"Jente";"Høyere utdanning";65,704;-0,16961
"6604";"Norge";"51170315";"5117";9;"Gutt";"Kort utdanning";57,13913;0,8418
"6605";"Norge";"51170316";"5117";9;"Gutt";"Kort utdanning";40,85939;0,70184
"6606";"Norge";"51170317";"5117";9;"Jente";"Høyere utdanning";49,42491;-0,66837
"6607";"Norge";"51170318";"5117";9;"Jente";"Høyere utdanning";65,704;0,33796
"6608";"Norge";"51170319";"5117";9;"Jente";"Høyere utdanning";65,704;0,95376
"6609";"Norge";"51200104";"5120";9;"Gutt";"Høyere utdanning";15,93837;1,1217
"6610";"Norge";"51200106";"5120";9;"Gutt";"Høyere utdanning";37,63793;-0,28158
"6611";"Norge";"51200109";"5120";9;"Jente";"Ungdomsskole";65,704;0,28198
"6612";"Norge";"51200112";"5120";9;"Jente";"Høyere utdanning";65,704;0,58613
"6613";"Norge";"51200113";"5120";9;"Jente";"Høyere utdanning";65,704;-0,48126
"6614";"Norge";"51200116";"5120";9;"Jente";"Høyere utdanning";65,704;0,35817
"6615";"Norge";"51200119";"5120";9;"Jente";"Høyere utdanning";49,42491;-2,2751
"6616";"Norge";"51200123";"5120";9;"Jente";"Høyere utdanning";65,704;-1,07282
"6617";"Norge";"51200301";"5120";9;"Gutt";"Høyere utdanning";44,59585;-1,32407
"6618";"Norge";"51200302";"5120";9;"Gutt";"Ungdomsskole";65,704;-1,5156
"6619";"Norge";"51200303";"5120";9;"Jente";"Høyere utdanning";65,704;-0,44952
"6620";"Norge";"51200304";"5120";9;"Jente";"Kort utdanning";57,13913;-0,48126
"6621";"Norge";"51200305";"5120";9;"Gutt";"Kort utdanning";37,63793;-1,82188
"6622";"Norge";"51200306";"5120";9;"Jente";"Ungdomsskole";65,704;-0,98002
"6623";"Norge";"51200307";"5120";9;"Gutt";"Ungdomsskole";65,704;1,68152
"6624";"Norge";"51200308";"5120";9;"Gutt";"Høyere utdanning";37,63793;0,19051
"6625";"Norge";"51200309";"5120";9;"Jente";"Ungdomsskole";44,59585;0,25399
"6626";"Norge";"51200310";"5120";9;"Jente";"Høyere utdanning";49,42491;-0,92298
"6627";"Norge";"51200312";"5120";9;"Jente";"Ungdomsskole";65,704;-0,90046
"6628";"Norge";"51200314";"5120";9;"Jente";"Høyere utdanning";65,704;1,26166
"6629";"Norge";"51200315";"5120";9;"Jente";"Høyere utdanning";65,704;0,27823
"6630";"Norge";"51200316";"5120";9;"Jente";"Høyere utdanning";65,704;0,86979
"6631";"Norge";"51200318";"5120";9;"Gutt";"Høyere utdanning";65,704;-0,58506
"6632";"Norge";"51200319";"5120";9;"Jente";"Høyere utdanning";65,704;-0,3372
"6633";"Norge";"51200320";"5120";9;"Jente";"Ungdomsskole";57,13913;-1,93546
"6634";"Norge";"51200321";"5120";9;"Jente";"Høyere utdanning";65,704;0,03052
"6635";"Norge";"51230201";"5123";9;"Jente";"VGS";65,704;0,95376
"6636";"Norge";"51230202";"5123";9;"Gutt";"Høyere utdanning";37,63793;-0,90487
"6637";"Norge";"51230203";"5123";9;"Gutt";"Høyere utdanning";65,704;1,31764
"6638";"Norge";"51230204";"5123";9;"Jente";"Ungdomsskole";65,704;1,68152
"6639";"Norge";"51230205";"5123";9;"Jente";"Ungdomsskole";65,704;-0,68095
"6640";"Norge";"51230206";"5123";9;"Jente";"Kort utdanning";65,704;0,25399
"6641";"Norge";"51230207";"5123";9;"Gutt";"Høyere utdanning";42,6371;1,67865
"6642";"Norge";"51230208";"5123";9;"Gutt";"Ungdomsskole";37,63793;0,86979
"6643";"Norge";"51230209";"5123";9;"Jente";"VGS";65,704;0,67385
"6644";"Norge";"51230211";"5123";9;"Jente";"Kort utdanning";52,66245;1,03839
"6645";"Norge";"51230212";"5123";9;"Gutt";"Høyere utdanning";40,85939;-0,42087
"6646";"Norge";"51230213";"5123";9;"Jente";"Høyere utdanning";65,704;-0,05324
"6647";"Norge";"51230214";"5123";9;"Jente";"Høyere utdanning";65,704;1,68152
"6648";"Norge";"51230216";"5123";9;"Jente";"VGS";52,66245;0,33421
"6649";"Norge";"51230218";"5123";9;"Gutt";"VGS";65,704;0,95376
"6650";"Norge";"51230219";"5123";9;"Gutt";"Ungdomsskole";15,93837;0,54478
"6651";"Norge";"51230220";"5123";9;"Jente";"Høyere utdanning";65,704;0,64586
"6652";"Norge";"51230223";"5123";9;"Annet";"Høyere utdanning";37,63793;0,44993
"6653";"Norge";"51230224";"5123";9;"Jente";"Høyere utdanning";65,704;1,31764
"6654";"Norge";"51230225";"5123";9;"Gutt";"VGS";40,85939;0,53015
"6655";"Norge";"51230226";"5123";9;"Gutt";"Kort utdanning";39,20663;0,16252
"6656";"Norge";"51230401";"5123";9;"Gutt";"VGS";37,63793;-0,08498
"6657";"Norge";"51230402";"5123";9;"Jente";"Høyere utdanning";65,704;-0,00542
"6658";"Norge";"51230403";"5123";9;"Jente";"Høyere utdanning";65,704;0,47417
"6659";"Norge";"51230404";"5123";9;"Annet";"Høyere utdanning";44,59585;0,27823
"6660";"Norge";"51230405";"5123";9;"Gutt";"VGS";40,85939;-1,34831
"6661";"Norge";"51230408";"5123";9;"Jente";"Høyere utdanning";65,704;0,8418
"6662";"Norge";"51230409";"5123";9;"Annet";"Ungdomsskole";37,63793;0,79554
"6663";"Norge";"51230410";"5123";9;"Jente";"Høyere utdanning";65,704;1,68152
"6664";"Norge";"51230411";"5123";9;"Gutt";"Kort utdanning";52,66245;0,8418
"6665";"Norge";"51230413";"5123";9;"Jente";"Høyere utdanning";65,704;-1,7955
"6666";"Norge";"51230415";"5123";9;"Jente";"Høyere utdanning";65,704;1,56956
"6667";"Norge";"51230416";"5123";9;"Jente";"Høyere utdanning";65,704;-1,28792
"6668";"Norge";"51230417";"5123";9;"Gutt";"Høyere utdanning";65,704;-0,24983
"6669";"Norge";"51230418";"5123";9;"Jente";"VGS";57,13913;-1,04041
"6670";"Norge";"51230419";"5123";9;"Gutt";"VGS";49,42491;-0,76051
"6671";"Norge";"51230420";"5123";9;"Jente";"Høyere utdanning";65,704;0,16627
"6672";"Norge";"51230421";"5123";9;"Gutt";"Høyere utdanning";39,20663;0,95376
"6673";"Norge";"51230422";"5123";9;"Jente";"Kort utdanning";65,704;0,33862
"6674";"Norge";"51230423";"5123";9;"Jente";"Høyere utdanning";65,704;-0,24851
"6675";"Norge";"51230424";"5123";9;"Jente";"Kort utdanning";65,704;-1,42787
"6676";"Norge";"51230425";"5123";9;"Gutt";"Kort utdanning";39,20663;-0,16961
"6677";"Norge";"51230426";"5123";9;"Gutt";"VGS";42,6371;0,53015
"6678";"Norge";"51250102";"5125";9;"Gutt";"Høyere utdanning";42,6371;0,14053
"6679";"Norge";"51250103";"5125";9;"Jente";"Høyere utdanning";65,704;-1,06465
"6680";"Norge";"51250104";"5125";9;"Jente";"VGS";57,13913;-1,04483
"6681";"Norge";"51250105";"5125";9;"Gutt";"Høyere utdanning";40,85939;-1,3439
"6682";"Norge";"51250106";"5125";9;"Gutt";"Høyere utdanning";63,8905;-0,42087
"6683";"Norge";"51250107";"5125";9;"Jente";"Høyere utdanning";65,704;-0,90487
"6684";"Norge";"51250108";"5125";9;"Gutt";"Høyere utdanning";37,63793;-0,75609
"6685";"Norge";"51250109";"5125";9;"Jente";"Høyere utdanning";46,81653;-1,01242
"6686";"Norge";"51250110";"5125";9;"Jente";"Ungdomsskole";65,704;0,27823
"6687";"Norge";"51250111";"5125";9;"Jente";"Høyere utdanning";65,704;-3,25411
"6688";"Norge";"51250112";"5125";9;"Jente";"Høyere utdanning";37,63793;-1,79358
"6689";"Norge";"51250113";"5125";9;"Jente";"Høyere utdanning";65,704;-2,24644
"6690";"Norge";"51250114";"5125";9;"Gutt";"VGS";65,704;-2,33108
"6691";"Norge";"51250115";"5125";9;"Jente";"Ungdomsskole";65,704;-2,07166
"6692";"Norge";"51250116";"5125";9;"Gutt";"Høyere utdanning";40,85939;-2,46287
"6693";"Norge";"51250117";"5125";9;"Gutt";"VGS";46,81653;-1,48385
"6694";"Norge";"51250201";"5125";9;"Gutt";"VGS";40,85939;0,37116
"6695";"Norge";"51250202";"5125";9;"Gutt";"Høyere utdanning";42,6371;-1,79925
"6696";"Norge";"51250204";"5125";9;"Jente";"Høyere utdanning";52,66245;-3,02773
"6697";"Norge";"51250206";"5125";9;"Jente";"Høyere utdanning";65,704;-1,73952
"6698";"Norge";"51250207";"5125";9;"Gutt";"Høyere utdanning";39,20663;-0,64921
"6699";"Norge";"51250210";"5125";9;"Gutt";"Høyere utdanning";28,03514;-1,2077
"6700";"Norge";"51250211";"5125";9;"Gutt";"Høyere utdanning";37,63793;-1,63197
"6701";"Norge";"51250212";"5125";9;"Jente";"Høyere utdanning";37,63793;-2,01877
"6702";"Norge";"51250213";"5125";9;"Jente";"Høyere utdanning";52,66245;-0,14282
"6703";"Norge";"51250216";"5125";9;"Jente";"Høyere utdanning";49,42491;-1,63131
"6704";"Norge";"51250217";"5125";9;"Gutt";"Kort utdanning";40,85939;-1,98703
"6705";"Norge";"51250219";"5125";9;"Jente";"Høyere utdanning";65,704;0,11404
"6706";"Norge";"51250220";"5125";9;"Jente";"Høyere utdanning";65,704;-0,73318
"6707";"Norge";"51260101";"5126";9;"Gutt";"Kort utdanning";37,63793;-1,28792
"6708";"Norge";"51260105";"5126";9;"Gutt";"Høyere utdanning";65,704;0,41818
"6709";"Norge";"51260106";"5126";9;"Jente";"Høyere utdanning";65,704;0,13828
"6710";"Norge";"51260107";"5126";9;"Gutt";"Kort utdanning";39,20663;-0,08123
"6711";"Norge";"51260108";"5126";9;"Gutt";"Kort utdanning";44,59585;-1,57158
"6712";"Norge";"51260109";"5126";9;"Gutt";"VGS";37,22016;0,30622
"6713";"Norge";"51260110";"5126";9;"Gutt";"Kort utdanning";37,63793;-0,56457
"6714";"Norge";"51260112";"5126";9;"Gutt";"VGS";65,704;-2,07916
"6715";"Norge";"51260113";"5126";9;"Jente";"Høyere utdanning";65,704;-0,92911
"6716";"Norge";"51260115";"5126";9;"Gutt";"VGS";28,03514;0,67385
"6717";"Norge";"51260116";"5126";9;"Gutt";"VGS";65,704;-1,06841
"6718";"Norge";"51260117";"5126";9;"Jente";"Kort utdanning";65,704;-0,6168
"6719";"Norge";"51260118";"5126";9;"Gutt";"Høyere utdanning";65,704;1,68152
"6720";"Norge";"51260121";"5126";9;"Annet";"Høyere utdanning";65,704;0,92577
"6721";"Norge";"51260122";"5126";9;"Gutt";"Kort utdanning";49,42491;0,61412
"6722";"Norge";"51260123";"5126";9;"Gutt";"Høyere utdanning";65,704;0,47417
"6723";"Norge";"51260124";"5126";9;"Gutt";"Høyere utdanning";40,85939;1,36423
"6724";"Norge";"51260125";"5126";9;"Gutt";"Høyere utdanning";65,704;0,30622
"6725";"Norge";"51260126";"5126";9;"Gutt";"VGS";37,63793;1,03773
"6726";"Norge";"51260127";"5126";9;"Jente";"Høyere utdanning";65,704;0,64586
"6727";"Norge";"51260128";"5126";9;"Jente";"Høyere utdanning";65,704;0,89778
"6728";"Norge";"51260129";"5126";9;"Jente";"Ungdomsskole";42,6371;-0,64104
"6729";"Norge";"51260130";"5126";9;"Jente";"Ungdomsskole";37,63793;-1,85148
"6730";"Norge";"51260301";"5126";9;"Gutt";"VGS";52,66245;-1,03666
"6731";"Norge";"51260302";"5126";9;"Jente";"Høyere utdanning";42,6371;0,75782
"6732";"Norge";"51260303";"5126";9;"Jente";"Ungdomsskole";57,13913;-2,27996
"6733";"Norge";"51260305";"5126";9;"Gutt";"Høyere utdanning";57,13913;0,41818
"6734";"Norge";"51260306";"5126";9;"Gutt";"VGS";37,63793;0,64211
"6735";"Norge";"51260307";"5126";9;"Jente";"Ungdomsskole";65,704;0,75407
"6736";"Norge";"51260309";"5126";9;"Gutt";"Høyere utdanning";65,704;-0,28533
"6737";"Norge";"51260310";"5126";9;"Jente";"Høyere utdanning";65,704;0,19867
"6738";"Norge";"51260312";"5126";9;"Gutt";"Ungdomsskole";36,11853;-1,11814
"6739";"Norge";"51260313";"5126";9;"Jente";"Høyere utdanning";65,704;-0,59698
"6740";"Norge";"51260315";"5126";9;"Gutt";"VGS";52,66245;-1,42787
"6741";"Norge";"51260316";"5126";9;"Gutt";"Høyere utdanning";42,6371;0,47041
"6742";"Norge";"51260318";"5126";9;"Gutt";"Høyere utdanning";39,20663;1,09371
"6743";"Norge";"51260320";"5126";9;"Jente";"VGS";46,81653;1,65353
"6744";"Norge";"51260322";"5126";9;"Jente";"Høyere utdanning";65,704;0,08671
"6745";"Norge";"51260323";"5126";9;"Jente";"Høyere utdanning";65,704;-0,95578
"6746";"Norge";"51260325";"5126";9;"Jente";"Høyere utdanning";65,704;-0,513
"6747";"Norge";"51270101";"5127";9;"Gutt";"VGS";65,704;-0,75609
"6748";"Norge";"51270102";"5127";9;"Jente";"Kort utdanning";65,704;0,33862
"6749";"Norge";"51270103";"5127";9;"Jente";"Kort utdanning";65,704;0,05872
"6750";"Norge";"51270104";"5127";9;"Gutt";"Kort utdanning";65,704;-1,09389
"6751";"Norge";"51270105";"5127";9;"Jente";"Ungdomsskole";49,42491;0,226
"6752";"Norge";"51270106";"5127";9;"Gutt";"VGS";57,13913;-0,86431
"6753";"Norge";"51270110";"5127";9;"Jente";"Høyere utdanning";65,704;-0,00167
"6754";"Norge";"51270112";"5127";9;"Gutt";"VGS";37,63793;-0,70894
"6755";"Norge";"51270113";"5127";9;"Gutt";"Høyere utdanning";65,704;0,33421
"6756";"Norge";"51270114";"5127";9;"Jente";"Høyere utdanning";65,704;0,89403
"6757";"Norge";"51270115";"5127";9;"Jente";"VGS";65,704;0,8418
"6758";"Norge";"51270116";"5127";9;"Jente";"VGS";65,704;0,00207
"6759";"Norge";"51270117";"5127";9;"Jente";"VGS";65,704;0,0543
"6760";"Norge";"51270118";"5127";9;"Jente";"Høyere utdanning";65,704;1,31764
"6761";"Norge";"51270119";"5127";9;"Gutt";"Ungdomsskole";37,63793;-0,36555
"6762";"Norge";"51270120";"5127";9;"Gutt";"Ungdomsskole";65,704;-0,24851
"6763";"Norge";"51270121";"5127";9;"Jente";"Høyere utdanning";52,66245;-1,2002
"6764";"Norge";"51270122";"5127";9;"Gutt";"Ungdomsskole";39,20663;-0,11363
"6765";"Norge";"51270123";"5127";9;"Jente";"Høyere utdanning";65,704;1,31764
"6766";"Norge";"51270126";"5127";9;"Jente";"Høyere utdanning";65,704;-2,24711
"6767";"Norge";"51270129";"5127";9;"Jente";"VGS";65,704;-0,05765
"6768";"Norge";"51270301";"5127";9;"Gutt";"Ungdomsskole";37,63793;-0,90487
"6769";"Norge";"51270302";"5127";9;"Jente";"VGS";49,42491;-0,58881
"6770";"Norge";"51270303";"5127";9;"Jente";"Høyere utdanning";65,704;0,55814
"6771";"Norge";"51270304";"5127";9;"Gutt";"Kort utdanning";39,20663;-0,47751
"6772";"Norge";"51270305";"5127";9;"Jente";"Høyere utdanning";65,704;-0,73318
"6773";"Norge";"51270306";"5127";9;"Gutt";"Kort utdanning";40,85939;0,11095
"6774";"Norge";"51270307";"5127";9;"Gutt";"Ungdomsskole";52,66245;-0,56457
"6775";"Norge";"51270308";"5127";9;"Jente";"VGS";37,63793;-1,91188
"6776";"Norge";"51270309";"5127";9;"Gutt";"Kort utdanning";49,42491;-0,86872
"6777";"Norge";"51270310";"5127";9;"Jente";"Høyere utdanning";42,6371;1,68152
"6778";"Norge";"51270311";"5127";9;"Gutt";"Høyere utdanning";52,66245;0,8418
"6779";"Norge";"51270312";"5127";9;"Gutt";"Kort utdanning";46,81653;0,33796
"6780";"Norge";"51270313";"5127";9;"Gutt";"Ungdomsskole";33,11239;-1,71594
"6781";"Norge";"51270314";"5127";9;"Gutt";"VGS";65,704;0,72983
"6782";"Norge";"51270315";"5127";9;"Gutt";"Høyere utdanning";65,06482;0,33796
"6783";"Norge";"51270316";"5127";9;"Gutt";"Høyere utdanning";49,42491;-0,76117
"6784";"Norge";"51270317";"5127";9;"Gutt";"Kort utdanning";42,6371;-0,9247
"6785";"Norge";"51270318";"5127";9;"Annet";"Høyere utdanning";52,66245;0,67385
"6786";"Norge";"51270319";"5127";9;"Gutt";"Kort utdanning";57,13913;0,72983
"6787";"Norge";"51270320";"5127";9;"Gutt";"Kort utdanning";62,87645;0,05055
"6788";"Norge";"51270322";"5127";9;"Gutt";"VGS";42,6371;0,89778
"6789";"Norge";"51270323";"5127";9;"Gutt";"VGS";42,6371;-0,0161
"6790";"Norge";"51270324";"5127";9;"Gutt";"Høyere utdanning";49,42491;0,69809
"6791";"Norge";"51270325";"5127";9;"Jente";"Høyere utdanning";65,704;-0,45327
"6792";"Norge";"51270326";"5127";9;"Jente";"Kort utdanning";65,704;0,36595
"6793";"Norge";"51270327";"5127";9;"Jente";"Høyere utdanning";65,704;0,75782
"6794";"Norge";"51290102";"5129";9;"Gutt";"Kort utdanning";40,85939;0,83429
"6795";"Norge";"51290103";"5129";9;"Gutt";"VGS";42,6371;-2,04742
"6796";"Norge";"51290105";"5129";9;"Gutt";"VGS";37,63793;1,57
"6797";"Norge";"51290106";"5129";9;"Jente";"Kort utdanning";65,704;0,36595
"6798";"Norge";"51290107";"5129";9;"Gutt";"VGS";42,6371;-1,76751
"6799";"Norge";"51290109";"5129";9;"Gutt";"Ungdomsskole";42,6371;-0,64921
"6800";"Norge";"51290110";"5129";9;"Jente";"Ungdomsskole";42,6371;0,70184
"6801";"Norge";"51290111";"5129";9;"Gutt";"VGS";42,6371;0,8418
"6802";"Norge";"51290112";"5129";9;"Gutt";"Kort utdanning";36,11853;0,17068
"6803";"Norge";"51290113";"5129";9;"Jente";"VGS";52,66245;-1,10015
"6804";"Norge";"51290114";"5129";9;"Gutt";"Høyere utdanning";37,63793;0,78581
"6805";"Norge";"51290115";"5129";9;"Jente";"Høyere utdanning";65,704;1,68152
"6806";"Norge";"51290116";"5129";9;"Gutt";"VGS";39,20663;-1,37189
"6807";"Norge";"51290117";"5129";9;"Gutt";"Høyere utdanning";44,59585;-0,36555
"6808";"Norge";"51290118";"5129";9;"Gutt";"Kort utdanning";65,704;1,56956
"6809";"Norge";"51290119";"5129";9;"Jente";"Høyere utdanning";65,704;1,59755
"6810";"Norge";"51290120";"5129";9;"Gutt";"VGS";42,6371;0,8418
"6811";"Norge";"51290121";"5129";9;"Gutt";"Kort utdanning";65,704;-0,48126
"6812";"Norge";"51290201";"5129";9;"Gutt";"VGS";39,20663;-0,05765
"6813";"Norge";"51290202";"5129";9;"Jente";"Kort utdanning";37,63793;-0,75676
"6814";"Norge";"51290203";"5129";9;"Annet";"Høyere utdanning";37,63793;-2,03926
"6815";"Norge";"51290204";"5129";9;"Gutt";"Høyere utdanning";37,63793;-2,02318
"6816";"Norge";"51290205";"5129";9;"Gutt";"Ungdomsskole";37,63793;0,13453
"6817";"Norge";"51290207";"5129";9;"Gutt";"VGS";46,81653;0,41818
"6818";"Norge";"51290210";"5129";9;"Gutt";"VGS";42,6371;0,08605
"6819";"Norge";"51290211";"5129";9;"Jente";"Ungdomsskole";37,63793;-1,42787
"6820";"Norge";"51290212";"5129";9;"Gutt";"VGS";31,55703;-0,75234
"6821";"Norge";"51290213";"5129";9;"Jente";"Høyere utdanning";65,704;0,50591
"6822";"Norge";"51290216";"5129";9;"Jente";"VGS";49,42491;-0,81274
"6823";"Norge";"51290218";"5129";9;"Gutt";"Høyere utdanning";37,63793;0,33046
"6824";"Norge";"51290219";"5129";9;"Gutt";"Kort utdanning";52,66245;0,33408
"6825";"Norge";"51290220";"5129";9;"Gutt";"Ungdomsskole";65,704;0,4755
"6826";"Norge";"51290221";"5129";9;"Annet";"Ungdomsskole";52,66245;-0,86872
"6827";"Norge";"51290222";"5129";9;"Jente";"Ungdomsskole";65,704;0,67385
"6828";"Norge";"51300101";"5130";9;"Gutt";"Høyere utdanning";57,13913;-0,48126
"6829";"Norge";"51300102";"5130";9;"Jente";"Høyere utdanning";57,13913;0,98175
"6830";"Norge";"51300104";"5130";9;"Gutt";"Ungdomsskole";65,704;1,68152
"6831";"Norge";"51300105";"5130";9;"Gutt";"VGS";57,13913;-0,22118
"6832";"Norge";"51300106";"5130";9;"Gutt";"Høyere utdanning";65,704;0,8418
"6833";"Norge";"51300107";"5130";9;"Jente";"Høyere utdanning";52,66245;-1,11622
"6834";"Norge";"51300109";"5130";9;"Jente";"Kort utdanning";65,704;-0,22118
"6835";"Norge";"51300110";"5130";9;"Jente";"Høyere utdanning";42,6371;0,92202
"6836";"Norge";"51300111";"5130";9;"Gutt";"Høyere utdanning";57,13913;-0,36319
"6837";"Norge";"51300112";"5130";9;"Jente";"Kort utdanning";65,704;-1,2002
"6838";"Norge";"51300114";"5130";9;"Jente";"Kort utdanning";65,704;0,13828
"6839";"Norge";"51300115";"5130";9;"Gutt";"Høyere utdanning";37,63793;-0,39663
"6840";"Norge";"51300116";"5130";9;"Gutt";"VGS";65,704;0,95376
"6841";"Norge";"51300117";"5130";9;"Gutt";"VGS";44,59585;-1,11609
"6842";"Norge";"51300118";"5130";9;"Gutt";"Høyere utdanning";39,20663;-1,12064
"6843";"Norge";"51300119";"5130";9;"Jente";"Kort utdanning";36,11853;-0,42643
"6844";"Norge";"51300120";"5130";9;"Gutt";"Høyere utdanning";65,704;0,39019
"6845";"Norge";"51300121";"5130";9;"Jente";"Høyere utdanning";57,13913;-0,0614
"6846";"Norge";"51300122";"5130";9;"Jente";"Høyere utdanning";57,13913;0,72983
"6847";"Norge";"51300123";"5130";9;"Jente";"Ungdomsskole";65,704;-0,00101
"6848";"Norge";"51300401";"5130";9;"Gutt";"Høyere utdanning";42,6371;-0,28002
"6849";"Norge";"51300402";"5130";9;"Gutt";"Kort utdanning";37,63793;-0,78475
"6850";"Norge";"51300403";"5130";9;"Jente";"VGS";65,704;-1,71644
"6851";"Norge";"51300404";"5130";9;"Gutt";"VGS";37,63793;0,39461
"6852";"Norge";"51300405";"5130";9;"Gutt";"Kort utdanning";42,6371;-0,89671
"6853";"Norge";"51300406";"5130";9;"Gutt";"VGS";65,704;0,50657
"6854";"Norge";"51300407";"5130";9;"Gutt";"Kort utdanning";52,66245;-0,36555
"6855";"Norge";"51300408";"5130";9;"Jente";"Høyere utdanning";65,704;-0,19319
"6856";"Norge";"51300409";"5130";9;"Jente";"Høyere utdanning";65,704;0,05055
"6857";"Norge";"51300410";"5130";9;"Jente";"Høyere utdanning";65,704;1,68152
"6858";"Norge";"51300411";"5130";9;"Gutt";"Kort utdanning";65,704;0,89778
"6859";"Norge";"51300412";"5130";9;"Gutt";"Kort utdanning";65,704;-0,08123
"6860";"Norge";"51300413";"5130";9;"Gutt";"Høyere utdanning";40,85939;-0,16961
"6861";"Norge";"51300414";"5130";9;"Gutt";"Høyere utdanning";65,704;0,53015
"6862";"Norge";"51300415";"5130";9;"Gutt";"Kort utdanning";57,13913;0,47858
"6863";"Norge";"51300416";"5130";9;"Gutt";"Høyere utdanning";65,704;0,8418
"6864";"Norge";"51300418";"5130";9;"Jente";"Ungdomsskole";37,63793;0,05218
"6865";"Norge";"51300419";"5130";9;"Gutt";"Høyere utdanning";40,85939;0,58613
"6866";"Norge";"51300420";"5130";9;"Jente";"Kort utdanning";65,704;0,98175
"6867";"Norge";"51300421";"5130";9;"Jente";"Høyere utdanning";65,704;0,8418
"6868";"Norge";"51300422";"5130";9;"Gutt";"VGS";65,704;0,75782
"6869";"Norge";"51310201";"5131";9;"Gutt";"Høyere utdanning";65,704;0,89403
"6870";"Norge";"51310202";"5131";9;"Gutt";"Høyere utdanning";49,42491;-1,36294
"6871";"Norge";"51310203";"5131";9;"Gutt";"Kort utdanning";65,704;0,69875
"6872";"Norge";"51310204";"5131";9;"Jente";"Høyere utdanning";65,704;0,8418
"6873";"Norge";"51310205";"5131";9;"Gutt";"Høyere utdanning";65,704;-0,14912
"6874";"Norge";"51310206";"5131";9;"Gutt";"Høyere utdanning";65,704;0,86979
"6875";"Norge";"51310208";"5131";9;"Jente";"Høyere utdanning";65,704;1,09371
"6876";"Norge";"51310209";"5131";9;"Jente";"Høyere utdanning";65,704;1,00974
"6877";"Norge";"51310210";"5131";9;"Jente";"Høyere utdanning";65,704;0,61412
"6878";"Norge";"51310211";"5131";9;"Jente";"Høyere utdanning";65,704;1,14969
"6879";"Norge";"51310212";"5131";9;"Jente";"Høyere utdanning";65,704;-0,5055
"6880";"Norge";"51310213";"5131";9;"Gutt";"Kort utdanning";37,63793;0,83429
"6881";"Norge";"51310214";"5131";9;"Gutt";"Høyere utdanning";65,704;1,4296
"6882";"Norge";"51310215";"5131";9;"Jente";"Kort utdanning";65,704;1,00974
"6883";"Norge";"51310216";"5131";9;"Jente";"Høyere utdanning";65,704;1,31764
"6884";"Norge";"51310217";"5131";9;"Jente";"Høyere utdanning";65,704;1,25791
"6885";"Norge";"51310218";"5131";9;"Jente";"Høyere utdanning";65,704;1,68152
"6886";"Norge";"51310219";"5131";9;"Gutt";"Høyere utdanning";65,704;1,56956
"6887";"Norge";"51310220";"5131";9;"Gutt";"Ungdomsskole";37,63793;-3,19813
"6888";"Norge";"51310221";"5131";9;"Gutt";"Høyere utdanning";39,20663;1,68152
"6889";"Norge";"51310222";"5131";9;"Jente";"Høyere utdanning";65,704;0,86979
"6890";"Norge";"51310223";"5131";9;"Jente";"Høyere utdanning";65,704;0,95376
"6891";"Norge";"51310224";"5131";9;"Gutt";"VGS";57,13913;0,60429
"6892";"Norge";"51310225";"5131";9;"Jente";"Høyere utdanning";57,13913;-0,1652
"6893";"Norge";"51310226";"5131";9;"Jente";"Høyere utdanning";65,704;1,34563
"6894";"Norge";"51310227";"5131";9;"Gutt";"Høyere utdanning";65,704;1,17769
"6895";"Norge";"51310228";"5131";9;"Jente";"Høyere utdanning";65,704;1,68152
"6896";"Norge";"51310601";"5131";9;"Gutt";"Høyere utdanning";65,704;0,53015
"6897";"Norge";"51310602";"5131";9;"Jente";"Høyere utdanning";65,704;1,56956
"6898";"Norge";"51310603";"5131";9;"Jente";"Høyere utdanning";65,704;-1,91188
"6899";"Norge";"51310604";"5131";9;"Gutt";"Kort utdanning";65,704;1,68152
"6900";"Norge";"51310605";"5131";9;"Jente";"Høyere utdanning";65,704;0,39019
"6901";"Norge";"51310606";"5131";9;"Jente";"Kort utdanning";65,704;1,68152
"6902";"Norge";"51310607";"5131";9;"Gutt";"VGS";44,59585;1,17769
"6903";"Norge";"51310608";"5131";9;"Gutt";"Høyere utdanning";57,13913;0,25024
"6904";"Norge";"51310609";"5131";9;"Gutt";"Høyere utdanning";65,704;-0,49879
"6905";"Norge";"51310610";"5131";9;"Gutt";"Høyere utdanning";40,85939;-0,91097
"6906";"Norge";"51310611";"5131";9;"Jente";"Høyere utdanning";65,704;1,68152
"6907";"Norge";"51310612";"5131";9;"Jente";"Høyere utdanning";65,704;0,83429
"6908";"Norge";"51310613";"5131";9;"Jente";"Høyere utdanning";65,704;0,92577
"6909";"Norge";"51310614";"5131";9;"Jente";"Ungdomsskole";65,704;0,70184
"6910";"Norge";"51310615";"5131";9;"Jente";"Høyere utdanning";65,704;1,14969
"6911";"Norge";"51310616";"5131";9;"Gutt";"Høyere utdanning";49,42491;0,66687
"6912";"Norge";"51310618";"5131";9;"Gutt";"Høyere utdanning";65,704;1,1217
"6913";"Norge";"51310619";"5131";9;"Jente";"VGS";65,704;-0,39729
"6914";"Norge";"51310620";"5131";9;"Gutt";"Høyere utdanning";42,6371;1,03773
"6915";"Norge";"51310622";"5131";9;"Jente";"Høyere utdanning";65,704;1,56956
"6916";"Norge";"51310624";"5131";9;"Gutt";"Høyere utdanning";57,13913;0,95235
"6917";"Norge";"51310625";"5131";9;"Jente";"Høyere utdanning";65,704;0,86979
"6918";"Norge";"51310626";"5131";9;"Jente";"Høyere utdanning";65,704;0,44993
"6919";"Norge";"51330101";"5133";9;"Jente";"Høyere utdanning";65,704;1,26166
"6920";"Norge";"51330102";"5133";9;"Jente";"Høyere utdanning";65,704;0,33796
"6921";"Norge";"51330103";"5133";9;"Jente";"Høyere utdanning";65,704;-0,64479
"6922";"Norge";"51330104";"5133";9;"Gutt";"VGS";29,89724;-0,9851
"6923";"Norge";"51330105";"5133";9;"Gutt";"VGS";46,81653;-0,39663
"6924";"Norge";"51330106";"5133";9;"Jente";"Kort utdanning";65,704;0,05805
"6925";"Norge";"51330107";"5133";9;"Gutt";"Høyere utdanning";65,704;0,75407
"6926";"Norge";"51330108";"5133";9;"Gutt";"Ungdomsskole";37,63793;0,89778
"6927";"Norge";"51330109";"5133";9;"Jente";"Kort utdanning";65,704;0,64586
"6928";"Norge";"51330110";"5133";9;"Jente";"Høyere utdanning";57,13913;0,89778
"6929";"Norge";"51330111";"5133";9;"Gutt";"VGS";65,704;-1,43229
"6930";"Norge";"51330112";"5133";9;"Jente";"Kort utdanning";65,704;-0,56082
"6931";"Norge";"51330114";"5133";9;"Jente";"Høyere utdanning";65,704;1,56956
"6932";"Norge";"51330115";"5133";9;"Gutt";"VGS";49,42491;-1,4802
"6933";"Norge";"51330116";"5133";9;"Gutt";"VGS";37,63793;0,50591
"6934";"Norge";"51330117";"5133";9;"Gutt";"VGS";39,20663;-0,89671
"6935";"Norge";"51330118";"5133";9;"Gutt";"Ungdomsskole";16,70037;-1,09198
"6936";"Norge";"51330119";"5133";9;"Jente";"Kort utdanning";65,704;-1,39988
"6937";"Norge";"51340201";"5134";9;"Gutt";"Høyere utdanning";40,85939;-1,07282
"6938";"Norge";"51340202";"5134";9;"Jente";"VGS";57,13913;0,53015
"6939";"Norge";"51340203";"5134";9;"Gutt";"Ungdomsskole";37,63793;-1,28792
"6940";"Norge";"51340205";"5134";9;"Gutt";"Høyere utdanning";37,63793;0,41068
"6941";"Norge";"51340206";"5134";9;"Jente";"Høyere utdanning";46,81653;-0,5055
"6942";"Norge";"51340207";"5134";9;"Gutt";"Høyere utdanning";65,704;1,68152
"6943";"Norge";"51340208";"5134";9;"Jente";"Høyere utdanning";65,704;-0,4731
"6944";"Norge";"51340209";"5134";9;"Gutt";"Høyere utdanning";42,6371;0,24927
"6945";"Norge";"51340210";"5134";9;"Gutt";"VGS";46,81653;-1,66167
"6946";"Norge";"51340211";"5134";9;"Annet";"Ungdomsskole";42,6371;-1,9672
"6947";"Norge";"51340212";"5134";9;"Jente";"VGS";65,704;-1,93612
"6948";"Norge";"51340213";"5134";9;"Jente";"Høyere utdanning";52,66245;0,8418
"6949";"Norge";"51340214";"5134";9;"Jente";"Kort utdanning";65,704;1,34563
"6950";"Norge";"51340215";"5134";9;"Gutt";"VGS";44,59585;0,95376
"6951";"Norge";"51340217";"5134";9;"Jente";"Høyere utdanning";65,704;-0,20135
"6952";"Norge";"51340218";"5134";9;"Jente";"Ungdomsskole";36,7728;-3,06683
"6953";"Norge";"51340219";"5134";9;"Jente";"Høyere utdanning";65,704;1,09371
"6954";"Norge";"51340220";"5134";9;"Gutt";"Ungdomsskole";46,81653;0,30247
"6955";"Norge";"51340221";"5134";9;"Gutt";"Høyere utdanning";44,59585;-2,44304
"6956";"Norge";"51340223";"5134";9;"Gutt";"Høyere utdanning";65,704;1,17769
"6957";"Norge";"51340224";"5134";9;"Jente";"Høyere utdanning";65,704;0,27823
"6958";"Norge";"51340225";"5134";9;"Gutt";"Høyere utdanning";49,42491;-1,07282
"6959";"Norge";"51340501";"5134";9;"Jente";"Kort utdanning";65,704;1,00974
"6960";"Norge";"51340503";"5134";9;"Jente";"Høyere utdanning";65,704;0,8418
"6961";"Norge";"51340505";"5134";9;"Gutt";"Kort utdanning";40,85939;-0,6168
"6962";"Norge";"51340506";"5134";9;"Gutt";"VGS";44,59585;-2,89023
"6963";"Norge";"51340510";"5134";9;"Jente";"Ungdomsskole";44,59585;-0,14096
"6964";"Norge";"51340513";"5134";9;"Gutt";"Kort utdanning";65,704;-0,64479
"6965";"Norge";"51340514";"5134";9;"Gutt";"VGS";42,6371;0,58988
"6966";"Norge";"51340515";"5134";9;"Jente";"Kort utdanning";65,704;-1,77804
"6967";"Norge";"51340516";"5134";9;"Gutt";"Høyere utdanning";37,63793;0,92577
"6968";"Norge";"51340517";"5134";9;"Jente";"Kort utdanning";65,704;0,36595
"6969";"Norge";"51340519";"5134";9;"Gutt";"Høyere utdanning";44,59585;0,27823
"6970";"Norge";"51340522";"5134";9;"Jente";"Høyere utdanning";65,704;1,25791
"6971";"Norge";"51340524";"5134";9;"Gutt";"Kort utdanning";52,66245;-1,26434
"6972";"Norge";"51340525";"5134";9;"Gutt";"Kort utdanning";37,63793;1,25791
"6973";"Norge";"51340527";"5134";9;"Gutt";"Høyere utdanning";52,66245;0,69809
"6974";"Norge";"51340529";"5134";9;"Jente";"Kort utdanning";37,63793;-0,0952
"6975";"Norge";"51350101";"5135";9;"Gutt";"Ungdomsskole";65,704;-0,57426
"6976";"Norge";"51350102";"5135";9;"Gutt";"Ungdomsskole";37,63793;0,10653
"6977";"Norge";"51350103";"5135";9;"Jente";"VGS";39,08448;-0,28091
"6978";"Norge";"51350104";"5135";9;"Jente";"Kort utdanning";57,13913;0,36595
"6979";"Norge";"51350106";"5135";9;"Gutt";"Høyere utdanning";42,6371;0,61478
"6980";"Norge";"51350107";"5135";9;"Jente";"Kort utdanning";42,6371;0,13828
"6981";"Norge";"51350109";"5135";9;"Jente";"Høyere utdanning";65,704;0,86979
"6982";"Norge";"51350110";"5135";9;"Jente";"Høyere utdanning";57,13913;0,58613
"6983";"Norge";"51350111";"5135";9;"Jente";"Høyere utdanning";65,704;0,95376
"6984";"Norge";"51350112";"5135";9;"Jente";"Høyere utdanning";65,704;0,44617
"6985";"Norge";"51350113";"5135";9;"Jente";"VGS";46,81653;-1,15679
"6986";"Norge";"51350115";"5135";9;"Gutt";"VGS";36,11853;0,30622
"6987";"Norge";"51350116";"5135";9;"Jente";"Høyere utdanning";65,704;-0,19694
"6988";"Norge";"51350117";"5135";9;"Gutt";"Høyere utdanning";57,13913;0,36595
"6989";"Norge";"51350118";"5135";9;"Gutt";"Høyere utdanning";36,11853;1,68152
"6990";"Norge";"51350119";"5135";9;"Jente";"Høyere utdanning";49,42491;0,89778
"6991";"Norge";"51350120";"5135";9;"Jente";"VGS";65,704;0,72608
"6992";"Norge";"51350121";"5135";9;"Jente";"Høyere utdanning";65,704;0,36595
"6993";"Norge";"51350123";"5135";9;"Jente";"Høyere utdanning";65,704;1,09371
"6994";"Norge";"51350124";"5135";9;"Gutt";"Høyere utdanning";39,1605;-1,09801
"6995";"Norge";"51350125";"5135";9;"Gutt";"Høyere utdanning";46,81653;-0,42067
"6996";"Norge";"51350126";"5135";9;"Jente";"Høyere utdanning";65,704;0,08229
"6997";"Norge";"51350127";"5135";9;"Gutt";"Høyere utdanning";65,704;0,02698
"6998";"Norge";"51350128";"5135";9;"Gutt";"Høyere utdanning";40,85939;-0,30957
"6999";"Norge";"51350129";"5135";9;"Gutt";"Høyere utdanning";39,20663;0,75782
"7000";"Norge";"51350130";"5135";9;"Gutt";"Kort utdanning";29,89724;1,12237
"7001";"Norge";"51350401";"5135";9;"Gutt";"Høyere utdanning";36,11853;-0,84073
"7002";"Norge";"51350402";"5135";9;"Jente";"Høyere utdanning";65,704;-0,05765
"7003";"Norge";"51350403";"5135";9;"Gutt";"Kort utdanning";42,6371;0,05055
"7004";"Norge";"51350404";"5135";9;"Jente";"Høyere utdanning";65,704;1,17769
"7005";"Norge";"51350405";"5135";9;"Jente";"Høyere utdanning";65,704;-1,17596
"7006";"Norge";"51350406";"5135";9;"Jente";"Høyere utdanning";65,704;0,30622
"7007";"Norge";"51350408";"5135";9;"Gutt";"Ungdomsskole";36,11853;-1,12606
"7008";"Norge";"51350409";"5135";9;"Jente";"Kort utdanning";65,704;0,16252
"7009";"Norge";"51350410";"5135";9;"Gutt";"Ungdomsskole";40,85939;0,51362
"7010";"Norge";"51350411";"5135";9;"Gutt";"VGS";40,85939;-0,08056
"7011";"Norge";"51350414";"5135";9;"Jente";"Ungdomsskole";65,704;0,72983
"7012";"Norge";"51350416";"5135";9;"Gutt";"Høyere utdanning";36,11853;0,70184
"7013";"Norge";"51350417";"5135";9;"Jente";"Kort utdanning";49,42491;0,61412
"7014";"Norge";"51350418";"5135";9;"Jente";"Høyere utdanning";65,704;-1,18037
"7015";"Norge";"51350419";"5135";9;"Jente";"Høyere utdanning";65,704;-0,05765
"7016";"Norge";"51350422";"5135";9;"Gutt";"Høyere utdanning";40,85939;0,69809
"7017";"Norge";"51350423";"5135";9;"Gutt";"Kort utdanning";52,66245;-0,05765
"7018";"Norge";"51350424";"5135";9;"Jente";"VGS";65,704;-1,2077
"7019";"Norge";"51350425";"5135";9;"Gutt";"Kort utdanning";65,704;0,53015
"7020";"Norge";"51350426";"5135";9;"Gutt";"VGS";42,6371;-1,2077
"7021";"Norge";"51350428";"5135";9;"Gutt";"Kort utdanning";46,25673;-0,11738
"7022";"Norge";"51350429";"5135";9;"Jente";"Kort utdanning";65,704;0,8418
"7023";"Norge";"51390101";"5139";9;"Jente";"Ungdomsskole";65,704;-0,1797
"7024";"Norge";"51390102";"5139";9;"Gutt";"VGS";39,20663;-1,53701
"7025";"Norge";"51390103";"5139";9;"Gutt";"VGS";52,66245;-1,03225
"7026";"Norge";"51390104";"5139";9;"Jente";"VGS";65,704;-1,7955
"7027";"Norge";"51390107";"5139";9;"Jente";"Kort utdanning";65,704;0,89778
"7028";"Norge";"51390108";"5139";9;"Jente";"Ungdomsskole";65,704;-1,90747
"7029";"Norge";"51390109";"5139";9;"Gutt";"Ungdomsskole";40,85939;0,47792
"7030";"Norge";"51390110";"5139";9;"Gutt";"VGS";57,13913;-0,98002
"7031";"Norge";"51390111";"5139";9;"Annet";"Kort utdanning";30,57856;-1,2458
"7032";"Norge";"51390112";"5139";9;"Jente";"Høyere utdanning";65,704;-0,28533
"7033";"Norge";"51390113";"5139";9;"Gutt";"Ungdomsskole";37,63793;0,27823
"7034";"Norge";"51390114";"5139";9;"Gutt";"Ungdomsskole";36,98389;1,05095
"7035";"Norge";"51390115";"5139";9;"Gutt";"Høyere utdanning";44,59585;-0,08189
"7036";"Norge";"51390116";"5139";9;"Gutt";"Ungdomsskole";65,704;-0,14096
"7037";"Norge";"51390117";"5139";9;"Jente";"Høyere utdanning";65,704;0,89778
"7038";"Norge";"51390118";"5139";9;"Gutt";"Ungdomsskole";42,6371;-0,90487
"7039";"Norge";"51390119";"5139";9;"Jente";"Høyere utdanning";52,66245;1,14969
"7040";"Norge";"51390120";"5139";9;"Gutt";"Høyere utdanning";40,85939;0,64586
"7041";"Norge";"51390201";"5139";9;"Gutt";"VGS";42,6371;-0,55641
"7042";"Norge";"51390203";"5139";9;"Gutt";"VGS";46,81653;0,13828
"7043";"Norge";"51390204";"5139";9;"Jente";"Høyere utdanning";57,13913;0,41818
"7044";"Norge";"51390205";"5139";9;"Gutt";"VGS";65,704;-0,25292
"7045";"Norge";"51390206";"5139";9;"Gutt";"VGS";52,66245;-1,90747
"7046";"Norge";"51390207";"5139";9;"Jente";"Kort utdanning";65,704;-0,22118
"7047";"Norge";"51390208";"5139";9;"Jente";"Ungdomsskole";65,704;-1,03225
"7048";"Norge";"51390210";"5139";9;"Gutt";"VGS";33,11239;-1,84773
"7049";"Norge";"51390211";"5139";9;"Jente";"Ungdomsskole";65,704;0,36595
"7050";"Norge";"51390212";"5139";9;"Jente";"Høyere utdanning";65,704;-1,20395
"7051";"Norge";"51390213";"5139";9;"Jente";"Høyere utdanning";65,704;1,30023
"7052";"Norge";"51390214";"5139";9;"Gutt";"Kort utdanning";42,6371;-0,59322
"7053";"Norge";"51390215";"5139";9;"Jente";"VGS";57,13913;0,36595
"7054";"Norge";"51390216";"5139";9;"Jente";"Kort utdanning";52,66245;-0,05765
"7055";"Norge";"51390217";"5139";9;"Gutt";"VGS";42,6371;0,11404
"7056";"Norge";"51390218";"5139";9;"Gutt";"VGS";52,66245;-1,45586
"7057";"Norge";"51390219";"5139";9;"Gutt";"Kort utdanning";49,42491;-1,90747
"7058";"Norge";"51400201";"5140";9;"Gutt";"VGS";37,63793;0,41818
"7059";"Norge";"51400203";"5140";9;"Gutt";"VGS";37,63793;-0,6168
"7060";"Norge";"51400204";"5140";9;"Gutt";"VGS";65,704;-1,7115
"7061";"Norge";"51400205";"5140";9;"Gutt";"Kort utdanning";33,11239;0,89403
"7062";"Norge";"51400206";"5140";9;"Gutt";"Kort utdanning";65,704;-0,10856
"7063";"Norge";"51400207";"5140";9;"Jente";"Høyere utdanning";65,704;1,68152
"7064";"Norge";"51400208";"5140";9;"Jente";"VGS";46,81653;-2,30309
"7065";"Norge";"51400209";"5140";9;"Jente";"Høyere utdanning";65,704;0,89778
"7066";"Norge";"51400212";"5140";9;"Jente";"Kort utdanning";65,704;0,36595
"7067";"Norge";"51400213";"5140";9;"Jente";"Ungdomsskole";65,704;0,58613
"7068";"Norge";"51400214";"5140";9;"Jente";"Høyere utdanning";65,704;-0,08564
"7069";"Norge";"51400215";"5140";9;"Gutt";"Høyere utdanning";65,704;1,03773
"7070";"Norge";"51400216";"5140";9;"Gutt";"Kort utdanning";57,13913;-0,68163
"7071";"Norge";"51400217";"5140";9;"Jente";"VGS";37,63793;-1,01684
"7072";"Norge";"51400218";"5140";9;"Gutt";"Ungdomsskole";65,704;1,68152
"7073";"Norge";"51400219";"5140";9;"Jente";"VGS";52,66245;0,39394
"7074";"Norge";"51400220";"5140";9;"Jente";"VGS";65,704;-1,12064
"7075";"Norge";"51400221";"5140";9;"Gutt";"Ungdomsskole";42,6371;1,25791
"7076";"Norge";"51400222";"5140";9;"Jente";"Høyere utdanning";65,704;1,31764
"7077";"Norge";"51400223";"5140";9;"Jente";"Høyere utdanning";57,13913;-0,37305
"7078";"Norge";"51400224";"5140";9;"Gutt";"Høyere utdanning";65,704;-0,50484
"7079";"Norge";"51400225";"5140";9;"Jente";"Høyere utdanning";65,704;0,89778
"7080";"Norge";"51400226";"5140";9;"Annet";"VGS";65,704;0,67385
"7081";"Norge";"51400301";"5140";9;"Gutt";"Høyere utdanning";44,59585;-0,00542
"7082";"Norge";"51400303";"5140";9;"Gutt";"Høyere utdanning";40,85939;-1,20696
"7083";"Norge";"51400304";"5140";9;"Gutt";"Kort utdanning";34,6202;0,56189
"7084";"Norge";"51400305";"5140";9;"Jente";"Høyere utdanning";40,85939;-0,0614
"7085";"Norge";"51400306";"5140";9;"Gutt";"Kort utdanning";37,63793;-1,18103
"7086";"Norge";"51400307";"5140";9;"Gutt";"VGS";36,11853;0,2025
"7087";"Norge";"51400308";"5140";9;"Gutt";"Høyere utdanning";37,63793;0,44993
"7088";"Norge";"51400309";"5140";9;"Jente";"Høyere utdanning";65,704;0,89778
"7089";"Norge";"51400310";"5140";9;"Jente";"Ungdomsskole";52,66245;-0,781
"7090";"Norge";"51400311";"5140";9;"Jente";"Ungdomsskole";62,87645;0,61853
"7091";"Norge";"51400312";"5140";9;"Gutt";"Kort utdanning";57,13913;-0,9247
"7092";"Norge";"51400313";"5140";9;"Gutt";"Høyere utdanning";39,20663;0,8418
"7093";"Norge";"51400314";"5140";9;"Jente";"Høyere utdanning";65,704;0,33421
"7094";"Norge";"51400318";"5140";9;"Jente";"Ungdomsskole";37,63793;-0,6168
"7095";"Norge";"51400319";"5140";9;"Jente";"Ungdomsskole";57,13913;0,8418
"7096";"Norge";"51400321";"5140";9;"Jente";"Høyere utdanning";49,42491;1,31764
"7097";"Norge";"51400322";"5140";9;"Gutt";"Høyere utdanning";37,63793;0,95376
"7098";"Norge";"51400323";"5140";9;"Gutt";"Høyere utdanning";65,704;0,27823
"7099";"Norge";"51400324";"5140";9;"Gutt";"Ungdomsskole";39,20663;1,00974
"7100";"Norge";"51400326";"5140";9;"Jente";"Høyere utdanning";65,704;0,02631
"7101";"Norge";"51410101";"5141";9;"Jente";"Høyere utdanning";65,704;0,89778
"7102";"Norge";"51410102";"5141";9;"Jente";"Høyere utdanning";65,704;0,25024
"7103";"Norge";"51410103";"5141";9;"Gutt";"Kort utdanning";49,42491;0,0808
"7104";"Norge";"51410104";"5141";9;"Gutt";"Kort utdanning";65,704;-2,6943
"7105";"Norge";"51410105";"5141";9;"Jente";"Høyere utdanning";65,704;0,89778
"7106";"Norge";"51410106";"5141";9;"Jente";"Høyere utdanning";65,704;0,8418
"7107";"Norge";"51410107";"5141";9;"Jente";"Høyere utdanning";65,704;0,31063
"7108";"Norge";"51410108";"5141";9;"Jente";"Ungdomsskole";57,13913;-0,28091
"7109";"Norge";"51410110";"5141";9;"Gutt";"Høyere utdanning";49,42491;0,95376
"7110";"Norge";"51410113";"5141";9;"Jente";"Høyere utdanning";65,704;0,8418
"7111";"Norge";"51410114";"5141";9;"Jente";"VGS";44,59585;-0,26109
"7112";"Norge";"51410116";"5141";9;"Gutt";"Høyere utdanning";52,66245;0,89778
"7113";"Norge";"51410118";"5141";9;"Jente";"VGS";42,6371;-1,88323
"7114";"Norge";"51410119";"5141";9;"Jente";"Ungdomsskole";49,42491;0,53015
"7115";"Norge";"51410120";"5141";9;"Jente";"Høyere utdanning";65,704;0,58988
"7116";"Norge";"51410121";"5141";9;"Gutt";"Kort utdanning";37,63793;0,27514
"7117";"Norge";"51410301";"5141";9;"Gutt";"Høyere utdanning";49,42491;0,27823
"7118";"Norge";"51410302";"5141";9;"Gutt";"Høyere utdanning";44,59585;0,89778
"7119";"Norge";"51410303";"5141";9;"Gutt";"Ungdomsskole";42,6371;-0,47751
"7120";"Norge";"51410304";"5141";9;"Gutt";"Ungdomsskole";37,63793;0,81381
"7121";"Norge";"51410305";"5141";9;"Gutt";"Høyere utdanning";65,704;0,78581
"7122";"Norge";"51410306";"5141";9;"Gutt";"Høyere utdanning";44,59585;1,00974
"7123";"Norge";"51410307";"5141";9;"Gutt";"Ungdomsskole";65,704;0,33862
"7124";"Norge";"51410308";"5141";9;"Gutt";"VGS";25,77277;0,25024
"7125";"Norge";"51410309";"5141";9;"Jente";"Høyere utdanning";65,704;0,67385
"7126";"Norge";"51410310";"5141";9;"Gutt";"Ungdomsskole";46,81653;0,13828
"7127";"Norge";"51410311";"5141";9;"Jente";"Høyere utdanning";42,6371;-1,17971
"7128";"Norge";"51410312";"5141";9;"Gutt";"Ungdomsskole";65,704;-0,19319
"7129";"Norge";"51410313";"5141";9;"Jente";"Ungdomsskole";65,704;-0,33689
"7130";"Norge";"51410314";"5141";9;"Gutt";"Høyere utdanning";65,704;-0,14537
"7131";"Norge";"51410315";"5141";9;"Jente";"VGS";52,66245;-1,00426
"7132";"Norge";"51410316";"5141";9;"Gutt";"Høyere utdanning";65,704;0,95376
"7133";"Norge";"51410317";"5141";9;"Jente";"Kort utdanning";65,704;1,31764
"7134";"Norge";"51410318";"5141";9;"Jente";"Kort utdanning";57,13913;0,17068
"7135";"Norge";"51410319";"5141";9;"Jente";"Høyere utdanning";65,704;-2,36805
"7136";"Norge";"51410321";"5141";9;"Jente";"Høyere utdanning";65,704;-0,42903
"7137";"Norge";"51410322";"5141";9;"Jente";"Kort utdanning";65,704;-0,92779
"7138";"Norge";"51420101";"5142";9;"Jente";"Høyere utdanning";57,13913;1,26166
"7139";"Norge";"51420103";"5142";9;"Gutt";"Kort utdanning";37,63793;0,64586
"7140";"Norge";"51420104";"5142";9;"Jente";"Høyere utdanning";65,704;0,30997
"7141";"Norge";"51420105";"5142";9;"Gutt";"Høyere utdanning";57,13913;0,89778
"7142";"Norge";"51420106";"5142";9;"Jente";"Høyere utdanning";65,704;-0,8923
"7143";"Norge";"51420107";"5142";9;"Gutt";"Ungdomsskole";39,20663;0,39394
"7144";"Norge";"51420108";"5142";9;"Gutt";"VGS";65,06482;0,3622
"7145";"Norge";"51420109";"5142";9;"Gutt";"Høyere utdanning";46,81653;0,89778
"7146";"Norge";"51420110";"5142";9;"Jente";"Høyere utdanning";57,13913;0,81381
"7147";"Norge";"51420112";"5142";9;"Gutt";"VGS";44,59585;0,95376
"7148";"Norge";"51420113";"5142";9;"Jente";"Høyere utdanning";57,13913;0,27823
"7149";"Norge";"51420114";"5142";9;"Jente";"Høyere utdanning";65,704;0,50657
"7150";"Norge";"51420115";"5142";9;"Jente";"Kort utdanning";65,704;0,36595
"7151";"Norge";"51420116";"5142";9;"Jente";"Høyere utdanning";65,704;1,34563
"7152";"Norge";"51420117";"5142";9;"Gutt";"Høyere utdanning";46,81653;0,8418
"7153";"Norge";"51420119";"5142";9;"Gutt";"Kort utdanning";57,13913;0,41818
"7154";"Norge";"51420121";"5142";9;"Gutt";"Høyere utdanning";65,704;0,17068
"7155";"Norge";"51420122";"5142";9;"Jente";"Høyere utdanning";65,704;0,78581
"7156";"Norge";"51420124";"5142";9;"Jente";"Høyere utdanning";65,704;0,89778
"7157";"Norge";"51420125";"5142";9;"Jente";"Ungdomsskole";65,704;-1,67979
"7158";"Norge";"51420127";"5142";9;"Gutt";"Ungdomsskole";37,63793;0,28264
"7159";"Norge";"51420128";"5142";9;"Gutt";"Høyere utdanning";65,704;-0,11252
"7160";"Norge";"51420129";"5142";9;"Jente";"Høyere utdanning";57,13913;0,95376
"7161";"Norge";"51430101";"5143";9;"Gutt";"VGS";44,59585;-0,61239
"7162";"Norge";"51430102";"5143";9;"Jente";"VGS";65,704;-3,01255
"7163";"Norge";"51430103";"5143";9;"Jente";"Høyere utdanning";65,704;0,89778
"7164";"Norge";"51430104";"5143";9;"Jente";"Høyere utdanning";65,704;1,09371
"7165";"Norge";"51430107";"5143";9;"Gutt";"VGS";37,63793;0,8418
"7166";"Norge";"51430110";"5143";9;"Gutt";"Kort utdanning";57,13913;-0,19319
"7167";"Norge";"51430113";"5143";9;"Jente";"Ungdomsskole";65,704;-0,42087
"7168";"Norge";"51430114";"5143";9;"Jente";"Høyere utdanning";65,704;-0,513
"7169";"Norge";"51430115";"5143";9;"Gutt";"Høyere utdanning";39,20663;-0,2765
"7170";"Norge";"51430116";"5143";9;"Jente";"Høyere utdanning";65,704;-1,76751
"7171";"Norge";"51430117";"5143";9;"Annet";"Høyere utdanning";37,63793;-1,036
"7172";"Norge";"51430120";"5143";9;"Gutt";"Kort utdanning";65,704;0,8418
"7173";"Norge";"51430122";"5143";9;"Jente";"Kort utdanning";65,704;0,22225
"7174";"Norge";"51430123";"5143";9;"Jente";"Kort utdanning";65,704;-0,33689
"7175";"Norge";"51430124";"5143";9;"Jente";"Høyere utdanning";65,704;-0,0539
"7176";"Norge";"51430126";"5143";9;"Gutt";"Kort utdanning";65,704;0,1147
"7177";"Norge";"51430201";"5143";9;"Gutt";"Høyere utdanning";65,704;-1,00867
"7178";"Norge";"51430202";"5143";9;"Gutt";"Høyere utdanning";65,704;-0,86806
"7179";"Norge";"51430205";"5143";9;"Gutt";"Høyere utdanning";42,6371;0,25024
"7180";"Norge";"51430207";"5143";9;"Jente";"Kort utdanning";52,66245;-1,32032
"7181";"Norge";"51430208";"5143";9;"Gutt";"VGS";40,85939;-1,85148
"7182";"Norge";"51430209";"5143";9;"Jente";"Høyere utdanning";65,704;0,8418
"7183";"Norge";"51430214";"5143";9;"Jente";"Kort utdanning";65,704;-0,64479
"7184";"Norge";"51430216";"5143";9;"Jente";"VGS";65,704;-0,19319
"7185";"Norge";"51430217";"5143";9;"Gutt";"Høyere utdanning";46,81653;0,47417
"7186";"Norge";"51430218";"5143";9;"Gutt";"Høyere utdanning";39,20663;-0,05765
"7187";"Norge";"51430221";"5143";9;"Jente";"Kort utdanning";65,704;-1,29233
"7188";"Norge";"51430225";"5143";9;"Gutt";"Høyere utdanning";44,59585;-0,17336
"7189";"Norge";"51430226";"5143";9;"Jente";"Kort utdanning";65,704;0,81381
"7190";"Norge";"51440102";"5144";9;"Gutt";"Kort utdanning";65,704;-0,42903
"7191";"Norge";"51440104";"5144";9;"Jente";"Høyere utdanning";57,13913;-1,99144
"7192";"Norge";"51440106";"5144";9;"Gutt";"VGS";40,85939;-2,19112
"7193";"Norge";"51440109";"5144";9;"Jente";"Høyere utdanning";65,704;-2,62733
"7194";"Norge";"51440111";"5144";9;"Jente";"Kort utdanning";65,704;0,89778
"7195";"Norge";"51440112";"5144";9;"Gutt";"Kort utdanning";42,6371;0,61787
"7196";"Norge";"51440114";"5144";9;"Jente";"Høyere utdanning";65,704;-0,08498
"7197";"Norge";"51440115";"5144";9;"Jente";"Høyere utdanning";65,704;-2,19112
"7198";"Norge";"51440116";"5144";9;"Jente";"Kort utdanning";65,704;0,36595
"7199";"Norge";"51440117";"5144";9;"Gutt";"Ungdomsskole";37,63793;0,78581
"7200";"Norge";"51440121";"5144";9;"Gutt";"Høyere utdanning";52,66245;1,00974
"7201";"Norge";"51440123";"5144";9;"Gutt";"Høyere utdanning";65,704;0,19426
"7202";"Norge";"51440125";"5144";9;"Jente";"VGS";65,704;-0,59322
"7203";"Norge";"51440301";"5144";9;"Annet";"Høyere utdanning";37,63793;-0,46144
"7204";"Norge";"51440303";"5144";9;"Jente";"Høyere utdanning";62,87645;-0,05765
"7205";"Norge";"51440304";"5144";9;"Jente";"Høyere utdanning";65,704;1,17769
"7206";"Norge";"51440305";"5144";9;"Jente";"Høyere utdanning";65,704;0,41443
"7207";"Norge";"51440306";"5144";9;"Jente";"Høyere utdanning";65,704;0,58613
"7208";"Norge";"51440307";"5144";9;"Jente";"VGS";65,704;-1,48827
"7209";"Norge";"51440308";"5144";9;"Jente";"VGS";65,704;-0,42903
"7210";"Norge";"51440309";"5144";9;"Jente";"Høyere utdanning";65,704;1,34563
"7211";"Norge";"51440310";"5144";9;"Jente";"Kort utdanning";65,704;0,8418
"7212";"Norge";"51440312";"5144";9;"Annet";"VGS";65,704;1,68152
"7213";"Norge";"51440314";"5144";9;"Jente";"Høyere utdanning";65,704;0,27823
"7214";"Norge";"51440315";"5144";9;"Gutt";"VGS";42,6371;0,3308
"7215";"Norge";"51440317";"5144";9;"Gutt";"Ungdomsskole";37,63793;0,30247
"7216";"Norge";"51440318";"5144";9;"Jente";"Høyere utdanning";65,704;1,17769
"7217";"Norge";"51440319";"5144";9;"Jente";"Høyere utdanning";65,704;-0,90046
"7218";"Norge";"51440320";"5144";9;"Gutt";"Høyere utdanning";39,20663;1,17393
"7219";"Norge";"51440321";"5144";9;"Jente";"Høyere utdanning";57,13913;0,89778
"7220";"Norge";"51440322";"5144";9;"Jente";"Høyere utdanning";42,6371;-0,029
"7221";"Norge";"51440324";"5144";9;"Jente";"Høyere utdanning";65,704;1,68152
"7222";"Norge";"51440325";"5144";9;"Jente";"Høyere utdanning";57,13913;-0,42903
"7223";"Norge";"51440326";"5144";9;"Gutt";"Kort utdanning";37,63793;-2,30309
"7224";"Norge";"51440327";"5144";9;"Jente";"Høyere utdanning";49,42491;0,11404
"7225";"Norge";"51470101";"5147";9;"Gutt";"Kort utdanning";49,42491;0,41818
"7226";"Norge";"51470102";"5147";9;"Jente";"Ungdomsskole";65,704;0,89778
"7227";"Norge";"51470103";"5147";9;"Gutt";"Høyere utdanning";65,704;0,44993
"7228";"Norge";"51470104";"5147";9;"Gutt";"Høyere utdanning";65,704;1,68152
"7229";"Norge";"51470105";"5147";9;"Gutt";"Kort utdanning";42,6371;0,08229
"7230";"Norge";"51470106";"5147";9;"Jente";"Høyere utdanning";65,704;1,68152
"7231";"Norge";"51470107";"5147";9;"Jente";"Ungdomsskole";65,704;-0,22149
"7232";"Norge";"51470108";"5147";9;"Gutt";"Høyere utdanning";65,704;1,68152
"7233";"Norge";"51470109";"5147";9;"Gutt";"VGS";42,3575;0,7025
"7234";"Norge";"51470110";"5147";9;"Jente";"Høyere utdanning";37,63793;0,92479
"7235";"Norge";"51480406";"5148";9;"Jente";"Høyere utdanning";65,704;-0,17336
"7236";"Norge";"51480409";"5148";9;"Gutt";"VGS";37,63793;1,00974
"7237";"Norge";"51480411";"5148";9;"Gutt";"Ungdomsskole";65,704;-3,16902
"7238";"Norge";"51480414";"5148";9;"Jente";"Ungdomsskole";42,6371;0,67385
"7239";"Norge";"51480415";"5148";9;"Jente";"Høyere utdanning";65,704;-0,08939
"7240";"Norge";"51480416";"5148";9;"Gutt";"Høyere utdanning";65,704;-0,48126
"7241";"Norge";"51480419";"5148";9;"Jente";"Ungdomsskole";33,11239;0,03228
"7242";"Norge";"51480806";"5148";9;"Jente";"Høyere utdanning";34,6202;-1,26809
"7243";"Norge";"51480807";"5148";9;"Jente";"Høyere utdanning";57,13913;-0,05765
"7244";"Norge";"51480809";"5148";9;"Gutt";"Høyere utdanning";37,63793;0,67385
"7245";"Norge";"51480810";"5148";9;"Gutt";"Ungdomsskole";65,704;-0,28533
"7246";"Norge";"51480812";"5148";9;"Gutt";"Ungdomsskole";33,11239;-0,86872
"7247";"Norge";"51480816";"5148";9;"Jente";"Høyere utdanning";40,15258;0,01
"7248";"Norge";"51480818";"5148";9;"Gutt";"Ungdomsskole";37,63793;-2,51018
"7249";"Norge";"51490201";"5149";9;"Gutt";"Høyere utdanning";57,13913;0,19426
"7250";"Norge";"51490204";"5149";9;"Gutt";"Høyere utdanning";40,85939;1,14969
"7251";"Norge";"51490205";"5149";9;"Gutt";"Kort utdanning";39,20663;1,4296
"7252";"Norge";"51490206";"5149";9;"Gutt";"Høyere utdanning";57,13913;1,40161
"7253";"Norge";"51490207";"5149";9;"Gutt";"Høyere utdanning";37,63793;1,17769
"7254";"Norge";"51490208";"5149";9;"Jente";"Høyere utdanning";65,704;1,26166
"7255";"Norge";"51490209";"5149";9;"Gutt";"Høyere utdanning";49,42491;1,68152
"7256";"Norge";"51490211";"5149";9;"Jente";"Kort utdanning";57,13913;0,72983
"7257";"Norge";"51490213";"5149";9;"Jente";"Ungdomsskole";65,704;-0,90487
"7258";"Norge";"51490214";"5149";9;"Jente";"Ungdomsskole";65,704;0,64586
"7259";"Norge";"51490215";"5149";9;"Jente";"Kort utdanning";42,6371;1,59755
"7260";"Norge";"51490217";"5149";9;"Jente";"Ungdomsskole";65,704;-0,56148
"7261";"Norge";"51490218";"5149";9;"Jente";"Ungdomsskole";65,704;1,17769
"7262";"Norge";"51490221";"5149";9;"Jente";"Høyere utdanning";65,704;0,61412
"7263";"Norge";"51490222";"5149";9;"Gutt";"Høyere utdanning";37,63793;-0,87313
"7264";"Norge";"51490223";"5149";9;"Jente";"VGS";44,59585;-0,42087
"7265";"Norge";"51490224";"5149";9;"Gutt";"Høyere utdanning";52,66245;0,72983
"7266";"Norge";"51490225";"5149";9;"Gutt";"Kort utdanning";49,42491;0,25465
"7267";"Norge";"51490226";"5149";9;"Gutt";"VGS";37,63793;-0,0539
"7268";"Norge";"51490227";"5149";9;"Jente";"Høyere utdanning";65,704;0,29872
"7269";"Norge";"51490228";"5149";9;"Gutt";"Høyere utdanning";46,81653;1,23367
"7270";"Norge";"51490229";"5149";9;"Jente";"Høyere utdanning";65,704;0,86979
"7271";"Norge";"51490230";"5149";9;"Gutt";"Høyere utdanning";40,85939;1,17769
"7272";"Norge";"51490231";"5149";9;"Jente";"Høyere utdanning";65,704;0,49626
"7273";"Norge";"51490234";"5149";9;"Jente";"Høyere utdanning";65,704;1,14969
"7274";"Norge";"51490235";"5149";9;"Gutt";"Ungdomsskole";44,59585;1,49932
"7275";"Norge";"51490236";"5149";9;"Gutt";"Ungdomsskole";65,704;0,47417
"7276";"Norge";"51490237";"5149";9;"Gutt";"Høyere utdanning";40,85939;0,99498
"7277";"Norge";"51490238";"5149";9;"Gutt";"Høyere utdanning";65,704;0,95376
"7278";"Norge";"51490239";"5149";9;"Gutt";"Høyere utdanning";65,704;1,31764
"7279";"Norge";"51490240";"5149";9;"Jente";"Høyere utdanning";65,704;1,26166
"7280";"Norge";"51490241";"5149";9;"Gutt";"Kort utdanning";36,11853;0,8345
"7281";"Norge";"51490242";"5149";9;"Jente";"Kort utdanning";65,704;0,89778
"7282";"Norge";"51490243";"5149";9;"Gutt";"Kort utdanning";52,66245;0,39461
"7283";"Norge";"51490245";"5149";9;"Jente";"VGS";52,66245;0,95376
"7284";"Norge";"51490246";"5149";9;"Jente";"Høyere utdanning";49,42491;0,8418
"7285";"Norge";"51490247";"5149";9;"Jente";"VGS";65,704;-0,4482
"7286";"Norge";"51490248";"5149";9;"Gutt";"Høyere utdanning";42,6371;0,6701
"7287";"Norge";"51490249";"5149";9;"Jente";"Høyere utdanning";65,704;0,8418
"7288";"Norge";"51490250";"5149";9;"Gutt";"Høyere utdanning";52,66245;0,78581
"7289";"Norge";"51490251";"5149";9;"Jente";"Ungdomsskole";65,704;0,50216
"7290";"Norge";"51490252";"5149";9;"Gutt";"Ungdomsskole";35,92356;-1,03193
"7291";"Norge";"51490253";"5149";9;"Gutt";"Høyere utdanning";42,6371;-0,00542
"7292";"Norge";"51490255";"5149";9;"Gutt";"Ungdomsskole";40,85939;1,00974
"7293";"Norge";"51490256";"5149";9;"Jente";"Høyere utdanning";37,63793;0,58613
"7294";"Norge";"51490258";"5149";9;"Jente";"Ungdomsskole";65,704;0,44617
"7295";"Norge";"51490260";"5149";9;"Jente";"Høyere utdanning";49,42491;0,05497
"7296";"Norge";"51490262";"5149";9;"Jente";"Høyere utdanning";65,704;1,68152
"7297";"Norge";"51490263";"5149";9;"Gutt";"Kort utdanning";37,63793;0,72983
"7298";"Norge";"51490264";"5149";9;"Gutt";"Kort utdanning";57,13913;-0,05324
"7299";"Norge";"51490265";"5149";9;"Jente";"Høyere utdanning";65,704;1,34563
"7300";"Norge";"51490301";"5149";9;"Annet";"Ungdomsskole";49,42491;0,36595
"7301";"Norge";"51490302";"5149";9;"Jente";"Kort utdanning";65,704;1,09371
"7302";"Norge";"51490303";"5149";9;"Jente";"Høyere utdanning";65,704;0,41818
"7303";"Norge";"51490304";"5149";9;"Jente";"Ungdomsskole";44,59585;-2,13196
"7304";"Norge";"51490305";"5149";9;"Jente";"Høyere utdanning";65,704;1,03773
"7305";"Norge";"51490306";"5149";9;"Gutt";"VGS";46,81653;-1,18103
"7306";"Norge";"51490307";"5149";9;"Annet";"Høyere utdanning";65,704;0,83429
"7307";"Norge";"51490308";"5149";9;"Jente";"Kort utdanning";65,704;1,28965
"7308";"Norge";"51490309";"5149";9;"Jente";"Ungdomsskole";65,704;1,03773
"7309";"Norge";"51490310";"5149";9;"Jente";"Høyere utdanning";65,704;0,56189
"7310";"Norge";"51490312";"5149";9;"Jente";"Høyere utdanning";65,704;1,06572
"7311";"Norge";"51490313";"5149";9;"Gutt";"Høyere utdanning";37,63793;1,12237
"7312";"Norge";"51490314";"5149";9;"Gutt";"VGS";65,704;-0,13149
"7313";"Norge";"51490315";"5149";9;"Jente";"Høyere utdanning";65,704;0,78581
"7314";"Norge";"51490316";"5149";9;"Jente";"VGS";65,704;1,31764
"7315";"Norge";"51490318";"5149";9;"Gutt";"Ungdomsskole";37,63793;1,14594
"7316";"Norge";"51490319";"5149";9;"Jente";"Høyere utdanning";65,704;1,17769
"7317";"Norge";"51490320";"5149";9;"Gutt";"Høyere utdanning";57,13913;1,68152
"7318";"Norge";"51490321";"5149";9;"Jente";"Høyere utdanning";65,704;-0,41874
"7319";"Norge";"51490322";"5149";9;"Gutt";"Høyere utdanning";65,704;0,41818
"7320";"Norge";"51490323";"5149";9;"Jente";"Kort utdanning";65,704;-1,15172
"7321";"Norge";"51490324";"5149";9;"Gutt";"Høyere utdanning";65,704;1,26166
"7322";"Norge";"51490326";"5149";9;"Gutt";"Ungdomsskole";37,63793;-0,8209
"7323";"Norge";"51490327";"5149";9;"Jente";"Ungdomsskole";65,704;0,41818
"7324";"Norge";"51490329";"5149";9;"Jente";"Høyere utdanning";65,704;0,6701
"7325";"Norge";"51490330";"5149";9;"Jente";"Høyere utdanning";65,704;0,72983
"7326";"Norge";"51490331";"5149";9;"Gutt";"Høyere utdanning";65,704;0,70184
"7327";"Norge";"51490332";"5149";9;"Jente";"Høyere utdanning";65,704;0,22225
"7328";"Norge";"51490333";"5149";9;"Gutt";"VGS";49,42491;0,54981
"7329";"Norge";"51490334";"5149";9;"Jente";"VGS";65,704;0,6701
"7330";"Norge";"51490335";"5149";9;"Gutt";"Kort utdanning";42,6371;1,34563
"7331";"Norge";"51490336";"5149";9;"Jente";"Høyere utdanning";49,42491;0,50591
"7332";"Norge";"51490337";"5149";9;"Gutt";"Høyere utdanning";49,42491;1,25791
"7333";"Norge";"51490338";"5149";9;"Gutt";"Ungdomsskole";36,11853;1,25791
"7334";"Norge";"51490339";"5149";9;"Jente";"Høyere utdanning";65,704;0,70184
"7335";"Norge";"51490342";"5149";9;"Gutt";"Høyere utdanning";65,704;0,30622
"7336";"Norge";"51490344";"5149";9;"Gutt";"Kort utdanning";42,6371;-0,6168
"7337";"Norge";"51490345";"5149";9;"Gutt";"Kort utdanning";40,85939;1,06572
"7338";"Norge";"51490346";"5149";9;"Gutt";"Ungdomsskole";57,13913;1,00974
"7339";"Norge";"51490347";"5149";9;"Jente";"Høyere utdanning";65,704;1,17769
"7340";"Norge";"51490348";"5149";9;"Jente";"Høyere utdanning";65,704;-0,28091
"7341";"Norge";"51490349";"5149";9;"Jente";"Kort utdanning";65,704;1,14596
"7342";"Norge";"51490350";"5149";9;"Gutt";"VGS";65,704;-2,33108
"7343";"Norge";"51490351";"5149";9;"Gutt";"Høyere utdanning";40,85939;1,03773
"7344";"Norge";"51490352";"5149";9;"Gutt";"Høyere utdanning";46,81653;1,31764
"7345";"Norge";"51490353";"5149";9;"Jente";"Høyere utdanning";65,704;1,14594
"7346";"Norge";"51490354";"5149";9;"Gutt";"Høyere utdanning";49,42491;0,72608
"7347";"Norge";"51490355";"5149";9;"Gutt";"Høyere utdanning";46,81653;1,25004
"7348";"Norge";"51490356";"5149";9;"Jente";"Høyere utdanning";65,704;-0,19319
"7349";"Norge";"51490357";"5149";9;"Gutt";"Høyere utdanning";44,59585;-0,2765
"7350";"Norge";"51490358";"5149";9;"Jente";"Høyere utdanning";65,704;0,72983
"7351";"Norge";"51490359";"5149";9;"Jente";"Høyere utdanning";57,13913;1,09371
"7352";"Norge";"51490360";"5149";9;"Gutt";"Høyere utdanning";65,704;1,26166
"7353";"Norge";"51490361";"5149";9;"Jente";"Høyere utdanning";65,704;1,17769
"7354";"Norge";"51500101";"5150";9;"Gutt";"VGS";49,42491;-0,08498
"7355";"Norge";"51500102";"5150";9;"Gutt";"Kort utdanning";40,85939;-0,61134
"7356";"Norge";"51500103";"5150";9;"Gutt";"VGS";42,6371;-0,08056
"7357";"Norge";"51500104";"5150";9;"Gutt";"Kort utdanning";46,81653;-0,25292
"7358";"Norge";"51500105";"5150";9;"Jente";"Høyere utdanning";65,704;0,07854
"7359";"Norge";"51500106";"5150";9;"Annet";"Høyere utdanning";65,704;0,58988
"7360";"Norge";"51500108";"5150";9;"Jente";"Høyere utdanning";49,42491;-1,29233
"7361";"Norge";"51500109";"5150";9;"Jente";"Høyere utdanning";65,704;0,30622
"7362";"Norge";"51500111";"5150";9;"Jente";"Høyere utdanning";65,704;0,28264
"7363";"Norge";"51500113";"5150";9;"Jente";"Høyere utdanning";65,704;0,8418
"7364";"Norge";"51500114";"5150";9;"Jente";"Høyere utdanning";65,704;1,68152
"7365";"Norge";"51500118";"5150";9;"Jente";"Høyere utdanning";65,704;1,03773
"7366";"Norge";"51500121";"5150";9;"Jente";"Høyere utdanning";65,704;0,72983
"7367";"Norge";"51500122";"5150";9;"Gutt";"Høyere utdanning";46,81653;0,3622
"7368";"Norge";"51500123";"5150";9;"Gutt";"Høyere utdanning";65,704;1,00974
"7369";"Norge";"51500124";"5150";9;"Jente";"Høyere utdanning";65,704;0,47417
"7370";"Norge";"51500125";"5150";9;"Gutt";"Høyere utdanning";42,6371;0,67385
"7371";"Norge";"51500127";"5150";9;"Gutt";"Høyere utdanning";42,6371;1,26166
"7372";"Norge";"51500129";"5150";9;"Jente";"Høyere utdanning";65,704;1,4296
"7373";"Norge";"51500301";"5150";9;"Jente";"Høyere utdanning";49,42491;-2,49527
"7374";"Norge";"51500302";"5150";9;"Jente";"Høyere utdanning";34,6202;-1,82955
"7375";"Norge";"51500303";"5150";9;"Gutt";"VGS";40,85939;-0,14096
"7376";"Norge";"51500304";"5150";9;"Jente";"Høyere utdanning";65,704;-1,06024
"7377";"Norge";"51500305";"5150";9;"Gutt";"Høyere utdanning";44,59585;0,95376
"7378";"Norge";"51500306";"5150";9;"Gutt";"Høyere utdanning";40,85939;0,0543
"7379";"Norge";"51500307";"5150";9;"Gutt";"Høyere utdanning";46,81653;1,26166
"7380";"Norge";"51500308";"5150";9;"Gutt";"Høyere utdanning";49,42491;1,56956
"7381";"Norge";"51500309";"5150";9;"Jente";"Høyere utdanning";65,704;1,24269
"7382";"Norge";"51500310";"5150";9;"Jente";"Høyere utdanning";33,11239;-2,87599
"7383";"Norge";"51500311";"5150";9;"Gutt";"VGS";40,85939;-2,29867
"7384";"Norge";"51500312";"5150";9;"Gutt";"Høyere utdanning";46,81653;1,68152
"7385";"Norge";"51500313";"5150";9;"Jente";"Høyere utdanning";65,704;0,92577
"7386";"Norge";"51500314";"5150";9;"Jente";"Høyere utdanning";37,63793;0,36595
"7387";"Norge";"51500315";"5150";9;"Gutt";"Høyere utdanning";44,59585;0,95376
"7388";"Norge";"51500316";"5150";9;"Jente";"Ungdomsskole";44,59585;-0,36555
"7389";"Norge";"51500317";"5150";9;"Jente";"Ungdomsskole";27,6275;-2,49928
"7390";"Norge";"51500318";"5150";9;"Gutt";"VGS";46,81653;-0,3089
"7391";"Norge";"51500319";"5150";9;"Gutt";"Høyere utdanning";52,66245;0,64211
"7392";"Norge";"51500320";"5150";9;"Gutt";"Høyere utdanning";39,20663;-0,76492
"7393";"Norge";"51500322";"5150";9;"Gutt";"Høyere utdanning";65,704;0,86979
"7394";"Norge";"51500324";"5150";9;"Gutt";"VGS";49,42491;1,68152
"7395";"Norge";"51500325";"5150";9;"Jente";"Høyere utdanning";65,704;0,64586
"7396";"Norge";"51500326";"5150";9;"Jente";"Høyere utdanning";65,704;1,00974
"7397";"Norge";"51500328";"5150";9;"Gutt";"Høyere utdanning";40,85939;-1,56783
"7398";"Norge";"51510201";"5151";9;"Gutt";"Ungdomsskole";49,42491;-1,36893
"7399";"Norge";"51510202";"5151";9;"Gutt";"VGS";37,63793;0,19051
"7400";"Norge";"51510203";"5151";9;"Jente";"Høyere utdanning";65,704;1,00599
"7401";"Norge";"51510204";"5151";9;"Gutt";"Høyere utdanning";44,59585;-0,27716
"7402";"Norge";"51510205";"5151";9;"Jente";"Høyere utdanning";49,42491;0,95376
"7403";"Norge";"51510206";"5151";9;"Jente";"Høyere utdanning";65,704;-0,11738
"7404";"Norge";"51510207";"5151";9;"Gutt";"Ungdomsskole";37,63793;-0,08498
"7405";"Norge";"51510208";"5151";9;"Jente";"Ungdomsskole";57,13913;-0,89605
"7406";"Norge";"51510209";"5151";9;"Gutt";"Høyere utdanning";37,63793;0,22225
"7407";"Norge";"51510210";"5151";9;"Gutt";"Høyere utdanning";37,63793;0,10653
"7408";"Norge";"51510211";"5151";9;"Annet";"Høyere utdanning";65,704;1,4296
"7409";"Norge";"51510212";"5151";9;"Jente";"VGS";65,704;-0,08939
"7410";"Norge";"51510214";"5151";9;"Gutt";"VGS";42,6371;-2,24711
"7411";"Norge";"51510217";"5151";9;"Gutt";"Høyere utdanning";40,85939;0,98175
"7412";"Norge";"51510219";"5151";9;"Jente";"Høyere utdanning";52,66245;-0,03341
"7413";"Norge";"51510220";"5151";9;"Jente";"Høyere utdanning";65,704;0,6701
"7414";"Norge";"51510222";"5151";9;"Jente";"VGS";57,13913;-2,0767
"7415";"Norge";"51510223";"5151";9;"Jente";"VGS";65,704;0,8418
"7416";"Norge";"51510402";"5151";9;"Gutt";"Ungdomsskole";37,63793;1,68152
"7417";"Norge";"51510404";"5151";9;"Jente";"Høyere utdanning";65,704;-0,22118
"7418";"Norge";"51510405";"5151";9;"Jente";"Høyere utdanning";65,704;0,37266
"7419";"Norge";"51510408";"5151";9;"Gutt";"Høyere utdanning";57,13913;-0,02966
"7420";"Norge";"51510409";"5151";9;"Jente";"Kort utdanning";65,704;1,00974
"7421";"Norge";"51510410";"5151";9;"Gutt";"Ungdomsskole";42,6371;0,69809
"7422";"Norge";"51510411";"5151";9;"Gutt";"Høyere utdanning";52,66245;1,34563
"7423";"Norge";"51510412";"5151";9;"Gutt";"Høyere utdanning";65,704;1,68152
"7424";"Norge";"51510413";"5151";9;"Jente";"VGS";65,704;0,67385
"7425";"Norge";"51510416";"5151";9;"Gutt";"VGS";39,20663;-0,92029
"7426";"Norge";"51510418";"5151";9;"Gutt";"VGS";39,20663;-0,20135
"7427";"Norge";"51510419";"5151";9;"Gutt";"VGS";37,63793;-0,47646
"7428";"Norge";"51510420";"5151";9;"Gutt";"Ungdomsskole";65,704;0,72608
"7429";"Norge";"51510421";"5151";9;"Jente";"Høyere utdanning";57,13913;1,06572
"7430";"Norge";"51510422";"5151";9;"Jente";"Ungdomsskole";65,704;-1,31966
"7431";"Norge";"51510423";"5151";9;"Gutt";"Høyere utdanning";37,63793;-1,20936
"7432";"Norge";"51510424";"5151";9;"Gutt";"Ungdomsskole";28,03514;1,00974
"7433";"Norge";"51510425";"5151";9;"Jente";"Ungdomsskole";65,704;0,16252
"7434";"Norge";"51530401";"5153";9;"Gutt";"Ungdomsskole";42,6371;1,56956
"7435";"Norge";"51530403";"5153";9;"Jente";"Høyere utdanning";65,704;-1,3439
"7436";"Norge";"51530404";"5153";9;"Jente";"Ungdomsskole";40,50111;-1,54709
"7437";"Norge";"51530405";"5153";9;"Jente";"Høyere utdanning";65,704;-0,64479
"7438";"Norge";"51530408";"5153";9;"Jente";"Høyere utdanning";49,42491;0,75782
"7439";"Norge";"51530409";"5153";9;"Jente";"VGS";65,704;-0,70011
"7440";"Norge";"51530410";"5153";9;"Jente";"Høyere utdanning";65,704;-0,22559
"7441";"Norge";"51530411";"5153";9;"Jente";"Høyere utdanning";65,704;0,95376
"7442";"Norge";"51530412";"5153";9;"Gutt";"Høyere utdanning";52,66245;-1,7955
"7443";"Norge";"51530414";"5153";9;"Gutt";"Høyere utdanning";65,704;-0,30957
"7444";"Norge";"51530415";"5153";9;"Jente";"Høyere utdanning";65,704;0,1147
"7445";"Norge";"51530416";"5153";9;"Gutt";"Høyere utdanning";57,13913;1,68152
"7446";"Norge";"51530417";"5153";9;"Gutt";"VGS";57,13913;-0,33689
"7447";"Norge";"51530418";"5153";9;"Gutt";"Høyere utdanning";49,42491;0,41818
"7448";"Norge";"51530419";"5153";9;"Jente";"Høyere utdanning";65,704;-0,30957
"7449";"Norge";"51530420";"5153";9;"Gutt";"Høyere utdanning";65,704;-2,555
"7450";"Norge";"51530421";"5153";9;"Gutt";"Høyere utdanning";65,704;-0,22559
"7451";"Norge";"51530422";"5153";9;"Jente";"Høyere utdanning";65,704;-2,94621
"7452";"Norge";"51530423";"5153";9;"Annet";"Kort utdanning";65,704;0,81381
"7453";"Norge";"51530424";"5153";9;"Gutt";"Høyere utdanning";65,704;1,06572
"7454";"Norge";"51530425";"5153";9;"Gutt";"Høyere utdanning";52,66245;-0,96086
"7455";"Norge";"51530427";"5153";9;"Gutt";"Høyere utdanning";65,704;-1,34324
"7456";"Norge";"51530802";"5153";9;"Jente";"Kort utdanning";65,704;-0,72877
"7457";"Norge";"51530803";"5153";9;"Jente";"Høyere utdanning";65,704;1,56956
"7458";"Norge";"51530804";"5153";9;"Jente";"Høyere utdanning";65,704;0,58613
"7459";"Norge";"51530805";"5153";9;"Gutt";"VGS";57,13913;-3,03019
"7460";"Norge";"51530806";"5153";9;"Jente";"VGS";37,63793;0,2752
"7461";"Norge";"51530807";"5153";9;"Jente";"Høyere utdanning";65,704;-1,7955
"7462";"Norge";"51530808";"5153";9;"Gutt";"Høyere utdanning";42,6371;-0,00542
"7463";"Norge";"51530809";"5153";9;"Gutt";"Høyere utdanning";52,66245;-0,33756
"7464";"Norge";"51530810";"5153";9;"Gutt";"VGS";65,704;-1,04108
"7465";"Norge";"51530811";"5153";9;"Gutt";"Kort utdanning";40,85939;-1,17971
"7466";"Norge";"51530812";"5153";9;"Gutt";"VGS";65,704;-2,41505
"7467";"Norge";"51530813";"5153";9;"Jente";"Kort utdanning";40,85939;0,33862
"7468";"Norge";"51530814";"5153";9;"Jente";"Høyere utdanning";49,42491;0,47417
"7469";"Norge";"51530815";"5153";9;"Gutt";"Høyere utdanning";65,704;-1,18478
"7470";"Norge";"51530816";"5153";9;"Gutt";"VGS";65,704;-1,76751
"7471";"Norge";"51530817";"5153";9;"Jente";"Høyere utdanning";65,704;0,22225
"7472";"Norge";"51530818";"5153";9;"Jente";"VGS";37,63793;-1,34324
"7473";"Norge";"51530819";"5153";9;"Jente";"Høyere utdanning";65,704;0,95376
"7474";"Norge";"51530820";"5153";9;"Gutt";"Kort utdanning";49,42491;-2,93794
"7475";"Norge";"51530821";"5153";9;"Jente";"Høyere utdanning";65,704;-1,48385
"7476";"Norge";"51530822";"5153";9;"Jente";"Høyere utdanning";57,13913;-2,77827
"7477";"Norge";"51530824";"5153";9;"Jente";"Høyere utdanning";65,704;-2,16247
"7478";"Norge";"51530825";"5153";9;"Jente";"VGS";65,704;-0,70519
"7479";"Norge";"51530826";"5153";9;"Gutt";"VGS";42,32974;-1,02696
"7480";"Norge";"51550101";"5155";9;"Jente";"VGS";65,704;0,1147
"7481";"Norge";"51550102";"5155";9;"Annet";"VGS";42,6371;0,50591
"7482";"Norge";"51550103";"5155";9;"Annet";"Kort utdanning";65,704;-1,04041
"7483";"Norge";"51550104";"5155";9;"Jente";"Høyere utdanning";65,704;0,08671
"7484";"Norge";"51550105";"5155";9;"Jente";"Kort utdanning";65,704;0,8418
"7485";"Norge";"51550106";"5155";9;"Jente";"VGS";57,13913;0,3622
"7486";"Norge";"51550107";"5155";9;"Jente";"Ungdomsskole";65,704;-0,72877
"7487";"Norge";"51550109";"5155";9;"Gutt";"VGS";65,704;-0,4202
"7488";"Norge";"51550110";"5155";9;"Jente";"VGS";42,6371;-0,58881
"7489";"Norge";"51550111";"5155";9;"Jente";"Ungdomsskole";46,81653;-1,28792
"7490";"Norge";"51550112";"5155";9;"Jente";"Ungdomsskole";49,42491;0,61412
"7491";"Norge";"51550113";"5155";9;"Annet";"Høyere utdanning";65,704;-1,036
"7492";"Norge";"51550114";"5155";9;"Gutt";"VGS";37,63793;-0,65229
"7493";"Norge";"51550115";"5155";9;"Gutt";"Ungdomsskole";15,93837;0,53015
"7494";"Norge";"51550117";"5155";9;"Gutt";"Kort utdanning";40,85939;-0,14162
"7495";"Norge";"51550118";"5155";9;"Jente";"Høyere utdanning";65,704;-0,00542
"7496";"Norge";"51550120";"5155";9;"Jente";"VGS";57,13913;0,81381
"7497";"Norge";"51550121";"5155";9;"Gutt";"VGS";40,85939;1,40161
"7498";"Norge";"51550122";"5155";9;"Gutt";"Høyere utdanning";36,11853;0,89778
"7499";"Norge";"51550125";"5155";9;"Jente";"Høyere utdanning";65,704;0,89778
"7500";"Norge";"51550201";"5155";9;"Jente";"Høyere utdanning";65,704;-0,00167
"7501";"Norge";"51550202";"5155";9;"Jente";"Ungdomsskole";65,704;0,10653
"7502";"Norge";"51550203";"5155";9;"Jente";"Høyere utdanning";65,704;0,30622
"7503";"Norge";"51550204";"5155";9;"Gutt";"Ungdomsskole";65,704;-0,75234
"7504";"Norge";"51550206";"5155";9;"Jente";"Høyere utdanning";65,704;0,95376
"7505";"Norge";"51550207";"5155";9;"Jente";"Kort utdanning";52,66245;-2,2751
"7506";"Norge";"51550208";"5155";9;"Gutt";"Høyere utdanning";65,704;0,78581
"7507";"Norge";"51550209";"5155";9;"Gutt";"Ungdomsskole";44,59585;0,28264
"7508";"Norge";"51550210";"5155";9;"Jente";"Høyere utdanning";65,704;0,50591
"7509";"Norge";"51550211";"5155";9;"Jente";"Kort utdanning";49,42491;-2,02318
"7510";"Norge";"51550212";"5155";9;"Jente";"Høyere utdanning";57,13913;-0,08123
"7511";"Norge";"51550213";"5155";9;"Annet";"VGS";37,63793;-0,9247
"7512";"Norge";"51550214";"5155";9;"Gutt";"Høyere utdanning";49,42491;-1,15679
"7513";"Norge";"51550215";"5155";9;"Jente";"Ungdomsskole";42,6371;-1,83239
"7514";"Norge";"51550216";"5155";9;"Gutt";"Kort utdanning";33,11239;-1,63197
"7515";"Norge";"51550217";"5155";9;"Jente";"VGS";49,42491;-1,28792
"7516";"Norge";"51550218";"5155";9;"Jente";"Kort utdanning";52,66245;-0,98068
"7517";"Norge";"51550219";"5155";9;"Gutt";"Høyere utdanning";65,704;0,8418
"7518";"Norge";"51560302";"5156";9;"Gutt";"Høyere utdanning";49,42491;0,41818
"7519";"Norge";"51560303";"5156";9;"Gutt";"VGS";37,63793;0,8418
"7520";"Norge";"51560304";"5156";9;"Gutt";"Høyere utdanning";42,6371;0,33046
"7521";"Norge";"51560305";"5156";9;"Gutt";"VGS";39,20663;-0,16961
"7522";"Norge";"51560306";"5156";9;"Jente";"Høyere utdanning";65,704;0,36595
"7523";"Norge";"51560308";"5156";9;"Jente";"Høyere utdanning";65,704;0,8418
"7524";"Norge";"51560309";"5156";9;"Gutt";"VGS";42,6371;0,89778
"7525";"Norge";"51560310";"5156";9;"Annet";"Høyere utdanning";37,63793;-0,33769
"7526";"Norge";"51560311";"5156";9;"Jente";"Høyere utdanning";57,13913;1,17769
"7527";"Norge";"51560312";"5156";9;"Jente";"VGS";57,13913;-0,36555
"7528";"Norge";"51560313";"5156";9;"Gutt";"Høyere utdanning";37,63793;1,17769
"7529";"Norge";"51560316";"5156";9;"Gutt";"Kort utdanning";37,63793;-1,31657
"7530";"Norge";"51560317";"5156";9;"Gutt";"Ungdomsskole";40,85939;-0,2765
"7531";"Norge";"51560318";"5156";9;"Gutt";"Ungdomsskole";37,63793;1,07917
"7532";"Norge";"51560319";"5156";9;"Gutt";"Kort utdanning";41,30992;-0,75234
"7533";"Norge";"51560321";"5156";9;"Jente";"VGS";65,704;-0,30515
"7534";"Norge";"51560322";"5156";9;"Jente";"Kort utdanning";65,704;0,47417
"7535";"Norge";"51560325";"5156";9;"Gutt";"Ungdomsskole";37,63793;0,95376
"7536";"Norge";"51560501";"5156";9;"Gutt";"Kort utdanning";37,63793;-1,48827
"7537";"Norge";"51560503";"5156";9;"Gutt";"Høyere utdanning";44,59585;0,58988
"7538";"Norge";"51560504";"5156";9;"Jente";"Høyere utdanning";65,704;0,98175
"7539";"Norge";"51560505";"5156";9;"Gutt";"VGS";49,42491;0,10653
"7540";"Norge";"51560506";"5156";9;"Gutt";"Høyere utdanning";31,55703;1,51437
"7541";"Norge";"51560507";"5156";9;"Gutt";"VGS";39,20663;-0,42087
"7542";"Norge";"51560508";"5156";9;"Jente";"VGS";57,13913;-2,19112
"7543";"Norge";"51560510";"5156";9;"Jente";"Høyere utdanning";49,42491;0,56189
"7544";"Norge";"51560511";"5156";9;"Gutt";"Kort utdanning";39,20663;-0,22493
"7545";"Norge";"51560512";"5156";9;"Jente";"Høyere utdanning";65,704;1,00974
"7546";"Norge";"51560513";"5156";9;"Annet";"Kort utdanning";37,63793;-0,36052
"7547";"Norge";"51560514";"5156";9;"Gutt";"VGS";46,81653;1,53124
"7548";"Norge";"51560515";"5156";9;"Jente";"Kort utdanning";65,704;-0,48126
"7549";"Norge";"51560516";"5156";9;"Gutt";"Ungdomsskole";36,11853;0,8418
"7550";"Norge";"51560517";"5156";9;"Jente";"Høyere utdanning";65,704;-1,35273
"7551";"Norge";"51560519";"5156";9;"Jente";"VGS";39,20663;1,12237
"7552";"Norge";"51560520";"5156";9;"Jente";"Høyere utdanning";65,704;0,05805
"7553";"Norge";"51560521";"5156";9;"Gutt";"Kort utdanning";40,85939;-0,86872
"7554";"Norge";"51560522";"5156";9;"Jente";"Høyere utdanning";65,704;1,59755
"7555";"Norge";"51560524";"5156";9;"Gutt";"Høyere utdanning";57,13913;0,27889
"7556";"Norge";"51570101";"5157";9;"Gutt";"Høyere utdanning";40,85939;1,23367
"7557";"Norge";"51570102";"5157";9;"Jente";"Høyere utdanning";65,704;-0,05765
"7558";"Norge";"51570103";"5157";9;"Gutt";"VGS";64,49352;0,36595
"7559";"Norge";"51570104";"5157";9;"Gutt";"Høyere utdanning";42,6371;0,05055
"7560";"Norge";"51570105";"5157";9;"Jente";"Kort utdanning";45,17479;-1,74393
"7561";"Norge";"51570107";"5157";9;"Gutt";"Høyere utdanning";39,20663;0,33796
"7562";"Norge";"51570108";"5157";9;"Gutt";"Høyere utdanning";52,66245;0,8418
"7563";"Norge";"51570109";"5157";9;"Gutt";"Kort utdanning";42,6371;1,00974
"7564";"Norge";"51570110";"5157";9;"Jente";"Kort utdanning";65,704;-1,32032
"7565";"Norge";"51570111";"5157";9;"Gutt";"Høyere utdanning";65,704;1,26166
"7566";"Norge";"51570113";"5157";9;"Gutt";"VGS";65,704;0,25024
"7567";"Norge";"51570114";"5157";9;"Gutt";"Høyere utdanning";52,66245;1,10875
"7568";"Norge";"51570116";"5157";9;"Jente";"Høyere utdanning";65,704;1,06572
"7569";"Norge";"51570117";"5157";9;"Jente";"Kort utdanning";65,704;0,6701
"7570";"Norge";"51570118";"5157";9;"Jente";"VGS";57,13913;-0,47685
"7571";"Norge";"51570119";"5157";9;"Gutt";"Høyere utdanning";57,13913;0,64586
"7572";"Norge";"51570120";"5157";9;"Gutt";"Høyere utdanning";37,63793;0,25024
"7573";"Norge";"51570121";"5157";9;"Gutt";"Høyere utdanning";65,704;1,25791
"7574";"Norge";"51570122";"5157";9;"Gutt";"Høyere utdanning";65,704;0,16693
"7575";"Norge";"51570125";"5157";9;"Gutt";"Høyere utdanning";65,704;1,09371
"7576";"Norge";"51570126";"5157";9;"Jente";"Høyere utdanning";65,704;0,8418
"7577";"Norge";"51570127";"5157";9;"Jente";"Høyere utdanning";65,704;0,22225
"7578";"Norge";"51570128";"5157";9;"Gutt";"Høyere utdanning";57,13913;1,31764
"7579";"Norge";"51570301";"5157";9;"Gutt";"VGS";39,20663;-0,86431
"7580";"Norge";"51570302";"5157";9;"Jente";"VGS";65,704;-0,5055
"7581";"Norge";"51570303";"5157";9;"Gutt";"VGS";65,704;-0,10922
"7582";"Norge";"51570305";"5157";9;"Gutt";"Kort utdanning";49,42491;-0,05765
"7583";"Norge";"51570306";"5157";9;"Jente";"Ungdomsskole";46,81653;1,03773
"7584";"Norge";"51570307";"5157";9;"Gutt";"Høyere utdanning";65,704;0,47417
"7585";"Norge";"51570308";"5157";9;"Gutt";"Kort utdanning";65,704;-0,33314
"7586";"Norge";"51570309";"5157";9;"Jente";"Høyere utdanning";65,704;0,72983
"7587";"Norge";"51570310";"5157";9;"Jente";"Høyere utdanning";65,704;0,41818
"7588";"Norge";"51570312";"5157";9;"Gutt";"Kort utdanning";65,704;-0,75234
"7589";"Norge";"51570313";"5157";9;"Jente";"Ungdomsskole";65,704;1,31764
"7590";"Norge";"51570315";"5157";9;"Gutt";"VGS";44,59585;-1,3439
"7591";"Norge";"51570316";"5157";9;"Jente";"Ungdomsskole";65,704;1,4296
"7592";"Norge";"51570317";"5157";9;"Gutt";"Kort utdanning";65,704;0,39019
"7593";"Norge";"51570318";"5157";9;"Gutt";"Ungdomsskole";46,81653;-0,73318
"7594";"Norge";"51570319";"5157";9;"Jente";"Ungdomsskole";65,704;0,8418
"7595";"Norge";"51570320";"5157";9;"Gutt";"VGS";25,77277;-1,14759
"7596";"Norge";"51570321";"5157";9;"Gutt";"Kort utdanning";46,81653;-0,56645
"7597";"Norge";"51570323";"5157";9;"Jente";"Høyere utdanning";65,704;0,8418
"7598";"Norge";"51570324";"5157";9;"Gutt";"Kort utdanning";65,704;-1,42787
"7599";"Norge";"51570326";"5157";9;"Jente";"Høyere utdanning";57,13913;0,36595
"7600";"Norge";"51580103";"5158";9;"Gutt";"VGS";46,81653;0,47417
"7601";"Norge";"51580107";"5158";9;"Jente";"Høyere utdanning";52,66245;-0,8209
"7602";"Norge";"51580110";"5158";9;"Jente";"Høyere utdanning";65,704;1,00974
"7603";"Norge";"51580111";"5158";9;"Jente";"Høyere utdanning";65,704;0,8418
"7604";"Norge";"51580113";"5158";9;"Gutt";"Ungdomsskole";49,42491;-1,46028
"7605";"Norge";"51580114";"5158";9;"Jente";"Kort utdanning";65,704;-0,72877
"7606";"Norge";"51580115";"5158";9;"Jente";"Høyere utdanning";65,704;0,47417
"7607";"Norge";"51580205";"5158";9;"Gutt";"Ungdomsskole";44,59585;0,10653
"7608";"Norge";"51580206";"5158";9;"Jente";"Høyere utdanning";37,63793;-0,0539
"7609";"Norge";"51580207";"5158";9;"Jente";"VGS";65,704;-2,05117
"7610";"Norge";"51580208";"5158";9;"Gutt";"Høyere utdanning";44,59585;-1,99144
"7611";"Norge";"51580209";"5158";9;"Gutt";"Høyere utdanning";46,81653;0,89778
"7612";"Norge";"51580211";"5158";9;"Gutt";"Kort utdanning";37,63793;-0,02591
"7613";"Norge";"51580212";"5158";9;"Gutt";"Kort utdanning";37,63793;1,56068
"7614";"Norge";"51580214";"5158";9;"Jente";"Høyere utdanning";65,704;0,53015
"7615";"Norge";"51580215";"5158";9;"Gutt";"Kort utdanning";65,704;0,47417
"7616";"Norge";"51600401";"5160";9;"Gutt";"VGS";16,70037;0,89961
"7617";"Norge";"51600402";"5160";9;"Jente";"Kort utdanning";65,704;0,45059
"7618";"Norge";"51600403";"5160";9;"Gutt";"Kort utdanning";37,63793;-2,01877
"7619";"Norge";"51600404";"5160";9;"Gutt";"VGS";37,63793;-1,0964
"7620";"Norge";"51600408";"5160";9;"Gutt";"VGS";36,11853;-0,48126
"7621";"Norge";"51600409";"5160";9;"Gutt";"Kort utdanning";42,6371;-0,08123
"7622";"Norge";"51600410";"5160";9;"Jente";"Høyere utdanning";65,704;0,69809
"7623";"Norge";"51600412";"5160";9;"Jente";"VGS";65,704;-1,2077
"7624";"Norge";"51600413";"5160";9;"Jente";"Kort utdanning";65,704;-1,29233
"7625";"Norge";"51600414";"5160";9;"Jente";"Kort utdanning";65,704;0,10653
"7626";"Norge";"51600415";"5160";9;"Annet";"Ungdomsskole";37,63793;1,23367
"7627";"Norge";"51600416";"5160";9;"Gutt";"VGS";65,704;0,41818
"7628";"Norge";"51600417";"5160";9;"Jente";"Høyere utdanning";65,704;-2,01877
"7629";"Norge";"51600418";"5160";9;"Jente";"Kort utdanning";49,42491;0,04144
"7630";"Norge";"51600419";"5160";9;"Gutt";"VGS";57,13913;-0,70011
"7631";"Norge";"51600420";"5160";9;"Jente";"Kort utdanning";65,704;0,41818
"7632";"Norge";"51600421";"5160";9;"Jente";"Høyere utdanning";65,704;0,47417
"7633";"Norge";"51600801";"5160";9;"Gutt";"Høyere utdanning";37,63793;0,92202
"7634";"Norge";"51600803";"5160";9;"Gutt";"Høyere utdanning";37,63793;0,27823
"7635";"Norge";"51600805";"5160";9;"Gutt";"Ungdomsskole";37,63793;-2,22422
"7636";"Norge";"51600808";"5160";9;"Gutt";"Ungdomsskole";40,85939;0,89778
"7637";"Norge";"51600809";"5160";9;"Gutt";"Ungdomsskole";42,6371;0,27823
"7638";"Norge";"51600810";"5160";9;"Gutt";"Høyere utdanning";37,63793;0,75782
"7639";"Norge";"51600811";"5160";9;"Jente";"Kort utdanning";65,704;0,67385
"7640";"Norge";"51600812";"5160";9;"Jente";"Kort utdanning";52,66245;-0,16895
"7641";"Norge";"51600813";"5160";9;"Gutt";"Kort utdanning";65,704;-0,7885
"7642";"Norge";"51600814";"5160";9;"Jente";"Ungdomsskole";65,704;0,70184
"7643";"Norge";"51600815";"5160";9;"Jente";"Ungdomsskole";65,704;-0,02458
"7644";"Norge";"51600816";"5160";9;"Gutt";"VGS";57,13913;0,226
"7645";"Norge";"51600817";"5160";9;"Gutt";"Høyere utdanning";37,63793;0,28264
"7646";"Norge";"51600818";"5160";9;"Jente";"Ungdomsskole";49,42491;-0,0539
"7647";"Norge";"51600819";"5160";9;"Jente";"Ungdomsskole";65,704;1,68152
"7648";"Norge";"51600820";"5160";9;"Gutt";"Høyere utdanning";37,63793;1,03773
"7649";"Norge";"51600821";"5160";9;"Gutt";"Høyere utdanning";49,42491;1,09371
"7650";"Norge";"51600822";"5160";9;"Annet";"Ungdomsskole";37,63793;0,73934
"7651";"Norge";"51600823";"5160";9;"Gutt";"Kort utdanning";46,81653;1,09371
"7652";"Norge";"51610101";"5161";9;"Gutt";"Høyere utdanning";40,85939;1,25791
"7653";"Norge";"51610102";"5161";9;"Jente";"Høyere utdanning";65,704;1,08039
"7654";"Norge";"51610103";"5161";9;"Jente";"Høyere utdanning";65,704;0,71272
"7655";"Norge";"51610104";"5161";9;"Annet";"Høyere utdanning";65,704;0,72608
"7656";"Norge";"51610105";"5161";9;"Gutt";"Høyere utdanning";65,704;1,00974
"7657";"Norge";"51610106";"5161";9;"Gutt";"Høyere utdanning";65,704;0,41818
"7658";"Norge";"51610107";"5161";9;"Annet";"Høyere utdanning";57,13913;1,00974
"7659";"Norge";"51610108";"5161";9;"Jente";"Kort utdanning";57,13913;-0,72877
"7660";"Norge";"51610109";"5161";9;"Jente";"Høyere utdanning";65,704;1,17393
"7661";"Norge";"51610110";"5161";9;"Jente";"Høyere utdanning";65,704;-0,05765
"7662";"Norge";"51610112";"5161";9;"Gutt";"Høyere utdanning";46,81653;0,3622
"7663";"Norge";"51610114";"5161";9;"Jente";"Høyere utdanning";65,704;1,14969
"7664";"Norge";"51610115";"5161";9;"Jente";"Høyere utdanning";65,704;0,36595
"7665";"Norge";"51610116";"5161";9;"Gutt";"Høyere utdanning";57,13913;0,47417
"7666";"Norge";"51610117";"5161";9;"Jente";"Høyere utdanning";57,13913;-0,86872
"7667";"Norge";"51610118";"5161";9;"Jente";"Ungdomsskole";65,704;1,03773
"7668";"Norge";"51610119";"5161";9;"Gutt";"Høyere utdanning";65,704;-0,48126
"7669";"Norge";"51610120";"5161";9;"Jente";"Ungdomsskole";65,704;-0,2765
"7670";"Norge";"51610121";"5161";9;"Jente";"Høyere utdanning";65,704;0,86979
"7671";"Norge";"51610122";"5161";9;"Jente";"Høyere utdanning";65,704;0,89778
"7672";"Norge";"51610123";"5161";9;"Jente";"Ungdomsskole";65,704;1,68152
"7673";"Norge";"51610124";"5161";9;"Gutt";"Høyere utdanning";65,704;0,47417
"7674";"Norge";"51610125";"5161";9;"Jente";"Høyere utdanning";57,13913;0,83805
"7675";"Norge";"51610126";"5161";9;"Jente";"Høyere utdanning";65,704;0,47417
"7676";"Norge";"51610127";"5161";9;"Jente";"Høyere utdanning";65,704;-0,05765
"7677";"Norge";"51610201";"5161";9;"Jente";"Høyere utdanning";65,704;1,06572
"7678";"Norge";"51610202";"5161";9;"Gutt";"Ungdomsskole";37,63793;0,95376
"7679";"Norge";"51610203";"5161";9;"Jente";"Høyere utdanning";65,704;0,08229
"7680";"Norge";"51610204";"5161";9;"Jente";"Høyere utdanning";65,704;1,25791
"7681";"Norge";"51610205";"5161";9;"Jente";"Høyere utdanning";65,704;0,50591
"7682";"Norge";"51610206";"5161";9;"Jente";"Høyere utdanning";65,704;0,72983
"7683";"Norge";"51610208";"5161";9;"Jente";"Kort utdanning";65,704;-0,05765
"7684";"Norge";"51610209";"5161";9;"Jente";"Høyere utdanning";57,13913;1,68152
"7685";"Norge";"51610210";"5161";9;"Jente";"Ungdomsskole";65,704;0,95376
"7686";"Norge";"51610212";"5161";9;"Jente";"Høyere utdanning";65,704;1,26166
"7687";"Norge";"51610213";"5161";9;"Jente";"Høyere utdanning";65,704;1,31764
"7688";"Norge";"51610214";"5161";9;"Jente";"Høyere utdanning";65,704;0,19867
"7689";"Norge";"51610215";"5161";9;"Gutt";"Høyere utdanning";57,13913;-1,15238
"7690";"Norge";"51610216";"5161";9;"Jente";"Kort utdanning";34,6202;1,28287
"7691";"Norge";"51610217";"5161";9;"Jente";"Kort utdanning";44,59585;-0,36113
"7692";"Norge";"51610218";"5161";9;"Gutt";"Høyere utdanning";65,704;-1,32032
"7693";"Norge";"51610219";"5161";9;"Gutt";"Høyere utdanning";49,42491;0,81381
"7694";"Norge";"51610220";"5161";9;"Jente";"Ungdomsskole";52,66245;0,8418
"7695";"Norge";"51610221";"5161";9;"Jente";"Ungdomsskole";65,704;-0,98068
"7696";"Norge";"51610223";"5161";9;"Jente";"Ungdomsskole";65,704;1,1217
"7697";"Norge";"51610224";"5161";9;"Gutt";"Høyere utdanning";31,55703;0,69875
"7698";"Norge";"51610225";"5161";9;"Jente";"Kort utdanning";57,13913;0,7025
"7699";"Norge";"51610226";"5161";9;"Jente";"Høyere utdanning";65,704;1,00974
"7700";"Norge";"51610227";"5161";9;"Jente";"Høyere utdanning";42,6371;-0,02591
"7701";"Norge";"51620101";"5162";9;"Gutt";"Ungdomsskole";57,13913;-0,62055
"7702";"Norge";"51620102";"5162";9;"Gutt";"Høyere utdanning";65,704;0,98175
"7703";"Norge";"51620105";"5162";9;"Jente";"Høyere utdanning";65,704;1,31764
"7704";"Norge";"51620108";"5162";9;"Annet";"Høyere utdanning";37,63793;0,86979
"7705";"Norge";"51620109";"5162";9;"Gutt";"Høyere utdanning";52,66245;1,00974
"7706";"Norge";"51620110";"5162";9;"Gutt";"Høyere utdanning";65,704;1,56956
"7707";"Norge";"51620111";"5162";9;"Jente";"Høyere utdanning";65,704;1,17769
"7708";"Norge";"51620112";"5162";9;"Jente";"Høyere utdanning";65,704;0,61412
"7709";"Norge";"51620114";"5162";9;"Jente";"Høyere utdanning";65,704;1,17769
"7710";"Norge";"51620115";"5162";9;"Jente";"Høyere utdanning";65,704;1,26166
"7711";"Norge";"51620117";"5162";9;"Gutt";"Høyere utdanning";49,42491;0,50591
"7712";"Norge";"51620118";"5162";9;"Jente";"Høyere utdanning";65,704;1,25791
"7713";"Norge";"51630102";"5163";9;"Jente";"Høyere utdanning";65,704;-1,48385
"7714";"Norge";"51630103";"5163";9;"Jente";"Ungdomsskole";65,704;1,31764
"7715";"Norge";"51630106";"5163";9;"Jente";"Høyere utdanning";65,704;0,30622
"7716";"Norge";"51630108";"5163";9;"Gutt";"VGS";36,11853;-0,05765
"7717";"Norge";"51630110";"5163";9;"Gutt";"Ungdomsskole";37,63793;-1,16964
"7718";"Norge";"51630111";"5163";9;"Gutt";"VGS";37,63793;0,39019
"7719";"Norge";"51630112";"5163";9;"Jente";"Høyere utdanning";65,704;-0,95203
"7720";"Norge";"51630113";"5163";9;"Annet";"Høyere utdanning";36,11853;-1,64625
"7721";"Norge";"51630114";"5163";9;"Gutt";"Ungdomsskole";37,63793;1,56956
"7722";"Norge";"51630115";"5163";9;"Jente";"Høyere utdanning";65,704;-0,81274
"7723";"Norge";"51630116";"5163";9;"Gutt";"Kort utdanning";37,63793;1,31764
"7724";"Norge";"51630118";"5163";9;"Jente";"VGS";49,42491;-1,21277
"7725";"Norge";"51630119";"5163";9;"Annet";"Ungdomsskole";34,6202;-3,70079
"7726";"Norge";"51630120";"5163";9;"Jente";"Høyere utdanning";65,704;1,06572
"7727";"Norge";"51630121";"5163";9;"Jente";"VGS";57,13913;-0,89605
"7728";"Norge";"51630122";"5163";9;"Gutt";"VGS";39,20663;-0,81208
"7729";"Norge";"51630123";"5163";9;"Gutt";"Ungdomsskole";28,03514;-1,00426
"7730";"Norge";"51630301";"5163";9;"Jente";"Ungdomsskole";65,704;-1,32032
"7731";"Norge";"51630302";"5163";9;"Jente";"Høyere utdanning";65,704;0,02698
"7732";"Norge";"51630303";"5163";9;"Jente";"Ungdomsskole";65,704;1,1217
"7733";"Norge";"51630304";"5163";9;"Gutt";"VGS";65,704;0,8418
"7734";"Norge";"51630305";"5163";9;"Jente";"Høyere utdanning";65,704;0,50591
"7735";"Norge";"51630306";"5163";9;"Gutt";"VGS";41,72966;-1,59957
"7736";"Norge";"51630307";"5163";9;"Gutt";"Ungdomsskole";33,11239;-0,73661
"7737";"Norge";"51630308";"5163";9;"Jente";"Ungdomsskole";65,704;-0,19319
"7738";"Norge";"51630310";"5163";9;"Gutt";"VGS";37,63793;-1,37189
"7739";"Norge";"51630312";"5163";9;"Gutt";"VGS";40,85939;0,60347
"7740";"Norge";"51630314";"5163";9;"Gutt";"VGS";37,63793;-2,13514
"7741";"Norge";"51630315";"5163";9;"Jente";"Kort utdanning";37,63793;-0,98068
"7742";"Norge";"51630316";"5163";9;"Jente";"Kort utdanning";65,704;-0,42087
"7743";"Norge";"51630317";"5163";9;"Jente";"Kort utdanning";65,704;-0,9247
"7744";"Norge";"51630318";"5163";9;"Gutt";"Ungdomsskole";37,63793;-0,46443
"7745";"Norge";"51630319";"5163";9;"Jente";"Ungdomsskole";65,704;0,89778
"7746";"Norge";"51630320";"5163";9;"Gutt";"Høyere utdanning";65,704;0,70184
"7747";"Norge";"51630321";"5163";9;"Jente";"Høyere utdanning";57,13913;1,00974
"7748";"Norge";"51630322";"5163";9;"Gutt";"Høyere utdanning";57,13913;0,11404
"7749";"Norge";"51630323";"5163";9;"Jente";"Høyere utdanning";52,66245;-0,22118
"7750";"Norge";"51640201";"5164";9;"Jente";"Høyere utdanning";65,704;1,17769
"7751";"Norge";"51640202";"5164";9;"Jente";"Kort utdanning";49,42491;-0,9247
"7752";"Norge";"51640203";"5164";9;"Jente";"Høyere utdanning";65,704;-2,2147
"7753";"Norge";"51640205";"5164";9;"Jente";"Kort utdanning";65,704;-0,20135
"7754";"Norge";"51640206";"5164";9;"Jente";"Kort utdanning";65,704;-0,58881
"7755";"Norge";"51640210";"5164";9;"Jente";"Høyere utdanning";52,66245;0,08229
"7756";"Norge";"51640211";"5164";9;"Gutt";"Høyere utdanning";33,11239;1,68152
"7757";"Norge";"51640212";"5164";9;"Jente";"Høyere utdanning";52,66245;-1,10015
"7758";"Norge";"51640213";"5164";9;"Gutt";"Kort utdanning";44,59585;0,05497
"7759";"Norge";"51640215";"5164";9;"Jente";"Høyere utdanning";44,59585;0,44617
"7760";"Norge";"51640216";"5164";9;"Jente";"Ungdomsskole";65,704;-1,15238
"7761";"Norge";"51640301";"5164";9;"Gutt";"Kort utdanning";65,704;-0,50484
"7762";"Norge";"51640302";"5164";9;"Jente";"Høyere utdanning";65,704;-0,47685
"7763";"Norge";"51640303";"5164";9;"Gutt";"Høyere utdanning";57,13913;-0,6168
"7764";"Norge";"51640304";"5164";9;"Jente";"Høyere utdanning";65,704;-2,91888
"7765";"Norge";"51640305";"5164";9;"Gutt";"Høyere utdanning";65,704;0,41818
"7766";"Norge";"51640306";"5164";9;"Gutt";"Høyere utdanning";36,11853;-0,02966
"7767";"Norge";"51640307";"5164";9;"Gutt";"Høyere utdanning";42,6371;1,00974
"7768";"Norge";"51640309";"5164";9;"Jente";"VGS";52,66245;-1,60858
"7769";"Norge";"51640310";"5164";9;"Gutt";"Ungdomsskole";39,20663;0,04191
"7770";"Norge";"51640312";"5164";9;"Jente";"Høyere utdanning";65,704;0,92577
"7771";"Norge";"51640313";"5164";9;"Jente";"Høyere utdanning";65,704;0,30622
"7772";"Norge";"51640315";"5164";9;"Jente";"Høyere utdanning";65,704;-0,28976
"7773";"Norge";"51640316";"5164";9;"Jente";"Høyere utdanning";65,704;0,44617
"7774";"Norge";"51640317";"5164";9;"Jente";"Høyere utdanning";65,704;0,81381
"7775";"Norge";"51640318";"5164";9;"Gutt";"Høyere utdanning";65,704;0,72608
"7776";"Norge";"51670108";"5167";9;"Jente";"Høyere utdanning";65,704;0,22225
"7777";"Norge";"51670110";"5167";9;"Gutt";"Ungdomsskole";42,6371;-1,59957
"7778";"Norge";"51670111";"5167";9;"Annet";"Ungdomsskole";65,704;-0,33381
"7779";"Norge";"51670112";"5167";9;"Jente";"Høyere utdanning";65,704;1,1217
"7780";"Norge";"51670113";"5167";9;"Jente";"Høyere utdanning";65,704;0,58988
"7781";"Norge";"51670114";"5167";9;"Jente";"Høyere utdanning";65,704;-0,50484
"7782";"Norge";"51670118";"5167";9;"Jente";"VGS";65,704;-1,14796
"7783";"Norge";"51670121";"5167";9;"Jente";"Høyere utdanning";65,704;-0,05765
"7784";"Norge";"51670205";"5167";9;"Gutt";"Høyere utdanning";37,63793;1,63024
"7785";"Norge";"51670211";"5167";9;"Jente";"Høyere utdanning";65,704;1,03773
"7786";"Norge";"51670214";"5167";9;"Annet";"Kort utdanning";37,63793;-0,70809
"7787";"Norge";"51670215";"5167";9;"Jente";"Høyere utdanning";65,704;1,00974
"7788";"Norge";"51670216";"5167";9;"Gutt";"Høyere utdanning";65,704;0,89778
"7789";"Norge";"51670218";"5167";9;"Jente";"Ungdomsskole";65,704;0,75407
"7790";"Norge";"51670220";"5167";9;"Jente";"Høyere utdanning";65,704;0,89778
"7791";"Norge";"51690101";"5169";9;"Gutt";"Høyere utdanning";65,704;0,33796
"7792";"Norge";"51690102";"5169";9;"Jente";"Høyere utdanning";65,704;1,17769
"7793";"Norge";"51690103";"5169";9;"Jente";"Høyere utdanning";65,704;0,13828
"7794";"Norge";"51690104";"5169";9;"Jente";"Kort utdanning";65,704;-0,86431
"7795";"Norge";"51690105";"5169";9;"Gutt";"Høyere utdanning";39,20663;1,31764
"7796";"Norge";"51690106";"5169";9;"Gutt";"Høyere utdanning";65,704;0,47417
"7797";"Norge";"51690107";"5169";9;"Jente";"VGS";65,704;0,30622
"7798";"Norge";"51690108";"5169";9;"Gutt";"VGS";49,42491;-1,1722
"7799";"Norge";"51690109";"5169";9;"Jente";"Høyere utdanning";57,13913;0,72983
"7800";"Norge";"51690113";"5169";9;"Gutt";"Høyere utdanning";65,704;1,34563
"7801";"Norge";"51690115";"5169";9;"Jente";"Høyere utdanning";65,704;0,24649
"7802";"Norge";"51690116";"5169";9;"Gutt";"Høyere utdanning";37,63793;1,68152
"7803";"Norge";"51690118";"5169";9;"Gutt";"VGS";36,11853;0,41818
"7804";"Norge";"51690119";"5169";9;"Jente";"Høyere utdanning";65,704;1,25791
"7805";"Norge";"51690120";"5169";9;"Gutt";"Kort utdanning";57,13913;-1,71153
"7806";"Norge";"51690121";"5169";9;"Gutt";"VGS";36,11853;-1,46469
"7807";"Norge";"51690123";"5169";9;"Gutt";"Høyere utdanning";49,42491;-0,90487
"7808";"Norge";"51690124";"5169";9;"Jente";"Høyere utdanning";65,704;1,25791
"7809";"Norge";"51690126";"5169";9;"Gutt";"Høyere utdanning";65,704;0,41818
"7810";"Norge";"51690127";"5169";9;"Jente";"Høyere utdanning";49,42491;0,69809
"7811";"Norge";"51690302";"5169";9;"Gutt";"Høyere utdanning";39,20663;1,06572
"7812";"Norge";"51690303";"5169";9;"Jente";"Høyere utdanning";65,704;1,26166
"7813";"Norge";"51690304";"5169";9;"Gutt";"VGS";42,6371;-0,42087
"7814";"Norge";"51690306";"5169";9;"Jente";"Kort utdanning";65,704;-1,46028
"7815";"Norge";"51690307";"5169";9;"Gutt";"Kort utdanning";57,13913;0,28264
"7816";"Norge";"51690308";"5169";9;"Jente";"Høyere utdanning";65,704;1,14594
"7817";"Norge";"51690310";"5169";9;"Jente";"Høyere utdanning";65,704;1,1217
"7818";"Norge";"51690311";"5169";9;"Gutt";"Høyere utdanning";44,59585;1,09371
"7819";"Norge";"51690312";"5169";9;"Gutt";"Høyere utdanning";39,20663;1,26166
"7820";"Norge";"51690313";"5169";9;"Gutt";"VGS";37,63793;-1,63263
"7821";"Norge";"51690315";"5169";9;"Jente";"Høyere utdanning";65,704;0,56189
"7822";"Norge";"51690316";"5169";9;"Gutt";"Høyere utdanning";52,66245;0,53015
"7823";"Norge";"51690318";"5169";9;"Jente";"Høyere utdanning";65,704;0,98175
"7824";"Norge";"51690319";"5169";9;"Gutt";"Ungdomsskole";37,63793;0,41068
"7825";"Norge";"51690321";"5169";9;"Jente";"Høyere utdanning";65,704;-1,88323
"7826";"Norge";"51690322";"5169";9;"Jente";"Ungdomsskole";65,704;-0,48126
"7827";"Norge";"51690323";"5169";9;"Jente";"Høyere utdanning";65,704;0,8418
"7828";"Norge";"51690325";"5169";9;"Gutt";"Ungdomsskole";65,704;0,53015
"7829";"Norge";"51690326";"5169";9;"Gutt";"VGS";65,704;-1,28792
"7830";"Norge";"51690327";"5169";9;"Gutt";"Høyere utdanning";41,30992;0,41818
"7831";"Norge";"51690328";"5169";9;"Jente";"Ungdomsskole";65,704;1,31764
"7832";"Norge";"51700201";"5170";9;"Jente";"Høyere utdanning";39,20663;-0,029
"7833";"Norge";"51700202";"5170";9;"Gutt";"Høyere utdanning";34,6202;1,68152
"7834";"Norge";"51700205";"5170";9;"Gutt";"Ungdomsskole";39,27211;0,08605
"7835";"Norge";"51700206";"5170";9;"Gutt";"Kort utdanning";65,704;0,06096
"7836";"Norge";"51700207";"5170";9;"Gutt";"Kort utdanning";37,63793;0,86979
"7837";"Norge";"51700208";"5170";9;"Gutt";"Ungdomsskole";34,6202;0,72983
"7838";"Norge";"51700209";"5170";9;"Jente";"Høyere utdanning";34,6202;0,56189
"7839";"Norge";"51700211";"5170";9;"Jente";"Kort utdanning";65,704;0,36595
"7840";"Norge";"51700212";"5170";9;"Gutt";"Ungdomsskole";46,81653;-0,41379
"7841";"Norge";"51700214";"5170";9;"Jente";"Høyere utdanning";65,704;0,61412
"7842";"Norge";"51700216";"5170";9;"Jente";"VGS";37,63793;-1,35975
"7843";"Norge";"51700219";"5170";9;"Jente";"Høyere utdanning";37,63793;0,64586
"7844";"Norge";"51700220";"5170";9;"Gutt";"Ungdomsskole";37,63793;-0,34131
"7845";"Norge";"51700221";"5170";9;"Jente";"Høyere utdanning";65,704;-0,90046
"7846";"Norge";"51700223";"5170";9;"Gutt";"Høyere utdanning";37,63793;0,36595
"7847";"Norge";"51700224";"5170";9;"Annet";"Ungdomsskole";37,63793;1,22948
"7848";"Norge";"51700225";"5170";9;"Gutt";"Høyere utdanning";44,59585;0,6701
"7849";"Norge";"51700226";"5170";9;"Gutt";"VGS";37,63793;-2,21875
"7850";"Norge";"51700401";"5170";9;"Jente";"Høyere utdanning";37,63793;0,98175
"7851";"Norge";"51700402";"5170";9;"Gutt";"Høyere utdanning";37,63793;1,03773
"7852";"Norge";"51700404";"5170";9;"Gutt";"Kort utdanning";49,42491;1,31764
"7853";"Norge";"51700405";"5170";9;"Gutt";"Ungdomsskole";37,63793;-0,92911
"7854";"Norge";"51700406";"5170";9;"Gutt";"Ungdomsskole";37,63793;-3,2821
"7855";"Norge";"51700412";"5170";9;"Gutt";"Høyere utdanning";65,704;-0,36555
"7856";"Norge";"51700413";"5170";9;"Jente";"Høyere utdanning";44,59585;-1,43537
"7857";"Norge";"51700419";"5170";9;"Jente";"Høyere utdanning";65,704;0,89778
"7858";"Norge";"51700421";"5170";9;"Jente";"Høyere utdanning";37,63793;-1,2002
"7859";"Norge";"51700424";"5170";9;"Gutt";"Høyere utdanning";65,704;-0,38846
"7860";"Norge";"51700426";"5170";9;"Gutt";"Kort utdanning";65,704;0,72983
"7861";"Norge";"51700427";"5170";9;"Gutt";"Ungdomsskole";65,704;0,22225
"7862";"Norge";"51710201";"5171";9;"Jente";"Høyere utdanning";65,704;0,72983
"7863";"Norge";"51710203";"5171";9;"Gutt";"Høyere utdanning";65,704;0,61412
"7864";"Norge";"51710205";"5171";9;"Jente";"Kort utdanning";65,704;-0,30957
"7865";"Norge";"51710206";"5171";9;"Jente";"Kort utdanning";65,704;0,6701
"7866";"Norge";"51710207";"5171";9;"Jente";"Høyere utdanning";49,42491;0,89778
"7867";"Norge";"51710209";"5171";9;"Jente";"Høyere utdanning";65,704;0,22225
"7868";"Norge";"51710210";"5171";9;"Jente";"Høyere utdanning";65,704;0,3622
"7869";"Norge";"51710211";"5171";9;"Gutt";"Kort utdanning";65,704;0,89778
"7870";"Norge";"51710215";"5171";9;"Gutt";"Høyere utdanning";65,704;1,17769
"7871";"Norge";"51710216";"5171";9;"Gutt";"Kort utdanning";52,66245;-0,05324
"7872";"Norge";"51710217";"5171";9;"Gutt";"Kort utdanning";65,704;1,09371
"7873";"Norge";"51710218";"5171";9;"Jente";"Høyere utdanning";65,704;0,6701
"7874";"Norge";"51710219";"5171";9;"Jente";"Høyere utdanning";65,704;-1,42787
"7875";"Norge";"51710220";"5171";9;"Gutt";"VGS";65,704;0,47417
"7876";"Norge";"51710221";"5171";9;"Gutt";"Høyere utdanning";49,42491;-0,19319
"7877";"Norge";"51710222";"5171";9;"Gutt";"Kort utdanning";44,59585;0,75407
"7878";"Norge";"51710223";"5171";9;"Jente";"Høyere utdanning";65,704;0,95376
"7879";"Norge";"51710224";"5171";9;"Gutt";"Høyere utdanning";39,20663;-0,00023
"7880";"Norge";"51710225";"5171";9;"Jente";"Høyere utdanning";65,704;0,45059
"7881";"Norge";"51710226";"5171";9;"Gutt";"Ungdomsskole";57,13913;-0,81274
"7882";"Norge";"51710227";"5171";9;"Jente";"Kort utdanning";65,704;0,13828
"7883";"Norge";"51710401";"5171";9;"Gutt";"Høyere utdanning";65,704;-1,48827
"7884";"Norge";"51710402";"5171";9;"Jente";"VGS";44,59585;0,08229
"7885";"Norge";"51710403";"5171";9;"Gutt";"Høyere utdanning";40,85939;1,14969
"7886";"Norge";"51710404";"5171";9;"Jente";"Høyere utdanning";65,704;0,30622
"7887";"Norge";"51710405";"5171";9;"Jente";"Kort utdanning";65,704;-0,24917
"7888";"Norge";"51710406";"5171";9;"Jente";"VGS";37,63793;-1,25487
"7889";"Norge";"51710408";"5171";9;"Jente";"Høyere utdanning";52,66245;0,16627
"7890";"Norge";"51710409";"5171";9;"Gutt";"Høyere utdanning";46,81653;-0,09178
"7891";"Norge";"51710410";"5171";9;"Gutt";"Høyere utdanning";42,6371;-1,42787
"7892";"Norge";"51710413";"5171";9;"Gutt";"Høyere utdanning";65,704;1,03773
"7893";"Norge";"51710414";"5171";9;"Gutt";"Høyere utdanning";37,63793;0,53015
"7894";"Norge";"51710415";"5171";9;"Gutt";"Høyere utdanning";65,704;1,68152
"7895";"Norge";"51710416";"5171";9;"Gutt";"Ungdomsskole";37,63793;-0,029
"7896";"Norge";"51710418";"5171";9;"Gutt";"Høyere utdanning";52,66245;0,08229
"7897";"Norge";"51710419";"5171";9;"Jente";"Høyere utdanning";65,704;1,14969
"7898";"Norge";"51710420";"5171";9;"Jente";"VGS";49,42491;0,05055
"7899";"Norge";"51710422";"5171";9;"Jente";"Høyere utdanning";65,704;0,47417
"7900";"Norge";"51710423";"5171";9;"Gutt";"Høyere utdanning";42,6371;0,22225
"7901";"Norge";"51710424";"5171";9;"Gutt";"Høyere utdanning";33,11239;-0,2765
"7902";"Norge";"51750101";"5175";9;"Gutt";"Ungdomsskole";42,6371;-0,48126
"7903";"Norge";"51750102";"5175";9;"Gutt";"Høyere utdanning";44,59585;0,70184
"7904";"Norge";"51750103";"5175";9;"Jente";"Høyere utdanning";65,704;1,03773
"7905";"Norge";"51750104";"5175";9;"Gutt";"Høyere utdanning";46,81653;0,72983
"7906";"Norge";"51750105";"5175";9;"Gutt";"Høyere utdanning";31,55703;0,72233
"7907";"Norge";"51750106";"5175";9;"Gutt";"Høyere utdanning";49,42491;1,56956
"7908";"Norge";"51750107";"5175";9;"Gutt";"Høyere utdanning";42,6371;0,44617
"7909";"Norge";"51750108";"5175";9;"Jente";"Høyere utdanning";65,704;1,1217
"7910";"Norge";"51750109";"5175";9;"Jente";"Høyere utdanning";65,704;1,06572
"7911";"Norge";"51750110";"5175";9;"Gutt";"Ungdomsskole";65,704;0,8418
"7912";"Norge";"51750111";"5175";9;"Jente";"Høyere utdanning";65,704;1,17769
"7913";"Norge";"51750112";"5175";9;"Jente";"Høyere utdanning";42,6371;0,6701
"7914";"Norge";"51750113";"5175";9;"Gutt";"Høyere utdanning";15,93837;0,36595
"7915";"Norge";"51750114";"5175";9;"Gutt";"Høyere utdanning";40,85939;0,98175
"7916";"Norge";"51750115";"5175";9;"Jente";"Ungdomsskole";65,704;0,72983
"7917";"Norge";"51750116";"5175";9;"Gutt";"Høyere utdanning";46,81653;-0,17336
"7918";"Norge";"51750118";"5175";9;"Jente";"Høyere utdanning";65,704;0,58613
"7919";"Norge";"51750119";"5175";9;"Gutt";"Ungdomsskole";46,81653;0,89778
"7920";"Norge";"51750120";"5175";9;"Jente";"Høyere utdanning";57,13913;0,45059
"7921";"Norge";"51750122";"5175";9;"Jente";"Kort utdanning";49,42491;0,05171
"7922";"Norge";"51750123";"5175";9;"Jente";"Ungdomsskole";65,704;0,89778
"7923";"Norge";"51750124";"5175";9;"Jente";"Ungdomsskole";65,704;-0,19319
"7924";"Norge";"51750401";"5175";9;"Jente";"Høyere utdanning";65,704;0,67385
"7925";"Norge";"51750402";"5175";9;"Gutt";"Høyere utdanning";65,704;0,8418
"7926";"Norge";"51750403";"5175";9;"Gutt";"Kort utdanning";65,704;1,28965
"7927";"Norge";"51750405";"5175";9;"Jente";"Ungdomsskole";65,704;1,68152
"7928";"Norge";"51750406";"5175";9;"Gutt";"Høyere utdanning";65,704;1,26166
"7929";"Norge";"51750407";"5175";9;"Gutt";"Høyere utdanning";44,09532;1,26166
"7930";"Norge";"51750408";"5175";9;"Jente";"Høyere utdanning";65,704;0,50591
"7931";"Norge";"51750409";"5175";9;"Gutt";"Høyere utdanning";29,89724;0,8838
"7932";"Norge";"51750410";"5175";9;"Annet";"Kort utdanning";52,66245;-0,00542
"7933";"Norge";"51750411";"5175";9;"Jente";"Høyere utdanning";65,704;1,14969
"7934";"Norge";"51750412";"5175";9;"Gutt";"Høyere utdanning";65,704;1,14969
"7935";"Norge";"51750413";"5175";9;"Gutt";"Høyere utdanning";65,704;0,41818
"7936";"Norge";"51750414";"5175";9;"Gutt";"Høyere utdanning";65,704;0,33046
"7937";"Norge";"51750415";"5175";9;"Jente";"Høyere utdanning";65,704;1,34563
"7938";"Norge";"51750416";"5175";9;"Jente";"Høyere utdanning";65,704;1,09371
"7939";"Norge";"51750417";"5175";9;"Gutt";"Ungdomsskole";42,6371;1,06572
"7940";"Norge";"51750418";"5175";9;"Gutt";"Høyere utdanning";65,704;1,68152
"7941";"Norge";"51750419";"5175";9;"Gutt";"Ungdomsskole";57,13913;0,8418
"7942";"Norge";"51750420";"5175";9;"Gutt";"Kort utdanning";52,66245;-0,6168
"7943";"Norge";"51750421";"5175";9;"Jente";"Høyere utdanning";65,704;0,8418
"7944";"Norge";"51750422";"5175";9;"Gutt";"Høyere utdanning";44,59585;1,34563
"7945";"Norge";"51760102";"5176";9;"Jente";"Høyere utdanning";65,12546;-0,08564
"7946";"Norge";"51760103";"5176";9;"Gutt";"Høyere utdanning";39,20663;0,36595
"7947";"Norge";"51760104";"5176";9;"Jente";"Ungdomsskole";65,704;0,0468
"7948";"Norge";"51760105";"5176";9;"Jente";"VGS";65,704;0,0543
"7949";"Norge";"51760106";"5176";9;"Jente";"Høyere utdanning";65,704;0,8418
"7950";"Norge";"51760107";"5176";9;"Jente";"Kort utdanning";65,704;0,17002
"7951";"Norge";"51760108";"5176";9;"Gutt";"Høyere utdanning";44,59585;-0,05765
"7952";"Norge";"51760109";"5176";9;"Gutt";"VGS";65,704;0,13407
"7953";"Norge";"51760111";"5176";9;"Gutt";"VGS";52,66245;-2,27068
"7954";"Norge";"51760112";"5176";9;"Gutt";"VGS";65,704;-0,75676
"7955";"Norge";"51760114";"5176";9;"Jente";"Høyere utdanning";65,704;-0,33248
"7956";"Norge";"51760115";"5176";9;"Gutt";"Kort utdanning";46,81653;-1,12439
"7957";"Norge";"51760116";"5176";9;"Jente";"VGS";49,42491;1,14594
"7958";"Norge";"51760117";"5176";9;"Gutt";"Ungdomsskole";41,19522;-1,31525
"7959";"Norge";"51760119";"5176";9;"Gutt";"Høyere utdanning";52,66245;-0,72877
"7960";"Norge";"51760120";"5176";9;"Gutt";"Høyere utdanning";37,45846;-2,6943
"7961";"Norge";"51760121";"5176";9;"Jente";"VGS";65,704;0,03139
"7962";"Norge";"51760301";"5176";9;"Gutt";"Høyere utdanning";65,704;-0,90487
"7963";"Norge";"51760302";"5176";9;"Gutt";"Høyere utdanning";57,13913;0,8418
"7964";"Norge";"51760303";"5176";9;"Jente";"Høyere utdanning";65,704;0,11095
"7965";"Norge";"51760304";"5176";9;"Jente";"Høyere utdanning";46,81653;-0,33689
"7966";"Norge";"51760305";"5176";9;"Gutt";"VGS";65,704;0,75782
"7967";"Norge";"51760307";"5176";9;"Gutt";"Høyere utdanning";44,59585;-0,34131
"7968";"Norge";"51760308";"5176";9;"Jente";"Høyere utdanning";65,704;0,72983
"7969";"Norge";"51760309";"5176";9;"Gutt";"VGS";34,6202;0,50591
"7970";"Norge";"51760311";"5176";9;"Gutt";"Kort utdanning";65,704;0,11095
"7971";"Norge";"51760312";"5176";9;"Gutt";"Høyere utdanning";40,85939;0,33421
"7972";"Norge";"51760313";"5176";9;"Jente";"Høyere utdanning";57,13913;0,70184
"7973";"Norge";"51760314";"5176";9;"Gutt";"Kort utdanning";40,85939;0,95376
"7974";"Norge";"51760315";"5176";9;"Gutt";"Høyere utdanning";44,59585;-0,7281
"7975";"Norge";"51760316";"5176";9;"Gutt";"Høyere utdanning";46,81653;1,00974
"7976";"Norge";"51760318";"5176";9;"Jente";"Kort utdanning";65,704;-0,05324
"7977";"Norge";"51760319";"5176";9;"Jente";"Kort utdanning";65,704;-0,5055
"7978";"Norge";"51760320";"5176";9;"Jente";"Høyere utdanning";65,704;0,95376
"7979";"Norge";"51760321";"5176";9;"Jente";"Høyere utdanning";65,704;-0,24851
"7980";"Norge";"51780103";"5178";9;"Jente";"Høyere utdanning";65,704;0,78648
"7981";"Norge";"51780104";"5178";9;"Annet";"Kort utdanning";37,63793;-0,16454
"7982";"Norge";"51780105";"5178";9;"Gutt";"Ungdomsskole";65,704;-0,70144
"7983";"Norge";"51780107";"5178";9;"Gutt";"Kort utdanning";65,704;-0,029
"7984";"Norge";"51780108";"5178";9;"Jente";"Høyere utdanning";65,704;1,06572
"7985";"Norge";"51780110";"5178";9;"Gutt";"Ungdomsskole";57,13913;-0,98002
"7986";"Norge";"51780111";"5178";9;"Gutt";"VGS";57,13913;0,17068
"7987";"Norge";"51780113";"5178";9;"Jente";"Kort utdanning";65,704;-0,47751
"7988";"Norge";"51780114";"5178";9;"Jente";"Kort utdanning";65,704;0,44993
"7989";"Norge";"51780115";"5178";9;"Jente";"VGS";49,42491;0,33796
"7990";"Norge";"51780117";"5178";9;"Gutt";"Høyere utdanning";42,6371;0,72983
"7991";"Norge";"51780119";"5178";9;"Jente";"Kort utdanning";65,704;-1,04041
"7992";"Norge";"51780302";"5178";9;"Jente";"Høyere utdanning";65,704;-2,29934
"7993";"Norge";"51780303";"5178";9;"Jente";"Høyere utdanning";52,66245;-0,0539
"7994";"Norge";"51780304";"5178";9;"Jente";"Høyere utdanning";65,704;0,50591
"7995";"Norge";"51780305";"5178";9;"Jente";"Høyere utdanning";65,704;0,53015
"7996";"Norge";"51780306";"5178";9;"Jente";"VGS";52,66245;-0,05765
"7997";"Norge";"51780308";"5178";9;"Jente";"Kort utdanning";37,63793;0,41818
"7998";"Norge";"51780309";"5178";9;"Jente";"VGS";65,704;-1,57599
"7999";"Norge";"51780310";"5178";9;"Jente";"Høyere utdanning";65,704;1,06572
"8000";"Norge";"51780311";"5178";9;"Jente";"Høyere utdanning";65,704;0,25399
"8001";"Norge";"51780313";"5178";9;"Gutt";"Kort utdanning";42,6371;-0,12318
"8002";"Norge";"51780314";"5178";9;"Annet";"VGS";34,6202;1,06572
"8003";"Norge";"51780315";"5178";9;"Gutt";"VGS";44,59585;1,03773
"8004";"Norge";"51780316";"5178";9;"Gutt";"VGS";49,42491;0,50216
"8005";"Norge";"51780317";"5178";9;"Jente";"Kort utdanning";57,13913;-2,88648
"8006";"Norge";"51780319";"5178";9;"Gutt";"Høyere utdanning";49,42491;0,75782
"8007";"Norge";"51780321";"5178";9;"Jente";"Høyere utdanning";65,704;-0,61305
"8008";"Norge";"51780322";"5178";9;"Gutt";"VGS";49,42491;-0,00167
"8009";"Norge";"51780323";"5178";9;"Jente";"Ungdomsskole";65,704;1,14969
"8010";"Norge";"51780324";"5178";9;"Jente";"VGS";49,42491;0,75782
"8011";"Norge";"51780325";"5178";9;"Jente";"Høyere utdanning";65,704;0,41818
"8012";"Norge";"51800103";"5180";9;"Gutt";"Høyere utdanning";42,6371;-0,14096
"8013";"Norge";"51800104";"5180";9;"Jente";"Høyere utdanning";57,13913;0,8418
"8014";"Norge";"51800105";"5180";9;"Gutt";"VGS";49,42491;-1,20395
"8015";"Norge";"51800106";"5180";9;"Gutt";"Ungdomsskole";49,42491;1,68152
"8016";"Norge";"51800109";"5180";9;"Jente";"Høyere utdanning";65,704;-0,20135
"8017";"Norge";"51800110";"5180";9;"Gutt";"VGS";46,81653;-0,75609
"8018";"Norge";"51800111";"5180";9;"Gutt";"Kort utdanning";39,20663;0,58613
"8019";"Norge";"51800113";"5180";9;"Gutt";"Ungdomsskole";49,58883;-1,82791
"8020";"Norge";"51800114";"5180";9;"Jente";"Høyere utdanning";65,704;1,00974
"8021";"Norge";"51800115";"5180";9;"Jente";"VGS";65,704;-0,45327
"8022";"Norge";"51800116";"5180";9;"Gutt";"Høyere utdanning";42,6371;-1,42661
"8023";"Norge";"51800117";"5180";9;"Jente";"Høyere utdanning";65,704;0,67385
"8024";"Norge";"51800201";"5180";9;"Annet";"Ungdomsskole";65,704;0,75407
"8025";"Norge";"51800202";"5180";9;"Gutt";"Høyere utdanning";37,63793;0,08229
"8026";"Norge";"51800203";"5180";9;"Jente";"Høyere utdanning";52,66245;0,95376
"8027";"Norge";"51800204";"5180";9;"Gutt";"VGS";52,66245;-1,89
"8028";"Norge";"51800205";"5180";9;"Jente";"Høyere utdanning";65,704;-0,19319
"8029";"Norge";"51800207";"5180";9;"Jente";"Høyere utdanning";65,704;0,75782
"8030";"Norge";"51800208";"5180";9;"Gutt";"VGS";49,42491;-1,74327
"8031";"Norge";"51800210";"5180";9;"Jente";"Høyere utdanning";65,704;-1,82791
"8032";"Norge";"51800211";"5180";9;"Gutt";"Ungdomsskole";37,63793;-1,14796
"8033";"Norge";"51800212";"5180";9;"Gutt";"VGS";44,59585;0,13894
"8034";"Norge";"51800213";"5180";9;"Jente";"Høyere utdanning";65,704;-0,83698
"8035";"Norge";"51800214";"5180";9;"Jente";"Ungdomsskole";49,42491;0,53015
"8036";"Norge";"51800215";"5180";9;"Gutt";"Høyere utdanning";57,13913;0,61412
"8037";"Norge";"51800216";"5180";9;"Jente";"Høyere utdanning";49,42491;-0,6168
"8038";"Norge";"51820101";"5182";9;"Gutt";"Høyere utdanning";40,85939;-0,05765
"8039";"Norge";"51820102";"5182";9;"Gutt";"Kort utdanning";37,63793;-1,88389
"8040";"Norge";"51820103";"5182";9;"Jente";"Kort utdanning";65,704;1,34357
"8041";"Norge";"51820104";"5182";9;"Jente";"Høyere utdanning";57,13913;-2,85849
"8042";"Norge";"51820106";"5182";9;"Jente";"Høyere utdanning";65,704;-0,029
"8043";"Norge";"51820107";"5182";9;"Jente";"Høyere utdanning";44,59585;-0,78475
"8044";"Norge";"51820108";"5182";9;"Gutt";"Ungdomsskole";39,20663;1,1217
"8045";"Norge";"51830301";"5183";9;"Gutt";"Høyere utdanning";37,63793;-0,55541
"8046";"Norge";"51830302";"5183";9;"Gutt";"Høyere utdanning";37,63793;0,41818
"8047";"Norge";"51830305";"5183";9;"Gutt";"Høyere utdanning";65,704;0,41818
"8048";"Norge";"51830306";"5183";9;"Jente";"Høyere utdanning";65,704;-1,29233
"8049";"Norge";"51830307";"5183";9;"Jente";"Høyere utdanning";65,704;0,32671
"8050";"Norge";"51830308";"5183";9;"Jente";"Høyere utdanning";65,704;0,8418
"8051";"Norge";"51830309";"5183";9;"Jente";"Høyere utdanning";65,704;0,13828
"8052";"Norge";"51830310";"5183";9;"Gutt";"Høyere utdanning";52,66245;1,00974
"8053";"Norge";"51830311";"5183";9;"Jente";"Høyere utdanning";39,20663;-0,05765
"8054";"Norge";"51830312";"5183";9;"Gutt";"VGS";42,6371;0,22732
"8055";"Norge";"51830313";"5183";9;"Gutt";"Høyere utdanning";46,81653;0,16627
"8056";"Norge";"51830314";"5183";9;"Jente";"Kort utdanning";65,704;0,08229
"8057";"Norge";"51830315";"5183";9;"Gutt";"Ungdomsskole";52,66245;-0,83382
"8058";"Norge";"51830316";"5183";9;"Jente";"Høyere utdanning";65,704;0,6701
"8059";"Norge";"51830317";"5183";9;"Jente";"Høyere utdanning";65,704;-0,36404
"8060";"Norge";"51830318";"5183";9;"Gutt";"Ungdomsskole";39,20663;-0,4528
"8061";"Norge";"51830319";"5183";9;"Gutt";"Kort utdanning";39,20663;0,81381
"8062";"Norge";"51830320";"5183";9;"Gutt";"Kort utdanning";42,6371;-0,61989
"8063";"Norge";"51830321";"5183";9;"Jente";"Kort utdanning";52,66245;0,25465
"8064";"Norge";"51830322";"5183";9;"Jente";"Høyere utdanning";65,704;-0,42903
"8065";"Norge";"51830604";"5183";9;"Jente";"Høyere utdanning";65,704;-0,33689
"8066";"Norge";"51830605";"5183";9;"Jente";"VGS";46,81653;-1,96786
"8067";"Norge";"51830606";"5183";9;"Jente";"Høyere utdanning";65,704;-1,34831
"8068";"Norge";"51830607";"5183";9;"Jente";"Høyere utdanning";57,13913;-2,10649
"8069";"Norge";"51830609";"5183";9;"Gutt";"Ungdomsskole";37,63793;0,7836
"8070";"Norge";"51830610";"5183";9;"Jente";"Ungdomsskole";65,704;-0,75234
"8071";"Norge";"51830611";"5183";9;"Jente";"Høyere utdanning";65,704;0,86979
"8072";"Norge";"51830612";"5183";9;"Gutt";"Kort utdanning";44,59585;1,59755
"8073";"Norge";"51830613";"5183";9;"Jente";"Høyere utdanning";65,704;-0,17711
"8074";"Norge";"51830614";"5183";9;"Jente";"Kort utdanning";65,704;0,67385
"8075";"Norge";"51830615";"5183";9;"Gutt";"Høyere utdanning";39,20663;-1,85148
"8076";"Norge";"51830616";"5183";9;"Jente";"Høyere utdanning";65,704;-0,48126
"8077";"Norge";"51830617";"5183";9;"Gutt";"Kort utdanning";44,59585;-1,17971
"8078";"Norge";"51830618";"5183";9;"Jente";"Høyere utdanning";65,704;0,8418
"8079";"Norge";"51830619";"5183";9;"Jente";"Høyere utdanning";65,704;1,14969
"8080";"Norge";"51830620";"5183";9;"Jente";"Høyere utdanning";65,704;0,95376
"8081";"Norge";"51830621";"5183";9;"Gutt";"Høyere utdanning";40,85939;-0,48126
"8082";"Norge";"51830622";"5183";9;"Gutt";"Kort utdanning";52,66245;-0,84007
"8083";"Norge";"51830623";"5183";9;"Gutt";"Høyere utdanning";37,63793;-0,08564
"8084";"Norge";"51840301";"5184";9;"Gutt";"VGS";57,13913;-0,86431
"8085";"Norge";"51840302";"5184";9;"Gutt";"Høyere utdanning";46,81653;0,47417
"8086";"Norge";"51840303";"5184";9;"Gutt";"VGS";37,63793;0,89778
"8087";"Norge";"51840305";"5184";9;"Jente";"VGS";65,704;-2,19112
"8088";"Norge";"51840306";"5184";9;"Gutt";"VGS";65,704;-1,93921
"8089";"Norge";"51840307";"5184";9;"Gutt";"Ungdomsskole";37,63793;-0,78631
"8090";"Norge";"51840308";"5184";9;"Jente";"Kort utdanning";65,704;-0,30515
"8091";"Norge";"51840309";"5184";9;"Annet";"Kort utdanning";52,66245;0,19867
"8092";"Norge";"51840312";"5184";9;"Gutt";"VGS";65,704;0,30622
"8093";"Norge";"51840313";"5184";9;"Jente";"VGS";65,704;-0,33075
"8094";"Norge";"51840315";"5184";9;"Gutt";"VGS";57,13913;1,03773
"8095";"Norge";"51840316";"5184";9;"Jente";"Høyere utdanning";65,704;1,03773
"8096";"Norge";"51840317";"5184";9;"Gutt";"VGS";52,66245;-1,85148
"8097";"Norge";"51840318";"5184";9;"Jente";"Høyere utdanning";65,704;0,36595
"8098";"Norge";"51840319";"5184";9;"Jente";"VGS";65,704;-0,90112
"8099";"Norge";"51840320";"5184";9;"Jente";"Kort utdanning";65,704;-0,25734
"8100";"Norge";"51840321";"5184";9;"Jente";"Høyere utdanning";57,13913;-1,5156
"8101";"Norge";"51840322";"5184";9;"Gutt";"Kort utdanning";42,6371;-0,47751
"8102";"Norge";"51840323";"5184";9;"Gutt";"VGS";49,42491;0,2185
"8103";"Norge";"51840324";"5184";9;"Jente";"VGS";65,704;0,226
"8104";"Norge";"51840325";"5184";9;"Jente";"VGS";57,13913;-1,42787
"8105";"Norge";"51840601";"5184";9;"Jente";"Høyere utdanning";41,72966;-1,82283
"8106";"Norge";"51840602";"5184";9;"Jente";"Høyere utdanning";65,704;-0,90487
"8107";"Norge";"51840605";"5184";9;"Jente";"Høyere utdanning";65,704;0,47417
"8108";"Norge";"51840607";"5184";9;"Gutt";"Kort utdanning";52,66245;0,50591
"8109";"Norge";"51840608";"5184";9;"Gutt";"Høyere utdanning";65,704;1,03773
"8110";"Norge";"51840609";"5184";9;"Gutt";"VGS";42,6371;1,56956
"8111";"Norge";"51840610";"5184";9;"Jente";"VGS";65,704;-0,64104
"8112";"Norge";"51840613";"5184";9;"Gutt";"VGS";37,63793;0,33796
"8113";"Norge";"51840614";"5184";9;"Gutt";"Ungdomsskole";57,13913;-1,98327
"8114";"Norge";"51840615";"5184";9;"Jente";"Høyere utdanning";65,704;0,05055
"8115";"Norge";"51840617";"5184";9;"Jente";"Høyere utdanning";65,704;0,11404
"8116";"Norge";"51840618";"5184";9;"Gutt";"Høyere utdanning";39,20663;-0,3705
"8117";"Norge";"51840621";"5184";9;"Jente";"VGS";37,63793;-0,39288
"8118";"Norge";"51840623";"5184";9;"Gutt";"Ungdomsskole";28,03514;0,08671
"8119";"Norge";"51840624";"5184";9;"Gutt";"VGS";37,63793;0,39461
"8120";"Norge";"51840625";"5184";9;"Jente";"Kort utdanning";65,704;0,47417
"8121";"Norge";"51840626";"5184";9;"Jente";"Høyere utdanning";65,704;0,41818
"8122";"Norge";"51840627";"5184";9;"Jente";"VGS";65,704;-0,59322
"8123";"Norge";"51850102";"5185";9;"Jente";"Høyere utdanning";65,704;0,19867
"8124";"Norge";"51850103";"5185";9;"Gutt";"Høyere utdanning";52,66245;-1,42787
"8125";"Norge";"51850104";"5185";9;"Jente";"Høyere utdanning";65,704;0,50591
"8126";"Norge";"51850105";"5185";9;"Gutt";"VGS";39,20663;-2,21536
"8127";"Norge";"51850106";"5185";9;"Jente";"VGS";49,42491;0,19117
"8128";"Norge";"51850107";"5185";9;"Jente";"Ungdomsskole";65,704;0,08229
"8129";"Norge";"51850108";"5185";9;"Jente";"Kort utdanning";65,704;-0,05765
"8130";"Norge";"51850109";"5185";9;"Jente";"Kort utdanning";65,704;0,89778
"8131";"Norge";"51850110";"5185";9;"Gutt";"Høyere utdanning";37,63793;-2,38626
"8132";"Norge";"51850113";"5185";9;"Gutt";"Kort utdanning";49,42491;0,33421
"8133";"Norge";"51850115";"5185";9;"Gutt";"Kort utdanning";46,81653;0,8418
"8134";"Norge";"51850117";"5185";9;"Jente";"Høyere utdanning";65,704;0,89778
"8135";"Norge";"51850118";"5185";9;"Gutt";"VGS";65,704;0,89778
"8136";"Norge";"51850119";"5185";9;"Gutt";"Kort utdanning";42,6371;-0,6168
"8137";"Norge";"51850120";"5185";9;"Jente";"Høyere utdanning";65,704;1,14969
"8138";"Norge";"51850122";"5185";9;"Gutt";"VGS";37,63793;-1,8559
"8139";"Norge";"51850201";"5185";9;"Jente";"VGS";65,704;-1,17596
"8140";"Norge";"51850202";"5185";9;"Gutt";"VGS";49,42491;-1,71153
"8141";"Norge";"51850203";"5185";9;"Jente";"VGS";65,704;-0,05324
"8142";"Norge";"51850204";"5185";9;"Jente";"Høyere utdanning";62,87645;0,11404
"8143";"Norge";"51850206";"5185";9;"Gutt";"VGS";37,63793;-1,85148
"8144";"Norge";"51850208";"5185";9;"Jente";"Høyere utdanning";65,704;-1,67979
"8145";"Norge";"51850209";"5185";9;"Gutt";"VGS";36,11853;-0,6772
"8146";"Norge";"51850210";"5185";9;"Jente";"Høyere utdanning";65,704;1,00974
"8147";"Norge";"51850211";"5185";9;"Gutt";"Kort utdanning";65,704;-0,5055
"8148";"Norge";"51850213";"5185";9;"Gutt";"Høyere utdanning";52,66245;1,06572
"8149";"Norge";"51850214";"5185";9;"Annet";"Kort utdanning";65,704;0,89778
"8150";"Norge";"51850215";"5185";9;"Jente";"Kort utdanning";65,704;-0,92845
"8151";"Norge";"51850216";"5185";9;"Jente";"Høyere utdanning";65,704;1,17769
"8152";"Norge";"51850217";"5185";9;"Gutt";"VGS";46,81653;0,67385
"8153";"Norge";"51850218";"5185";9;"Gutt";"VGS";42,6371;-0,47685
"8154";"Norge";"51850219";"5185";9;"Gutt";"VGS";37,63793;0,95376
"8155";"Norge";"51850220";"5185";9;"Jente";"VGS";65,704;0,17068
"8156";"Norge";"51850222";"5185";9;"Jente";"Høyere utdanning";65,704;1,17769
"8157";"Norge";"51860201";"5186";9;"Gutt";"Ungdomsskole";37,63793;-0,09314
"8158";"Norge";"51860203";"5186";9;"Gutt";"Kort utdanning";40,85939;-1,01316
"8159";"Norge";"51860205";"5186";9;"Gutt";"Høyere utdanning";63,8905;1,17769
"8160";"Norge";"51860206";"5186";9;"Gutt";"Ungdomsskole";65,704;-0,20135
"8161";"Norge";"51860207";"5186";9;"Jente";"Høyere utdanning";49,42491;-0,17336
"8162";"Norge";"51860208";"5186";9;"Gutt";"Høyere utdanning";33,11239;0,44617
"8163";"Norge";"51860209";"5186";9;"Jente";"Høyere utdanning";65,704;0,27823
"8164";"Norge";"51860211";"5186";9;"Jente";"Kort utdanning";65,704;1,17769
"8165";"Norge";"51860212";"5186";9;"Jente";"Høyere utdanning";65,704;0,72608
"8166";"Norge";"51860213";"5186";9;"Gutt";"Kort utdanning";42,6371;0,75782
"8167";"Norge";"51860214";"5186";9;"Jente";"Høyere utdanning";65,704;0,50591
"8168";"Norge";"51860215";"5186";9;"Jente";"Ungdomsskole";65,704;0,45059
"8169";"Norge";"51860218";"5186";9;"Jente";"VGS";65,704;-0,05765
"8170";"Norge";"51860219";"5186";9;"Jente";"Høyere utdanning";65,704;1,68152
"8171";"Norge";"51860220";"5186";9;"Jente";"Høyere utdanning";65,704;0,64211
"8172";"Norge";"51860221";"5186";9;"Jente";"Kort utdanning";65,704;0,64586
"8173";"Norge";"51860222";"5186";9;"Gutt";"Ungdomsskole";65,704;0,50591
"8174";"Norge";"51860401";"5186";9;"Jente";"Høyere utdanning";65,704;1,03773
"8175";"Norge";"51860402";"5186";9;"Jente";"Høyere utdanning";52,66245;1,06572
"8176";"Norge";"51860403";"5186";9;"Jente";"VGS";65,704;0,8418
"8177";"Norge";"51860405";"5186";9;"Gutt";"Høyere utdanning";37,63793;0,44617
"8178";"Norge";"51860406";"5186";9;"Gutt";"VGS";65,704;0,58613
"8179";"Norge";"51860407";"5186";9;"Gutt";"Høyere utdanning";57,13913;1,56956
"8180";"Norge";"51860409";"5186";9;"Gutt";"Høyere utdanning";40,85939;0,72608
"8181";"Norge";"51860410";"5186";9;"Jente";"Høyere utdanning";65,704;0,14269
"8182";"Norge";"51860411";"5186";9;"Jente";"Høyere utdanning";65,704;-0,16961
"8183";"Norge";"51860412";"5186";9;"Jente";"Høyere utdanning";65,704;0,36595
"8184";"Norge";"51860413";"5186";9;"Gutt";"Høyere utdanning";39,20663;0,19051
"8185";"Norge";"51860414";"5186";9;"Gutt";"Ungdomsskole";49,42491;0,95376
"8186";"Norge";"51860415";"5186";9;"Jente";"Høyere utdanning";50,88429;0,92302
"8187";"Norge";"51860418";"5186";9;"Jente";"Ungdomsskole";65,704;0,3622
"8188";"Norge";"51860419";"5186";9;"Jente";"Ungdomsskole";57,13913;-0,6168
"8189";"Norge";"51860420";"5186";9;"Gutt";"VGS";37,63793;-1,45961
"8190";"Norge";"51860421";"5186";9;"Gutt";"Ungdomsskole";39,20663;1,03773
"8191";"Norge";"51860423";"5186";9;"Gutt";"Kort utdanning";40,85939;-0,08498
"8192";"Norge";"51860424";"5186";9;"Gutt";"Høyere utdanning";42,6371;0,95376
"8193";"Norge";"51860425";"5186";9;"Jente";"Høyere utdanning";46,81653;1,25791
"8194";"Norge";"51860426";"5186";9;"Jente";"Høyere utdanning";65,704;0,19051
"8195";"Norge";"51870201";"5187";9;"Gutt";"VGS";49,42491;0,41818
"8196";"Norge";"51870202";"5187";9;"Jente";"Høyere utdanning";40,85939;-0,02591
"8197";"Norge";"51870203";"5187";9;"Jente";"Høyere utdanning";65,704;0,89778
"8198";"Norge";"51870205";"5187";9;"Gutt";"VGS";46,81653;0,53015
"8199";"Norge";"51870206";"5187";9;"Jente";"Kort utdanning";65,06482;-0,19319
"8200";"Norge";"51870209";"5187";9;"Gutt";"VGS";34,6202;-0,64854
"8201";"Norge";"51870210";"5187";9;"Gutt";"Høyere utdanning";39,20663;0,95376
"8202";"Norge";"51870212";"5187";9;"Jente";"Høyere utdanning";57,13913;0,36595
"8203";"Norge";"51870213";"5187";9;"Gutt";"Ungdomsskole";36,11853;-0,33756
"8204";"Norge";"51870216";"5187";9;"Gutt";"VGS";29,89724;0,8418
"8205";"Norge";"51870217";"5187";9;"Gutt";"VGS";57,13913;-1,20836
"8206";"Norge";"51870218";"5187";9;"Gutt";"Høyere utdanning";65,704;0,61412
"8207";"Norge";"51870219";"5187";9;"Annet";"Høyere utdanning";65,704;-0,61305
"8208";"Norge";"51870220";"5187";9;"Jente";"Kort utdanning";44,59585;-0,19319
"8209";"Norge";"51870221";"5187";9;"Jente";"Høyere utdanning";65,704;0,33421
"8210";"Norge";"51870401";"5187";9;"Jente";"Høyere utdanning";65,704;-2,41064
"8211";"Norge";"51870402";"5187";9;"Jente";"Høyere utdanning";65,704;-1,00801
"8212";"Norge";"51870404";"5187";9;"Jente";"Høyere utdanning";65,704;0,50216
"8213";"Norge";"51870405";"5187";9;"Jente";"Høyere utdanning";65,704;0,72983
"8214";"Norge";"51870406";"5187";9;"Gutt";"Høyere utdanning";65,704;0,70184
"8215";"Norge";"51870407";"5187";9;"Gutt";"VGS";40,85939;-2,02318
"8216";"Norge";"51870409";"5187";9;"Gutt";"Ungdomsskole";65,704;-1,37189
"8217";"Norge";"51870410";"5187";9;"Gutt";"Høyere utdanning";49,42491;-1,23569
"8218";"Norge";"51870411";"5187";9;"Jente";"Kort utdanning";65,704;-0,39288
"8219";"Norge";"51870412";"5187";9;"Jente";"Høyere utdanning";65,704;-1,01684
"8220";"Norge";"51870413";"5187";9;"Gutt";"VGS";33,11239;0,50591
"8221";"Norge";"51870414";"5187";9;"Jente";"Kort utdanning";65,704;-1,3439
"8222";"Norge";"51870415";"5187";9;"Gutt";"VGS";65,704;-1,48385
"8223";"Norge";"51870416";"5187";9;"Gutt";"VGS";49,42491;0,53015
"8224";"Norge";"51870417";"5187";9;"Jente";"Høyere utdanning";52,66245;0,33796
"8225";"Norge";"51870419";"5187";9;"Jente";"Høyere utdanning";65,704;-0,22559
"8226";"Norge";"51870420";"5187";9;"Jente";"Høyere utdanning";65,704;-0,05765
"8227";"Norge";"51890201";"5189";9;"Jente";"Høyere utdanning";65,704;1,56956
"8228";"Norge";"51890202";"5189";9;"Gutt";"Høyere utdanning";65,704;0,98175
"8229";"Norge";"51890203";"5189";9;"Jente";"Kort utdanning";65,704;0,11095
"8230";"Norge";"51890204";"5189";9;"Jente";"Kort utdanning";65,704;-0,47685
"8231";"Norge";"51890205";"5189";9;"Jente";"Høyere utdanning";65,704;1,68152
"8232";"Norge";"51890206";"5189";9;"Jente";"Høyere utdanning";65,704;0,86604
"8233";"Norge";"51890210";"5189";9;"Gutt";"Kort utdanning";43,58085;0,53015
"8234";"Norge";"51890211";"5189";9;"Gutt";"Høyere utdanning";46,81653;1,17769
"8235";"Norge";"51890213";"5189";9;"Jente";"Kort utdanning";65,704;0,28264
"8236";"Norge";"51890214";"5189";9;"Jente";"Høyere utdanning";65,704;1,17769
"8237";"Norge";"51890217";"5189";9;"Jente";"Høyere utdanning";65,704;-0,22493
"8238";"Norge";"51890218";"5189";9;"Gutt";"VGS";40,85939;-0,2765
"8239";"Norge";"51890219";"5189";9;"Jente";"Høyere utdanning";46,81653;0,50591
"8240";"Norge";"51890401";"5189";9;"Gutt";"Høyere utdanning";65,704;1,68152
"8241";"Norge";"51890402";"5189";9;"Jente";"VGS";65,704;0,8418
"8242";"Norge";"51890403";"5189";9;"Gutt";"Høyere utdanning";40,85939;0,81381
"8243";"Norge";"51890405";"5189";9;"Jente";"Høyere utdanning";65,704;1,56956
"8244";"Norge";"51890406";"5189";9;"Jente";"Høyere utdanning";65,704;0,27823
"8245";"Norge";"51890407";"5189";9;"Gutt";"VGS";42,6371;-0,30957
"8246";"Norge";"51890408";"5189";9;"Gutt";"Høyere utdanning";42,6371;0,24649
"8247";"Norge";"51890409";"5189";9;"Jente";"Kort utdanning";65,704;-1,82724
"8248";"Norge";"51890410";"5189";9;"Gutt";"Høyere utdanning";65,704;0,8418
"8249";"Norge";"51890411";"5189";9;"Jente";"Ungdomsskole";65,704;1,00974
"8250";"Norge";"51890412";"5189";9;"Jente";"Høyere utdanning";40,85939;0,55814
"8251";"Norge";"51890413";"5189";9;"Jente";"Høyere utdanning";65,704;1,03773
"8252";"Norge";"51890415";"5189";9;"Gutt";"Kort utdanning";46,81653;-0,68029
"8253";"Norge";"51890416";"5189";9;"Jente";"Kort utdanning";65,704;0,30622
"8254";"Norge";"51890417";"5189";9;"Gutt";"VGS";42,6371;1,14969
"8255";"Norge";"51890418";"5189";9;"Jente";"Høyere utdanning";65,704;0,64586
"8256";"Norge";"51890419";"5189";9;"Gutt";"Høyere utdanning";49,42491;1,56956
"8257";"Norge";"51890420";"5189";9;"Gutt";"Høyere utdanning";65,704;0,67385
"8258";"Norge";"51890421";"5189";9;"Gutt";"Høyere utdanning";15,93837;-0,05765
"8259";"Norge";"51890423";"5189";9;"Gutt";"Høyere utdanning";37,63793;-0,26109
"8260";"Norge";"51890424";"5189";9;"Jente";"Høyere utdanning";65,704;0,50216
"8261";"Norge";"51890425";"5189";9;"Jente";"Høyere utdanning";65,704;0,86979
"8262";"Norge";"51890426";"5189";9;"Gutt";"Høyere utdanning";42,6371;1,68152
"8263";"Norge";"51900102";"5190";9;"Jente";"Høyere utdanning";57,13913;-0,13787
"8264";"Norge";"51900103";"5190";9;"Jente";"Ungdomsskole";65,704;1,03773
"8265";"Norge";"51900104";"5190";9;"Jente";"Kort utdanning";65,704;0,78581
"8266";"Norge";"51900106";"5190";9;"Jente";"Kort utdanning";65,704;0,53456
"8267";"Norge";"51900107";"5190";9;"Jente";"Høyere utdanning";65,704;0,47417
"8268";"Norge";"51900108";"5190";9;"Jente";"Høyere utdanning";65,704;0,95376
"8269";"Norge";"51900109";"5190";9;"Jente";"Høyere utdanning";65,704;0,50591
"8270";"Norge";"51900110";"5190";9;"Jente";"Høyere utdanning";57,13913;-0,48126
"8271";"Norge";"51900111";"5190";9;"Gutt";"Høyere utdanning";57,13913;1,56956
"8272";"Norge";"51900112";"5190";9;"Gutt";"Høyere utdanning";39,20663;1,68152
"8273";"Norge";"51900113";"5190";9;"Jente";"Høyere utdanning";65,704;0,30247
"8274";"Norge";"51900114";"5190";9;"Jente";"Høyere utdanning";65,704;1,03773
"8275";"Norge";"51900115";"5190";9;"Jente";"Høyere utdanning";44,59585;1,14969
"8276";"Norge";"51900116";"5190";9;"Jente";"Kort utdanning";65,704;0,16252
"8277";"Norge";"51900117";"5190";9;"Jente";"Høyere utdanning";65,704;0,64211
"8278";"Norge";"51900118";"5190";9;"Gutt";"Høyere utdanning";65,704;1,4296
"8279";"Norge";"51900119";"5190";9;"Jente";"Kort utdanning";65,704;0,55814
"8280";"Norge";"51900120";"5190";9;"Jente";"Kort utdanning";65,704;0,58988
"8281";"Norge";"51900121";"5190";9;"Jente";"Høyere utdanning";65,704;1,56956
"8282";"Norge";"51900123";"5190";9;"Jente";"Høyere utdanning";65,704;1,09371
"8283";"Norge";"51900124";"5190";9;"Gutt";"Høyere utdanning";37,63793;0,41818
"8284";"Norge";"51900126";"5190";9;"Gutt";"Høyere utdanning";40,85939;1,64415
"8285";"Norge";"51900127";"5190";9;"Gutt";"Høyere utdanning";65,704;0,58613
"8286";"Norge";"51900128";"5190";9;"Gutt";"Høyere utdanning";42,6371;-0,28158
"8287";"Norge";"51900401";"5190";9;"Jente";"Høyere utdanning";65,704;1,03773
"8288";"Norge";"51900402";"5190";9;"Jente";"Høyere utdanning";65,704;0,72608
"8289";"Norge";"51900403";"5190";9;"Gutt";"Høyere utdanning";65,704;1,56956
"8290";"Norge";"51900404";"5190";9;"Jente";"Høyere utdanning";65,704;-0,31707
"8291";"Norge";"51900405";"5190";9;"Jente";"VGS";65,704;1,03773
"8292";"Norge";"51900407";"5190";9;"Jente";"Ungdomsskole";65,704;1,25791
"8293";"Norge";"51900408";"5190";9;"Gutt";"Høyere utdanning";37,63793;0,06047
"8294";"Norge";"51900409";"5190";9;"Jente";"VGS";57,13913;1,1217
"8295";"Norge";"51900410";"5190";9;"Gutt";"Høyere utdanning";49,42491;1,14594
"8296";"Norge";"51900411";"5190";9;"Gutt";"Høyere utdanning";65,704;0,44993
"8297";"Norge";"51900412";"5190";9;"Jente";"Høyere utdanning";65,704;0,1147
"8298";"Norge";"51900413";"5190";9;"Gutt";"Kort utdanning";52,66245;0,14269
"8299";"Norge";"51900414";"5190";9;"Gutt";"Ungdomsskole";65,704;0,59054
"8300";"Norge";"51900415";"5190";9;"Jente";"Høyere utdanning";65,704;0,78581
"8301";"Norge";"51900416";"5190";9;"Gutt";"Høyere utdanning";52,66245;1,56956
"8302";"Norge";"51900417";"5190";9;"Gutt";"Høyere utdanning";57,13913;0,39019
"8303";"Norge";"51900418";"5190";9;"Jente";"Høyere utdanning";65,704;1,56956
"8304";"Norge";"51900419";"5190";9;"Annet";"Ungdomsskole";39,20663;-1,93921
"8305";"Norge";"51900420";"5190";9;"Jente";"VGS";65,704;1,34563
"8306";"Norge";"51900421";"5190";9;"Gutt";"Høyere utdanning";52,66245;1,31764
"8307";"Norge";"51900422";"5190";9;"Gutt";"Ungdomsskole";33,11239;1,56956
"8308";"Norge";"51900423";"5190";9;"Gutt";"Høyere utdanning";65,704;1,14969
"8309";"Norge";"51900424";"5190";9;"Gutt";"Høyere utdanning";46,81653;1,03773
"8310";"Norge";"51900425";"5190";9;"Jente";"Høyere utdanning";65,704;-0,08564
"8311";"Norge";"51900426";"5190";9;"Jente";"Høyere utdanning";65,704;0,64586
"8312";"Norge";"51900427";"5190";9;"Jente";"Høyere utdanning";65,704;1,14594
"8313";"Norge";"51900428";"5190";9;"Jente";"Høyere utdanning";52,66245;0,50591
"8314";"Norge";"51900429";"5190";9;"Gutt";"Høyere utdanning";52,66245;1,09371
"8315";"Norge";"51900430";"5190";9;"Gutt";"Høyere utdanning";49,42491;1,31764
"8316";"Norge";"51910303";"5191";9;"Jente";"Høyere utdanning";65,704;0,44993
"8317";"Norge";"51910304";"5191";9;"Jente";"Høyere utdanning";65,704;-2,38121
"8318";"Norge";"51910306";"5191";9;"Jente";"Kort utdanning";65,704;-0,05765
"8319";"Norge";"51910307";"5191";9;"Gutt";"VGS";42,6371;-1,87948
"8320";"Norge";"51910308";"5191";9;"Gutt";"VGS";44,59585;-0,6168
"8321";"Norge";"51910309";"5191";9;"Jente";"Høyere utdanning";65,704;-0,05765
"8322";"Norge";"51910310";"5191";9;"Gutt";"Ungdomsskole";39,20663;0,47417
"8323";"Norge";"51910311";"5191";9;"Gutt";"Høyere utdanning";65,704;-0,00542
"8324";"Norge";"51910312";"5191";9;"Jente";"Ungdomsskole";40,85939;-0,11363
"8325";"Norge";"51910313";"5191";9;"Jente";"Kort utdanning";65,704;0,70184
"8326";"Norge";"51910314";"5191";9;"Jente";"Høyere utdanning";65,704;1,00974
"8327";"Norge";"51910315";"5191";9;"Jente";"Kort utdanning";65,704;-0,67278
"8328";"Norge";"51910316";"5191";9;"Gutt";"Høyere utdanning";46,25673;-0,05765
"8329";"Norge";"51910317";"5191";9;"Gutt";"Kort utdanning";57,13913;-0,6168
"8330";"Norge";"51910318";"5191";9;"Jente";"Høyere utdanning";65,704;0,72983
"8331";"Norge";"51910319";"5191";9;"Gutt";"Ungdomsskole";49,42491;-1,9068
"8332";"Norge";"51910320";"5191";9;"Jente";"Høyere utdanning";52,66245;1,31764
"8333";"Norge";"51910321";"5191";9;"Gutt";"Høyere utdanning";49,42491;-0,31707
"8334";"Norge";"51910322";"5191";9;"Gutt";"Høyere utdanning";39,20663;0,56189
"8335";"Norge";"51910323";"5191";9;"Gutt";"Kort utdanning";40,85939;-0,74551
"8336";"Norge";"51910324";"5191";9;"Gutt";"Kort utdanning";65,704;-0,44952
"8337";"Norge";"51910325";"5191";9;"Jente";"Høyere utdanning";65,704;0,86979
"8338";"Norge";"51910326";"5191";9;"Gutt";"Ungdomsskole";39,20663;-0,20135
"8339";"Norge";"51910328";"5191";9;"Gutt";"Høyere utdanning";37,63793;0,10653
"8340";"Norge";"51910329";"5191";9;"Gutt";"VGS";40,85939;-1,71153
"8341";"Norge";"51910330";"5191";9;"Gutt";"Kort utdanning";37,63793;0,8418
"8342";"Norge";"51910332";"5191";9;"Gutt";"Ungdomsskole";65,704;-0,89671
"8343";"Norge";"51910502";"5191";9;"Gutt";"Høyere utdanning";49,42491;-0,75234
"8344";"Norge";"51910505";"5191";9;"Gutt";"VGS";65,704;0,22225
"8345";"Norge";"51910506";"5191";9;"Jente";"VGS";46,81653;-1,42787
"8346";"Norge";"51910507";"5191";9;"Gutt";"VGS";65,704;-1,15238
"8347";"Norge";"51910508";"5191";9;"Gutt";"VGS";49,42491;-1,11622
"8348";"Norge";"51910510";"5191";9;"Gutt";"Kort utdanning";37,63793;-0,53217
"8349";"Norge";"51910511";"5191";9;"Gutt";"Høyere utdanning";42,6371;0,28198
"8350";"Norge";"51910512";"5191";9;"Gutt";"Høyere utdanning";49,42491;-0,34131
"8351";"Norge";"51910513";"5191";9;"Jente";"Kort utdanning";65,704;-1,32407
"8352";"Norge";"51910515";"5191";9;"Jente";"Høyere utdanning";49,42491;0,41818
"8353";"Norge";"51910516";"5191";9;"Gutt";"Kort utdanning";65,704;-1,7955
"8354";"Norge";"51910517";"5191";9;"Gutt";"Kort utdanning";42,6371;0,25465
"8355";"Norge";"51910518";"5191";9;"Gutt";"Høyere utdanning";40,85939;0,55814
"8356";"Norge";"51910519";"5191";9;"Jente";"VGS";65,704;0,33046
"8357";"Norge";"51910520";"5191";9;"Gutt";"VGS";65,704;0,41818
"8358";"Norge";"51910521";"5191";9;"Gutt";"Kort utdanning";40,85939;0,24649
"8359";"Norge";"51910522";"5191";9;"Jente";"Høyere utdanning";52,66245;-0,25292
"8360";"Norge";"51910523";"5191";9;"Jente";"Høyere utdanning";65,704;1,31668
"8361";"Norge";"51910524";"5191";9;"Gutt";"VGS";37,63793;0,25024
"8362";"Norge";"51910526";"5191";9;"Jente";"Kort utdanning";49,42491;-0,72877
"8363";"Norge";"51910529";"5191";9;"Jente";"Høyere utdanning";57,13913;-1,42787
"8364";"Norge";"51920101";"5192";9;"Jente";"Høyere utdanning";49,42491;0,8418
"8365";"Norge";"51920102";"5192";9;"Gutt";"VGS";36,11853;-0,05765
"8366";"Norge";"51920103";"5192";9;"Jente";"Høyere utdanning";65,704;-1,20836
"8367";"Norge";"51920104";"5192";9;"Gutt";"Høyere utdanning";57,13913;1,00974
"8368";"Norge";"51920105";"5192";9;"Jente";"VGS";36,11853;0,36595
"8369";"Norge";"51920106";"5192";9;"Annet";"VGS";37,63793;-1,49202
"8370";"Norge";"51920108";"5192";9;"Gutt";"VGS";42,6371;-0,45327
"8371";"Norge";"51920109";"5192";9;"Jente";"Høyere utdanning";65,704;0,19051
"8372";"Norge";"51920110";"5192";9;"Gutt";"Høyere utdanning";65,704;0,30622
"8373";"Norge";"51920111";"5192";9;"Gutt";"VGS";40,85939;-0,82024
"8374";"Norge";"51920112";"5192";9;"Jente";"Høyere utdanning";65,704;0,50591
"8375";"Norge";"51920113";"5192";9;"Jente";"Høyere utdanning";57,13913;0,39394
"8376";"Norge";"51920114";"5192";9;"Jente";"Kort utdanning";57,13913;-0,07695
"8377";"Norge";"51920115";"5192";9;"Gutt";"VGS";42,6371;-0,25734
"8378";"Norge";"51920120";"5192";9;"Jente";"Høyere utdanning";62,87645;-1,09198
"8379";"Norge";"51920121";"5192";9;"Gutt";"VGS";49,42491;-0,00542
"8380";"Norge";"51920122";"5192";9;"Jente";"Høyere utdanning";65,704;1,09371
"8381";"Norge";"51920123";"5192";9;"Jente";"Høyere utdanning";65,704;0,61412
"8382";"Norge";"51920124";"5192";9;"Jente";"Høyere utdanning";65,704;-0,05765
"8383";"Norge";"51920126";"5192";9;"Jente";"Høyere utdanning";65,704;0,27823
"8384";"Norge";"51920127";"5192";9;"Jente";"Høyere utdanning";65,704;-0,00542
"8385";"Norge";"51920129";"5192";9;"Jente";"Høyere utdanning";65,704;0,29397
"8386";"Norge";"51920202";"5192";9;"Jente";"Kort utdanning";46,81653;0,41818
"8387";"Norge";"51920203";"5192";9;"Jente";"Kort utdanning";42,6371;1,00974
"8388";"Norge";"51920204";"5192";9;"Gutt";"Høyere utdanning";52,66245;0,64586
"8389";"Norge";"51920206";"5192";9;"Jente";"Høyere utdanning";65,704;0,53015
"8390";"Norge";"51920207";"5192";9;"Jente";"Ungdomsskole";46,81653;-2,29867
"8391";"Norge";"51920208";"5192";9;"Gutt";"Høyere utdanning";57,13913;0,41818
"8392";"Norge";"51920209";"5192";9;"Gutt";"Høyere utdanning";57,13913;0,8418
"8393";"Norge";"51920210";"5192";9;"Gutt";"Høyere utdanning";65,704;1,56956
"8394";"Norge";"51920211";"5192";9;"Jente";"VGS";52,66245;-1,28792
"8395";"Norge";"51920212";"5192";9;"Gutt";"Høyere utdanning";49,42491;0,19426
"8396";"Norge";"51920213";"5192";9;"Annet";"Kort utdanning";65,704;0,36662
"8397";"Norge";"51920214";"5192";9;"Gutt";"VGS";49,42491;0,81381
"8398";"Norge";"51920215";"5192";9;"Jente";"Høyere utdanning";65,704;0,41818
"8399";"Norge";"51920216";"5192";9;"Jente";"Kort utdanning";65,704;-1,32032
"8400";"Norge";"51920217";"5192";9;"Gutt";"VGS";57,13913;-0,36489
"8401";"Norge";"51920218";"5192";9;"Gutt";"VGS";52,66245;-0,70011
"8402";"Norge";"51920219";"5192";9;"Gutt";"VGS";37,63793;-2,01943
"8403";"Norge";"51920220";"5192";9;"Jente";"VGS";65,704;0,44993
"8404";"Norge";"51920221";"5192";9;"Jente";"Kort utdanning";65,704;1,00974
"8405";"Norge";"51920222";"5192";9;"Gutt";"VGS";22,5882;-0,03341
"8406";"Norge";"51920224";"5192";9;"Jente";"Høyere utdanning";65,704;0,95376
"8407";"Norge";"51920225";"5192";9;"Gutt";"Ungdomsskole";28,03514;0,30622
"8408";"Norge";"51920226";"5192";9;"Jente";"Høyere utdanning";65,704;-0,08939
"8409";"Norge";"51920227";"5192";9;"Gutt";"Høyere utdanning";65,704;0,95376
"8410";"Norge";"51920228";"5192";9;"Gutt";"VGS";52,66245;0,50657
"8411";"Norge";"51930201";"5193";9;"Jente";"Høyere utdanning";57,13913;-0,64854
"8412";"Norge";"51930202";"5193";9;"Gutt";"VGS";42,6371;-0,64104
"8413";"Norge";"51930203";"5193";9;"Gutt";"Kort utdanning";52,66245;0,30622
"8414";"Norge";"51930204";"5193";9;"Jente";"Høyere utdanning";65,704;0,75407
"8415";"Norge";"51930208";"5193";9;"Gutt";"Ungdomsskole";65,704;0,98175
"8416";"Norge";"51930209";"5193";9;"Gutt";"Høyere utdanning";65,704;-0,3089
"8417";"Norge";"51930210";"5193";9;"Jente";"Høyere utdanning";49,42491;-0,20135
"8418";"Norge";"51930211";"5193";9;"Gutt";"Ungdomsskole";57,13913;0,30622
"8419";"Norge";"51930212";"5193";9;"Gutt";"Kort utdanning";46,81653;-1,17971
"8420";"Norge";"51930214";"5193";9;"Jente";"Høyere utdanning";65,704;0,86979
"8421";"Norge";"51930215";"5193";9;"Gutt";"Høyere utdanning";46,81653;0,98175
"8422";"Norge";"51930216";"5193";9;"Gutt";"Høyere utdanning";65,704;0,72608
"8423";"Norge";"51930218";"5193";9;"Gutt";"VGS";57,13913;-1,48385
"8424";"Norge";"51930219";"5193";9;"Gutt";"Høyere utdanning";52,66245;0,8418
"8425";"Norge";"51930220";"5193";9;"Jente";"Høyere utdanning";65,704;0,98175
"8426";"Norge";"51930221";"5193";9;"Gutt";"Høyere utdanning";65,704;-1,036
"8427";"Norge";"51930222";"5193";9;"Jente";"Ungdomsskole";65,704;0,62236
"8428";"Norge";"51930223";"5193";9;"Gutt";"Høyere utdanning";52,66245;1,56956
"8429";"Norge";"51930501";"5193";9;"Jente";"Kort utdanning";65,704;-0,72877
"8430";"Norge";"51930503";"5193";9;"Jente";"VGS";52,66245;0,50591
"8431";"Norge";"51930504";"5193";9;"Gutt";"Kort utdanning";57,13913;-0,19694
"8432";"Norge";"51930505";"5193";9;"Gutt";"Høyere utdanning";37,63793;0,47417
"8433";"Norge";"51930507";"5193";9;"Jente";"Ungdomsskole";46,81653;-0,90487
"8434";"Norge";"51930508";"5193";9;"Jente";"Høyere utdanning";65,704;-0,05765
"8435";"Norge";"51930509";"5193";9;"Gutt";"Høyere utdanning";65,704;-2,77452
"8436";"Norge";"51930510";"5193";9;"Gutt";"Høyere utdanning";42,6371;0,32671
"8437";"Norge";"51930511";"5193";9;"Jente";"Kort utdanning";57,13913;-0,05765
"8438";"Norge";"51930512";"5193";9;"Gutt";"Høyere utdanning";37,63793;0,89778
"8439";"Norge";"51930513";"5193";9;"Gutt";"Kort utdanning";42,6371;-0,05324
"8440";"Norge";"51930515";"5193";9;"Gutt";"Ungdomsskole";40,85939;0,95376
"8441";"Norge";"51930516";"5193";9;"Annet";"VGS";28,03514;-1,15679
"8442";"Norge";"51930517";"5193";9;"Gutt";"VGS";65,704;0,07436
"8443";"Norge";"51930519";"5193";9;"Gutt";"VGS";44,59585;-1,06465
"8444";"Norge";"51930520";"5193";9;"Jente";"Høyere utdanning";65,704;0,55814
"8445";"Norge";"51930522";"5193";9;"Gutt";"Kort utdanning";65,704;0,89778
"8446";"Norge";"51930523";"5193";9;"Jente";"Høyere utdanning";65,704;0,41818
"8447";"Norge";"51930525";"5193";9;"Gutt";"VGS";49,42491;0,36595
"8448";"Norge";"51930526";"5193";9;"Jente";"Høyere utdanning";65,704;0,95376
"8449";"Norge";"51930528";"5193";9;"Annet";"Ungdomsskole";65,704;1,06572
"8450";"Norge";"51940201";"5194";9;"Gutt";"Høyere utdanning";37,63793;0,33796
"8451";"Norge";"51940204";"5194";9;"Jente";"Ungdomsskole";65,704;-0,81208
"8452";"Norge";"51940205";"5194";9;"Jente";"Ungdomsskole";39,20663;-0,19319
"8453";"Norge";"51940208";"5194";9;"Gutt";"Kort utdanning";65,704;0,81005
"8454";"Norge";"51940209";"5194";9;"Annet";"Høyere utdanning";65,704;0,1147
"8455";"Norge";"51940210";"5194";9;"Jente";"Høyere utdanning";65,704;1,06572
"8456";"Norge";"51940211";"5194";9;"Jente";"Høyere utdanning";65,704;-1,53984
"8457";"Norge";"51940213";"5194";9;"Gutt";"Høyere utdanning";57,13913;0,96638
"8458";"Norge";"51940214";"5194";9;"Gutt";"VGS";44,59585;-1,08823
"8459";"Norge";"51940215";"5194";9;"Gutt";"Kort utdanning";65,704;0,8418
"8460";"Norge";"51940217";"5194";9;"Jente";"VGS";65,704;0,36595
"8461";"Norge";"51940218";"5194";9;"Gutt";"Ungdomsskole";42,6371;-0,89163
"8462";"Norge";"51940219";"5194";9;"Jente";"Ungdomsskole";37,63793;-0,08498
"8463";"Norge";"51940221";"5194";9;"Jente";"VGS";65,704;-0,9247
"8464";"Norge";"51940222";"5194";9;"Gutt";"Ungdomsskole";37,63793;-0,3618
"8465";"Norge";"51940223";"5194";9;"Gutt";"Høyere utdanning";65,704;0,72983
"8466";"Norge";"51940224";"5194";9;"Jente";"Ungdomsskole";65,704;0,19867
"8467";"Norge";"51940225";"5194";9;"Annet";"Kort utdanning";40,85939;-0,43567
"8468";"Norge";"51940227";"5194";9;"Gutt";"Ungdomsskole";34,6202;0,46107
"8469";"Norge";"51940228";"5194";9;"Annet";"VGS";49,42491;1,09371
"8470";"Norge";"51940401";"5194";9;"Jente";"Kort utdanning";65,704;-1,62756
"8471";"Norge";"51940402";"5194";9;"Gutt";"VGS";57,13913;-1,14001
"8472";"Norge";"51940404";"5194";9;"Jente";"Høyere utdanning";65,704;0,33796
"8473";"Norge";"51940405";"5194";9;"Gutt";"Ungdomsskole";65,704;0,95376
"8474";"Norge";"51940406";"5194";9;"Jente";"Ungdomsskole";65,704;0,30622
"8475";"Norge";"51940408";"5194";9;"Jente";"Høyere utdanning";65,704;0,07854
"8476";"Norge";"51940409";"5194";9;"Gutt";"Ungdomsskole";42,6371;-1,85892
"8477";"Norge";"51940411";"5194";9;"Jente";"Høyere utdanning";40,85939;0,16627
"8478";"Norge";"51940412";"5194";9;"Jente";"VGS";57,13913;0,78581
"8479";"Norge";"51940413";"5194";9;"Gutt";"Høyere utdanning";37,63793;-0,56523
"8480";"Norge";"51940414";"5194";9;"Jente";"VGS";65,704;-0,4689
"8481";"Norge";"51940415";"5194";9;"Gutt";"VGS";65,704;-0,90112
"8482";"Norge";"51940418";"5194";9;"Gutt";"Ungdomsskole";37,63793;-2,16442
"8483";"Norge";"51940420";"5194";9;"Jente";"Kort utdanning";65,704;0,89778
"8484";"Norge";"51940421";"5194";9;"Gutt";"Ungdomsskole";65,704;1,0308
"8485";"Norge";"51940422";"5194";9;"Gutt";"Ungdomsskole";37,63793;-0,47751
"8486";"Norge";"51940423";"5194";9;"Gutt";"Høyere utdanning";37,63793;0,10653
"8487";"Norge";"51940426";"5194";9;"Gutt";"Kort utdanning";42,6371;-1,35206
"8488";"Norge";"51950201";"5195";9;"Jente";"Høyere utdanning";65,704;0,89778
"8489";"Norge";"51950202";"5195";9;"Gutt";"Høyere utdanning";65,704;-0,22934
"8490";"Norge";"51950203";"5195";9;"Gutt";"Ungdomsskole";52,66245;-0,44511
"8491";"Norge";"51950204";"5195";9;"Jente";"Høyere utdanning";65,704;1,68152
"8492";"Norge";"51950205";"5195";9;"Jente";"Kort utdanning";65,704;-1,4876
"8493";"Norge";"51950206";"5195";9;"Gutt";"VGS";42,6371;-1,15238
"8494";"Norge";"51950207";"5195";9;"Jente";"Høyere utdanning";65,704;0,86979
"8495";"Norge";"51950208";"5195";9;"Jente";"Kort utdanning";65,704;-0,64854
"8496";"Norge";"51950209";"5195";9;"Jente";"Kort utdanning";65,704;0,47278
"8497";"Norge";"51950210";"5195";9;"Annet";"Kort utdanning";49,42491;-0,36113
"8498";"Norge";"51950211";"5195";9;"Gutt";"Kort utdanning";40,85939;0,08229
"8499";"Norge";"51950212";"5195";9;"Gutt";"Kort utdanning";44,59585;1,03773
"8500";"Norge";"51950213";"5195";9;"Jente";"Høyere utdanning";65,704;0,47417
"8501";"Norge";"51950214";"5195";9;"Jente";"Høyere utdanning";65,704;0,86979
"8502";"Norge";"51950215";"5195";9;"Gutt";"VGS";37,63793;-1,59957
"8503";"Norge";"51950216";"5195";9;"Gutt";"Høyere utdanning";65,704;-0,75609
"8504";"Norge";"51950217";"5195";9;"Gutt";"Høyere utdanning";65,704;0,61412
"8505";"Norge";"51950218";"5195";9;"Gutt";"Ungdomsskole";57,13913;-0,45567
"8506";"Norge";"51950219";"5195";9;"Gutt";"VGS";37,63793;-1,90372
"8507";"Norge";"51950220";"5195";9;"Jente";"Høyere utdanning";65,704;1,14969
"8508";"Norge";"51950222";"5195";9;"Gutt";"Ungdomsskole";49,42491;-1,06774
"8509";"Norge";"51950223";"5195";9;"Jente";"Høyere utdanning";65,704;0,8418
"8510";"Norge";"51950224";"5195";9;"Jente";"Kort utdanning";65,704;0,67385
"8511";"Norge";"51950225";"5195";9;"Jente";"Høyere utdanning";65,704;0,3622
"8512";"Norge";"51950226";"5195";9;"Gutt";"Høyere utdanning";28,03514;0,86979
"8513";"Norge";"51950227";"5195";9;"Gutt";"Høyere utdanning";44,59585;0,47417
"8514";"Norge";"51950228";"5195";9;"Gutt";"Høyere utdanning";34,6202;-0,20135
"8515";"Norge";"51950229";"5195";9;"Gutt";"Høyere utdanning";65,704;-1,71153
"8516";"Norge";"51950401";"5195";9;"Jente";"Kort utdanning";65,704;-0,56016
"8517";"Norge";"51950403";"5195";9;"Gutt";"Kort utdanning";40,85939;0,8418
"8518";"Norge";"51950404";"5195";9;"Jente";"Høyere utdanning";65,704;0,22225
"8519";"Norge";"51950405";"5195";9;"Jente";"Ungdomsskole";65,704;0,89778
"8520";"Norge";"51950406";"5195";9;"Jente";"Høyere utdanning";57,13913;1,17769
"8521";"Norge";"51950407";"5195";9;"Jente";"Høyere utdanning";65,704;-0,05765
"8522";"Norge";"51950408";"5195";9;"Gutt";"VGS";37,63793;-0,59698
"8523";"Norge";"51950412";"5195";9;"Gutt";"Kort utdanning";46,81653;-0,56457
"8524";"Norge";"51950413";"5195";9;"Jente";"Høyere utdanning";65,704;-0,76492
"8525";"Norge";"51950414";"5195";9;"Jente";"Ungdomsskole";52,66245;0,64211
"8526";"Norge";"51950415";"5195";9;"Jente";"Høyere utdanning";65,704;1,17769
"8527";"Norge";"51950416";"5195";9;"Gutt";"Høyere utdanning";65,704;0,67385
"8528";"Norge";"51950417";"5195";9;"Annet";"Høyere utdanning";44,59585;0,08229
"8529";"Norge";"51950418";"5195";9;"Gutt";"VGS";39,20663;-1,90125
"8530";"Norge";"51950419";"5195";9;"Gutt";"Høyere utdanning";57,13913;-0,36864
"8531";"Norge";"51950420";"5195";9;"Gutt";"Høyere utdanning";65,704;1,14969
"8532";"Norge";"51950421";"5195";9;"Jente";"Ungdomsskole";65,704;-0,22559
"8533";"Norge";"51950423";"5195";9;"Jente";"Kort utdanning";65,704;0,16693
"8534";"Norge";"51950424";"5195";9;"Gutt";"Høyere utdanning";65,704;1,14969
"8535";"Norge";"51950427";"5195";9;"Gutt";"Kort utdanning";49,42491;-1,35206
"8536";"Norge";"51950428";"5195";9;"Jente";"Høyere utdanning";65,704;1,31764
"8537";"Norge";"51950429";"5195";9;"Gutt";"VGS";37,63793;1,63294
"8538";"Norge";"51950430";"5195";9;"Jente";"Høyere utdanning";57,13913;0,13828
"8539";"Norge";"51970202";"5197";9;"Gutt";"Høyere utdanning";65,704;-1,33164
"8540";"Norge";"51970204";"5197";9;"Jente";"VGS";65,704;0,13828
"8541";"Norge";"51970206";"5197";9;"Jente";"Høyere utdanning";65,704;0,6701
"8542";"Norge";"51970208";"5197";9;"Jente";"Høyere utdanning";65,704;1,68152
"8543";"Norge";"51970209";"5197";9;"Jente";"Høyere utdanning";65,704;0,89778
"8544";"Norge";"51970210";"5197";9;"Jente";"Høyere utdanning";65,704;-0,00542
"8545";"Norge";"51970211";"5197";9;"Jente";"Høyere utdanning";65,704;0,41818
"8546";"Norge";"51970212";"5197";9;"Gutt";"Kort utdanning";39,20663;0,30622
"8547";"Norge";"51970214";"5197";9;"Jente";"VGS";65,704;0,16627
"8548";"Norge";"51970215";"5197";9;"Jente";"VGS";65,704;1,14153
"8549";"Norge";"51970217";"5197";9;"Jente";"Høyere utdanning";65,704;1,1217
"8550";"Norge";"51970218";"5197";9;"Gutt";"Høyere utdanning";40,85939;0,226
"8551";"Norge";"51970219";"5197";9;"Gutt";"VGS";57,13913;-1,30244
"8552";"Norge";"51970220";"5197";9;"Jente";"Høyere utdanning";65,704;1,25791
"8553";"Norge";"51970222";"5197";9;"Jente";"VGS";65,704;0,8418
"8554";"Norge";"51970223";"5197";9;"Gutt";"Høyere utdanning";65,704;0,95376
"8555";"Norge";"51970224";"5197";9;"Gutt";"VGS";46,25673;-0,49393
"8556";"Norge";"51970225";"5197";9;"Gutt";"Ungdomsskole";42,6371;0,13828
"8557";"Norge";"51970227";"5197";9;"Jente";"Høyere utdanning";65,704;1,14594
"8558";"Norge";"51970228";"5197";9;"Gutt";"Kort utdanning";49,42491;-1,04483
"8559";"Norge";"51970229";"5197";9;"Gutt";"Høyere utdanning";36,11853;0,89778
"8560";"Norge";"51970501";"5197";9;"Jente";"Ungdomsskole";65,704;0,08229
"8561";"Norge";"51970502";"5197";9;"Gutt";"VGS";44,59585;-0,30515
"8562";"Norge";"51970503";"5197";9;"Gutt";"Kort utdanning";42,6371;-1,92206
"8563";"Norge";"51970505";"5197";9;"Gutt";"Høyere utdanning";65,704;1,68152
"8564";"Norge";"51970506";"5197";9;"Jente";"Ungdomsskole";52,66245;-2,01943
"8565";"Norge";"51970507";"5197";9;"Jente";"Høyere utdanning";65,704;0,36595
"8566";"Norge";"51970508";"5197";9;"Jente";"Høyere utdanning";65,704;1,68152
"8567";"Norge";"51970509";"5197";9;"Jente";"Høyere utdanning";65,704;0,41068
"8568";"Norge";"51970510";"5197";9;"Jente";"Høyere utdanning";65,704;0,49841
"8569";"Norge";"51970511";"5197";9;"Gutt";"Kort utdanning";33,11239;1,59755
"8570";"Norge";"51970512";"5197";9;"Gutt";"Høyere utdanning";31,55703;-0,4771
"8571";"Norge";"51970514";"5197";9;"Gutt";"VGS";42,6371;0,95376
"8572";"Norge";"51970515";"5197";9;"Jente";"VGS";65,704;-1,62144
"8573";"Norge";"51970516";"5197";9;"Jente";"VGS";65,704;-2,48548
"8574";"Norge";"51970518";"5197";9;"Jente";"Kort utdanning";57,13913;-2,83425
"8575";"Norge";"51970519";"5197";9;"Annet";"Kort utdanning";58,18556;-0,80885
"8576";"Norge";"51970520";"5197";9;"Jente";"Høyere utdanning";57,13913;-0,05765
"8577";"Norge";"51970521";"5197";9;"Gutt";"Kort utdanning";46,81653;-0,6772
"8578";"Norge";"51970522";"5197";9;"Gutt";"Høyere utdanning";42,6371;-0,02796
"8579";"Norge";"51970523";"5197";9;"Jente";"Høyere utdanning";65,704;0,36595
"8580";"Norge";"51970524";"5197";9;"Gutt";"Høyere utdanning";65,704;0,69809
"8581";"Norge";"51970525";"5197";9;"Jente";"Høyere utdanning";65,704;-1,5156
"8582";"Norge";"51970526";"5197";9;"Jente";"Høyere utdanning";57,13913;0,36595
"8583";"Norge";"51970527";"5197";9;"Gutt";"VGS";65,704;0,36595
